codigo,descripcion,nivel,cuenta_balance,asiento_debe,asiento_haber,tipo,analisis,centro_costos,source_file,source_sheet,source_row
01,BIENES Y VALORES ENTREGADOS,1,,,,Orden,,,PLAN DE CUENTAS CONTASIS.xlsx,PLAN DE CUENTAS,2
011,"BIENES EN PRÉSTAMO, CUSTODIA Y NO CAPITALIZABLES",2,,,,Orden,,,PLAN DE CUENTAS CONTASIS.xlsx,PLAN DE CUENTAS,3
0111,BIENES EN PRESTAMO - Entregados,3,,,,Orden,Documentos,Sin centro de Costos,PLAN DE CUENTAS CONTASIS.xlsx,PLAN DE CUENTAS,4
0112,BIENES EN CUSTODIA - Entregados,3,,,,Orden,Documentos,Sin centro de Costos,PLAN DE CUENTAS CONTASIS.xlsx,PLAN DE CUENTAS,5
012,VALORES Y BIENES ENTREGADOS EN GARANTIA,2,,,,Orden,,,PLAN DE CUENTAS CONTASIS.xlsx,PLAN DE CUENTAS,6
0121,CARTAS FIANZA - Entregados en garantía,3,,,,Orden,Documentos,Sin centro de Costos,PLAN DE CUENTAS CONTASIS.xlsx,PLAN DE CUENTAS,7
0122,CUENTAS POR COBRAR - Entregados en garantía,3,,,,Orden,Documentos,Sin centro de Costos,PLAN DE CUENTAS CONTASIS.xlsx,PLAN DE CUENTAS,8
0123,EXISTENCIAS - Entregados en garantía,3,,,,Orden,Documentos,Sin centro de Costos,PLAN DE CUENTAS CONTASIS.xlsx,PLAN DE CUENTAS,9
0124,INVERSION MOBILIARIA - Entregados en garantía,3,,,,Orden,Documentos,Sin centro de Costos,PLAN DE CUENTAS CONTASIS.xlsx,PLAN DE CUENTAS,10
0125,INVERSION INMOBILIARIA - Entregados en garantía,3,,,,Orden,Documentos,Sin centro de Costos,PLAN DE CUENTAS CONTASIS.xlsx,PLAN DE CUENTAS,11
0126,"INMUEBLES, MAQUINARIA Y EQUIPO - Entregados en garantía",3,,,,Orden,Documentos,Sin centro de Costos,PLAN DE CUENTAS CONTASIS.xlsx,PLAN DE CUENTAS,12
0127,INTANGIBLES - Entregados en garantía,3,,,,Orden,Documentos,Sin centro de Costos,PLAN DE CUENTAS CONTASIS.xlsx,PLAN DE CUENTAS,13
0128,ACTIVOS BIOLOGICOS - Entregados en garantía,3,,,,Orden,Documentos,Sin centro de Costos,PLAN DE CUENTAS CONTASIS.xlsx,PLAN DE CUENTAS,14
013,ACTIVOS REALIZABLES ENTREGADOS EN CONSIGNACIÓN,2,,,,Activo,,,PLAN DE CUENTAS CONTASIS.xlsx,PLAN DE CUENTAS,15
0131,ACTIVOS REALIZABLES ENTREGADOS EN CONSIGNACIÓN,3,,,,Orden,Documentos,Sin centro de Costos,PLAN DE CUENTAS CONTASIS.xlsx,PLAN DE CUENTAS,16
02,DERECHOS SOBRE INSTRUMENTOS FINANCIEROS,1,,,,Orden,,,PLAN DE CUENTAS CONTASIS.xlsx,PLAN DE CUENTAS,17
021,PRIMARIOS - Derechos Sobre Instrumentos Financieros,2,,,,Orden,,,PLAN DE CUENTAS CONTASIS.xlsx,PLAN DE CUENTAS,18
0211,INVERSIONES MANTENIDAS PARA LA NEGOCIACIÓN - Primarios - Derechos Sobre Instrumentos Financieros,3,,,,Orden,Documentos,Sin centro de Costos,PLAN DE CUENTAS CONTASIS.xlsx,PLAN DE CUENTAS,19
0212,INVERSIONES DISPONIBLES PARA LA VENTA - Primarios - Derechos Sobre Instrumentos Financieros,3,,,,Orden,Documentos,Sin centro de Costos,PLAN DE CUENTAS CONTASIS.xlsx,PLAN DE CUENTAS,20
0213,INVERSIONES A SER MANTENIDAS HASTA EL VENCIMIENTO - Primarios - Derechos Sobre Instrumentos Financie,3,,,,Orden,Documentos,Sin centro de Costos,PLAN DE CUENTAS CONTASIS.xlsx,PLAN DE CUENTAS,21
022,DERIVADOS - Derechos Sobre Instrumentos Financieros,2,,,,Orden,,,PLAN DE CUENTAS CONTASIS.xlsx,PLAN DE CUENTAS,22
0221,CONTRATOS A FUTURO - Derivados - Derechos Sobre Instrumentos Financieros,3,,,,Orden,Documentos,Sin centro de Costos,PLAN DE CUENTAS CONTASIS.xlsx,PLAN DE CUENTAS,23
0222,CONTRATOS A TÉRMINO (FORWARD) - Derivados - Derechos Sobre Instrumentos Financieros,3,,,,Orden,Documentos,Sin centro de Costos,PLAN DE CUENTAS CONTASIS.xlsx,PLAN DE CUENTAS,24
0223,PERMUTAS FINANCIERAS (SWAP) - Derivados - Derechos Sobre Instrumentos Financieros,3,,,,Orden,Documentos,Sin centro de Costos,PLAN DE CUENTAS CONTASIS.xlsx,PLAN DE CUENTAS,25
0224,CONTRATOS DE OPCIÓN - Derivados - Derechos Sobre Instrumentos Financieros,3,,,,Orden,Documentos,Sin centro de Costos,PLAN DE CUENTAS CONTASIS.xlsx,PLAN DE CUENTAS,26
023,PERMUTAS FINANCIERAS (SWAP) - Derechos Sobre Instrumentos Financieros,2,,,,Orden,,,PLAN DE CUENTAS CONTASIS.xlsx,PLAN DE CUENTAS,27
03,OTRAS CUENTAS DE ORDEN DEUDORAS,1,,,,Orden,,,PLAN DE CUENTAS CONTASIS.xlsx,PLAN DE CUENTAS,28
031,CONTRATOS APROBADOS - Otras Cuentas de Orden Deudoras,2,,,,Orden,,,PLAN DE CUENTAS CONTASIS.xlsx,PLAN DE CUENTAS,29
0311,CONTRATOS EN EJECUCION - Aprobados - Otras Cuentas de Orden Deudoras,3,,,,Orden,Documentos,Sin centro de Costos,PLAN DE CUENTAS CONTASIS.xlsx,PLAN DE CUENTAS,30
0312,CONTRATOS EN TRAMITE - Aprobados - Otras Cuentas de Orden Deudoras,3,,,,Orden,Documentos,Sin centro de Costos,PLAN DE CUENTAS CONTASIS.xlsx,PLAN DE CUENTAS,31
032,BIENES DADOS DE BAJA - Otras Cuentas de Orden Deudoras,2,,,,Orden,,,PLAN DE CUENTAS CONTASIS.xlsx,PLAN DE CUENTAS,32
0321,SUMINISTROS - Dados de Baja - Otras Cuentas de Orden Deudoras,3,,,,Orden,Documentos,Sin centro de Costos,PLAN DE CUENTAS CONTASIS.xlsx,PLAN DE CUENTAS,33
0322,"INMUEBLES, MAQUINARIA Y EQUIPO - Dados de Baja - Otras Cuentas de Orden Deudoras",3,,,,Orden,Documentos,Sin centro de Costos,PLAN DE CUENTAS CONTASIS.xlsx,PLAN DE CUENTAS,34
039,DIVERSAS - Otras Cuentas de Orden Deudoras,2,,,,Orden,,,PLAN DE CUENTAS CONTASIS.xlsx,PLAN DE CUENTAS,35
0391,DIVERSAS - Otras Cuentas de Orden Deudoras,3,,,,Orden,Documentos,Sin centro de Costos,PLAN DE CUENTAS CONTASIS.xlsx,PLAN DE CUENTAS,36
04,CONTRAPARTIDAS CUENTAS DE ORDEN DEUDORAS,1,,,,Orden,,,PLAN DE CUENTAS CONTASIS.xlsx,PLAN DE CUENTAS,37
041,CONTRAPARTIDAS CUENTAS DE ORDEN DEUDORAS,2,,,,Orden,,,PLAN DE CUENTAS CONTASIS.xlsx,PLAN DE CUENTAS,38
0411,CONTRAPARTIDAS CUENTAS DE ORDEN DEUDORAS,3,,,,Orden,Ninguno,Sin centro de Costos,PLAN DE CUENTAS CONTASIS.xlsx,PLAN DE CUENTAS,39
06,BIENES Y VALORES RECIBIDOS,1,,,,Orden,,,PLAN DE CUENTAS CONTASIS.xlsx,PLAN DE CUENTAS,40
061,BIENES RECIBIDOS EN PRESTAMO Y CUSTODIA,2,,,,Orden,,,PLAN DE CUENTAS CONTASIS.xlsx,PLAN DE CUENTAS,41
0611,BIENES RECIBIDOS EN PRESTAMO,3,,,,Orden,Documentos,Sin centro de Costos,PLAN DE CUENTAS CONTASIS.xlsx,PLAN DE CUENTAS,42
0612,BIENES RECIBIDOS EN CUSTODIA,3,,,,Orden,Documentos,Sin centro de Costos,PLAN DE CUENTAS CONTASIS.xlsx,PLAN DE CUENTAS,43
062,VALORES Y BIENES RECIBIDOS EN GARANTIA,2,,,,Orden,,,PLAN DE CUENTAS CONTASIS.xlsx,PLAN DE CUENTAS,44
0621,CARTAS FIANZA - Recibidos en Garantía,3,,,,Orden,Documentos,Sin centro de Costos,PLAN DE CUENTAS CONTASIS.xlsx,PLAN DE CUENTAS,45
0622,CUENTAS POR COBRAR - Recibidos en Garantía,3,,,,Orden,Documentos,Sin centro de Costos,PLAN DE CUENTAS CONTASIS.xlsx,PLAN DE CUENTAS,46
0623,EXISTENCIAS - Recibidos en Garantía,3,,,,Orden,Documentos,Sin centro de Costos,PLAN DE CUENTAS CONTASIS.xlsx,PLAN DE CUENTAS,47
0624,INVERSION MOBILIARIA - Recibidos en Garantía,3,,,,Orden,Documentos,Sin centro de Costos,PLAN DE CUENTAS CONTASIS.xlsx,PLAN DE CUENTAS,48
0625,INVERSION INMOBILIARIA - Recibidos en Garantía,3,,,,Orden,Documentos,Sin centro de Costos,PLAN DE CUENTAS CONTASIS.xlsx,PLAN DE CUENTAS,49
0626,"INMUEBLES, MAQUINARIA Y EQUIPO - Recibidos en Garantía",3,,,,Orden,Documentos,Sin centro de Costos,PLAN DE CUENTAS CONTASIS.xlsx,PLAN DE CUENTAS,50
0627,INTANGIBLES - Recibidos en Garantía,3,,,,Orden,Documentos,Sin centro de Costos,PLAN DE CUENTAS CONTASIS.xlsx,PLAN DE CUENTAS,51
0628,ACTIVOS BIOLOGICOS - Recibidos en Garantía,3,,,,Orden,Documentos,Sin centro de Costos,PLAN DE CUENTAS CONTASIS.xlsx,PLAN DE CUENTAS,52
063,ACTIVOS REALIZABLES RECIBIDOS EN CONSIGNACIÓN,2,,,,Orden,,,PLAN DE CUENTAS CONTASIS.xlsx,PLAN DE CUENTAS,53
0631,ACTIVOS REALIZABLES RECIBIDOS EN CONSIGNACIÓN,3,,,,Orden,Documentos,Sin centro de Costos,PLAN DE CUENTAS CONTASIS.xlsx,PLAN DE CUENTAS,54
07,COMPROMISOS SOBRE INSTRUMENTOS FINANCIEROS,1,,,,Orden,,,PLAN DE CUENTAS CONTASIS.xlsx,PLAN DE CUENTAS,55
071,PRIMARIOS - Compromisos Sobre Instrumentos Financieros,2,,,,Orden,,,PLAN DE CUENTAS CONTASIS.xlsx,PLAN DE CUENTAS,56
0711,INVERSIONES MANTENIDAS PARA LA NEGOCIACIÓN - Primarios - Compromisos Sobre Instrumentos Financieros,3,,,,Orden,Documentos,Sin centro de Costos,PLAN DE CUENTAS CONTASIS.xlsx,PLAN DE CUENTAS,57
0712,INVERSIONES DISPONIBLES PARA LA VENTA - Primarios - Compromisos Sobre Instrumentos Financieros,3,,,,Orden,Documentos,Sin centro de Costos,PLAN DE CUENTAS CONTASIS.xlsx,PLAN DE CUENTAS,58
0713,INVERSIONES A SER MANTENIDAS HASTA EL VENCIMIENTO - Primarios - Compromisos Sobre Instrumentos Finan,3,,,,Orden,Documentos,Sin centro de Costos,PLAN DE CUENTAS CONTASIS.xlsx,PLAN DE CUENTAS,59
072,DERIVADOS - Compromisos Sobre Instrumentos Financieros,2,,,,Orden,,,PLAN DE CUENTAS CONTASIS.xlsx,PLAN DE CUENTAS,60
0721,CONTRATOS A FUTURO - Derivados - Compromisos Sobre Instrumentos Financieros,3,,,,Orden,Documentos,Sin centro de Costos,PLAN DE CUENTAS CONTASIS.xlsx,PLAN DE CUENTAS,61
0722,CONTRATOS A TÉRMINO (FORWARD) - Derivados - Compromisos Sobre Instrumentos Financieros,3,,,,Orden,Documentos,Sin centro de Costos,PLAN DE CUENTAS CONTASIS.xlsx,PLAN DE CUENTAS,62
0723,PERMUTAS FINANCIERAS (SWAP) - Derivados - Compromisos Sobre Instrumentos Financieros,3,,,,Orden,Documentos,Sin centro de Costos,PLAN DE CUENTAS CONTASIS.xlsx,PLAN DE CUENTAS,63
0724,CONTRATOS DE OPCIÓN - Derivados - Compromisos Sobre Instrumentos Financieros,3,,,,Orden,Documentos,Sin centro de Costos,PLAN DE CUENTAS CONTASIS.xlsx,PLAN DE CUENTAS,64
08,OTRAS CUENTAS DE ORDEN ACREEDORAS,1,,,,Orden,,,PLAN DE CUENTAS CONTASIS.xlsx,PLAN DE CUENTAS,65
089,DIVERSAS - Otras Cuentas De Orden Acreedoras,2,,,,Orden,,,PLAN DE CUENTAS CONTASIS.xlsx,PLAN DE CUENTAS,66
0891,DIVERSAS - Otras Cuentas De Orden Acreedoras,3,,,,Orden,Documentos,Sin centro de Costos,PLAN DE CUENTAS CONTASIS.xlsx,PLAN DE CUENTAS,67
09,CONTRAPARTIDA DE CUENTAS DE ORDEN ACREEDORAS,1,,,,Orden,,,PLAN DE CUENTAS CONTASIS.xlsx,PLAN DE CUENTAS,68
091,CONTRAPARTIDA DE CUENTAS DE ORDEN ACREEDORAS,2,,,,Orden,,,PLAN DE CUENTAS CONTASIS.xlsx,PLAN DE CUENTAS,69
0911,CONTRAPARTIDA DE CUENTAS DE ORDEN ACREEDORAS,3,,,,Orden,Ninguno,Sin centro de Costos,PLAN DE CUENTAS CONTASIS.xlsx,PLAN DE CUENTAS,70
10,EFECTIVO Y EQUIVALENTES DE EFECTIVO,1,,,,Activo,Ninguno,,PLAN DE CUENTAS CONTASIS.xlsx,PLAN DE CUENTAS,71
101,CAJA,2,,,,Activo,,,PLAN DE CUENTAS CONTASIS.xlsx,PLAN DE CUENTAS,72
1011,CAJA MN,3,A105,,,Activo,Bancos/Detalle,Sin centro de Costos,PLAN DE CUENTAS CONTASIS.xlsx,PLAN DE CUENTAS,73
1012,CAJA ME,3,A105,,,Activo,Bancos/Detalle,Sin centro de Costos,PLAN DE CUENTAS CONTASIS.xlsx,PLAN DE CUENTAS,74
102,FONDOS FIJOS,2,,,,Activo,,,PLAN DE CUENTAS CONTASIS.xlsx,PLAN DE CUENTAS,75
1021,FONDOS FIJOS MN,3,A105,,,Activo,Bancos/Detalle,Sin centro de Costos,PLAN DE CUENTAS CONTASIS.xlsx,PLAN DE CUENTAS,76
1022,FONDOS FIJOS ME,3,A105,,,Activo,Bancos/Detalle,Sin centro de Costos,PLAN DE CUENTAS CONTASIS.xlsx,PLAN DE CUENTAS,77
103,EFECTIVO Y CHEQUES EN TRANSITO,2,,,,Activo,,,PLAN DE CUENTAS CONTASIS.xlsx,PLAN DE CUENTAS,78
1031,EFECTIVO EN TRANSITO,2,,,,Activo,,,PLAN DE CUENTAS CONTASIS.xlsx,PLAN DE CUENTAS,79
10311,EFECTIVO EN TRANSITO MN,3,A105,,,Activo,Bancos/Detalle,Sin centro de Costos,PLAN DE CUENTAS CONTASIS.xlsx,PLAN DE CUENTAS,80
10312,EFECTIVO EN TRANSITO ME,3,A105,,,Activo,Bancos/Detalle,Sin centro de Costos,PLAN DE CUENTAS CONTASIS.xlsx,PLAN DE CUENTAS,81
1032,CHEQUES EN TRANSITO,2,,,,Activo,,,PLAN DE CUENTAS CONTASIS.xlsx,PLAN DE CUENTAS,82
10321,CHEQUES EN TRANSITO MN,3,A105,,,Activo,Bancos/Detalle,Sin centro de Costos,PLAN DE CUENTAS CONTASIS.xlsx,PLAN DE CUENTAS,83
10322,CHEQUES EN TRANSITO ME,3,A105,,,Activo,Bancos/Detalle,Sin centro de Costos,PLAN DE CUENTAS CONTASIS.xlsx,PLAN DE CUENTAS,84
104,CUENTAS CORRIENTES EN INSTITUCIONES FINANCIERAS,2,,,,Activo,,,PLAN DE CUENTAS CONTASIS.xlsx,PLAN DE CUENTAS,85
1041,CUENTAS CORRIENTES OPERATIVAS,2,,,,Activo,,,PLAN DE CUENTAS CONTASIS.xlsx,PLAN DE CUENTAS,86
104101,CUENTA CORRIENTE MONEDA NACIONAL,3,A105,,,Activo,Bancos/Detalle,Sin centro de Costos,PLAN DE CUENTAS CONTASIS.xlsx,PLAN DE CUENTAS,87
104102,CUENTA CORRIENTE MONEDA EXTRANJERA,3,A105,,,Activo,Bancos/Detalle,Sin centro de Costos,PLAN DE CUENTAS CONTASIS.xlsx,PLAN DE CUENTAS,88
1042,CUENTAS CORRIENTES PARA FINES ESPECIFICOS,2,,,,Activo,,,PLAN DE CUENTAS CONTASIS.xlsx,PLAN DE CUENTAS,89
104201,CUENTA CORRIENTE - Para fines específicos,3,A105,,,Activo,Bancos/Detalle,Sin centro de Costos,PLAN DE CUENTAS CONTASIS.xlsx,PLAN DE CUENTAS,90
105,OTROS EQUIVALENTES DE EFECTIVO,2,,,,Activo,,,PLAN DE CUENTAS CONTASIS.xlsx,PLAN DE CUENTAS,91
1051,OTROS EQUIVALENTES DE EFECTIVO,3,A105,,,Activo,Bancos/Detalle,Sin centro de Costos,PLAN DE CUENTAS CONTASIS.xlsx,PLAN DE CUENTAS,92
106,DEPOSITOS EN INSTITUCIONES FINANCIERAS,2,,,,Activo,,,PLAN DE CUENTAS CONTASIS.xlsx,PLAN DE CUENTAS,93
1061,DEPOSITOS DE AHORRO - En Instituciones Financieras,3,A105,,,Activo,Bancos/Detalle,Sin centro de Costos,PLAN DE CUENTAS CONTASIS.xlsx,PLAN DE CUENTAS,94
1062,DEPOSITOS A PLAZO - En Instituciones Financieras,3,A105,,,Activo,Bancos/Detalle,Sin centro de Costos,PLAN DE CUENTAS CONTASIS.xlsx,PLAN DE CUENTAS,95
107,FONDOS SUJETOS A RESTRICCION,2,,,,Activo,,,PLAN DE CUENTAS CONTASIS.xlsx,PLAN DE CUENTAS,96
1071,FONDOS EN GARANTIA,3,A120,,,Activo,Documentos,Sin centro de Costos,PLAN DE CUENTAS CONTASIS.xlsx,PLAN DE CUENTAS,97
1072,FONDOS RETENIDOS POR MANDATO DE LA AUTORIDAD,3,A120,,,Activo,Documentos,Sin centro de Costos,PLAN DE CUENTAS CONTASIS.xlsx,PLAN DE CUENTAS,98
1073,OTROS FONDOS SUJETOS A RESTRICCIONH,3,A120,,,Activo,Documentos,Sin centro de Costos,PLAN DE CUENTAS CONTASIS.xlsx,PLAN DE CUENTAS,99
11,INVERSIONES FINANCIERAS,1,,,,Activo,,,PLAN DE CUENTAS CONTASIS.xlsx,PLAN DE CUENTAS,100
111,INVERSIONES MANTENIDAS PARA NEGOCIACION,2,,,,Activo,,,PLAN DE CUENTAS CONTASIS.xlsx,PLAN DE CUENTAS,101
1111,VALORES EMITIDOS O GARANTIZADOS POR EL ESTADO  - Para Negociación,2,,,,Activo,,,PLAN DE CUENTAS CONTASIS.xlsx,PLAN DE CUENTAS,102
11111,COSTO - Valores Emitidos o Garantizados por el  Estado - Para Negociación,3,A106,,,Activo,Ninguno,Sin centro de Costos,PLAN DE CUENTAS CONTASIS.xlsx,PLAN DE CUENTAS,103
11112,VALOR RAZONABLE  - Valores Emitidos o Garantizados por el  Estado - Para Negociación,3,A106,,,Activo,Ninguno,Sin centro de Costos,PLAN DE CUENTAS CONTASIS.xlsx,PLAN DE CUENTAS,104
1112,VALORES EMITIDOS POR EL SISTEMA FINANCIERO - Para Negociación,2,,,,Activo,,,PLAN DE CUENTAS CONTASIS.xlsx,PLAN DE CUENTAS,105
11121,COSTO - Valores Emitidos por el  Sistema Financiero - Para Negociación,3,A106,,,Activo,Ninguno,Sin centro de Costos,PLAN DE CUENTAS CONTASIS.xlsx,PLAN DE CUENTAS,106
11122,VALOR RAZONABLE - Valores Emitidos por el  Sistema Financiero - Para Negociación,3,A106,,,Activo,Ninguno,Sin centro de Costos,PLAN DE CUENTAS CONTASIS.xlsx,PLAN DE CUENTAS,107
1113,VALORES EMITIDOS POR ENTIDADES - Para Negociación,2,,,,Activo,,,PLAN DE CUENTAS CONTASIS.xlsx,PLAN DE CUENTAS,108
11131,COSTO - Valores Emitidos por Entidades - Para Negociación,3,A106,,,Activo,Ninguno,Sin centro de Costos,PLAN DE CUENTAS CONTASIS.xlsx,PLAN DE CUENTAS,109
11132,VALOR RAZONABLE - Valores Emitidos por Entidades - Para Negociación,3,A106,,,Activo,Ninguno,Sin centro de Costos,PLAN DE CUENTAS CONTASIS.xlsx,PLAN DE CUENTAS,110
1114,OTROS TITULOS REPRESENTATIVOS DE DEUDA - Para Negociación,2,,,,Activo,,,PLAN DE CUENTAS CONTASIS.xlsx,PLAN DE CUENTAS,111
11141,COSTO - Otros Titulos Representativos de Deuda - Para Negociación,3,A106,,,Activo,Ninguno,Sin centro de Costos,PLAN DE CUENTAS CONTASIS.xlsx,PLAN DE CUENTAS,112
11142,VALOR RAZONABLE - Otros Titulos Representativos de Deuda - Para Negociación,3,A106,,,Activo,Ninguno,Sin centro de Costos,PLAN DE CUENTAS CONTASIS.xlsx,PLAN DE CUENTAS,113
1115,PARTICIPACIONES EN ENTIDADES - Para Negociación,2,,,,Activo,,,PLAN DE CUENTAS CONTASIS.xlsx,PLAN DE CUENTAS,114
11151,COSTO - Participaciones en Entidades - Para Negociación,3,A106,,,Activo,Ninguno,Sin centro de Costos,PLAN DE CUENTAS CONTASIS.xlsx,PLAN DE CUENTAS,115
11152,VALOR RAZONABLE- Participaciones en Entidades - Para Negociación,3,A106,,,Activo,Ninguno,Sin centro de Costos,PLAN DE CUENTAS CONTASIS.xlsx,PLAN DE CUENTAS,116
112,OTRAS INVERSIONES FINANCIERAS,2,,,,Activo,,,PLAN DE CUENTAS CONTASIS.xlsx,PLAN DE CUENTAS,117
1121,OTRAS INVERSIONES FINANCIERAS,2,,,,Activo,,,PLAN DE CUENTAS CONTASIS.xlsx,PLAN DE CUENTAS,118
11211,COSTO - Otras Inversiones Financieras,3,A106,,,Activo,Ninguno,Sin centro de Costos,PLAN DE CUENTAS CONTASIS.xlsx,PLAN DE CUENTAS,119
11212,VALOR RAZONABLE - Otras Inversiones Financieras,3,A106,,,Activo,Ninguno,Sin centro de Costos,PLAN DE CUENTAS CONTASIS.xlsx,PLAN DE CUENTAS,120
113,ACTIVOS FINANCIEROS - ACUERDO DE COMPRA,2,,,,Activo,,,PLAN DE CUENTAS CONTASIS.xlsx,PLAN DE CUENTAS,121
1131,INVERSIONES MANTENIDAS PARA NEGOCIACION - ACUERDO DE COMPRA,2,,,,Activo,,,PLAN DE CUENTAS CONTASIS.xlsx,PLAN DE CUENTAS,122
11311,COSTO - Inversiones Mantenidas para Negociación - Acuerdo de Compra,3,A106,,,Activo,Ninguno,Sin centro de Costos,PLAN DE CUENTAS CONTASIS.xlsx,PLAN DE CUENTAS,123
11312,VALOR RAZONABLE - Inversiones Mantenidas para Negociación - Acuerdo de Compra,3,A106,,,Activo,Ninguno,Sin centro de Costos,PLAN DE CUENTAS CONTASIS.xlsx,PLAN DE CUENTAS,124
1132,OTRAS INVERSIONES FINANCIERAS - ACUERDO DE COMPRA,2,,,,Activo,,,PLAN DE CUENTAS CONTASIS.xlsx,PLAN DE CUENTAS,125
11321,COSTO - Otras Inversiones Financieras - Acuerdo de Comprae,3,A106,,,Activo,Ninguno,Sin centro de Costos,PLAN DE CUENTAS CONTASIS.xlsx,PLAN DE CUENTAS,126
11322,VALOR RAZONABLE - Otras Inversiones Financieras - Acuerdo de Compra,3,A106,,,Activo,Ninguno,Sin centro de Costos,PLAN DE CUENTAS CONTASIS.xlsx,PLAN DE CUENTAS,127
12,CUENTAS POR COBRAR COMERCIALES - TERCEROS,1,,,,Activo,Ninguno,,PLAN DE CUENTAS CONTASIS.xlsx,PLAN DE CUENTAS,128
121,"FACTURAS,BOLETAS Y OTROS COMPROBANTES POR COBRAR - Terceros",2,,,,Activo,,,PLAN DE CUENTAS CONTASIS.xlsx,PLAN DE CUENTAS,129
1211,"NO EMITIDAS - Facturas, Boletas y Otros Comprobantes Por Cobrar - Terceros",3,A110,,,Activo,Documentos,Sin centro de Costos,PLAN DE CUENTAS CONTASIS.xlsx,PLAN DE CUENTAS,130
1212,"EMITIDAS EN CARTERA - Facturas, Boletas y Otros Comprobantes Por Cobrar - Terceros",3,A110,,,Activo,Documentos,Sin centro de Costos,PLAN DE CUENTAS CONTASIS.xlsx,PLAN DE CUENTAS,131
1213,"EN COBRANZA - Facturas, Boletas y Otros Comprobantes Por Cobrar - Terceros",3,A110,,,Activo,Documentos,Sin centro de Costos,PLAN DE CUENTAS CONTASIS.xlsx,PLAN DE CUENTAS,132
1214,"EN DESCUENTO - Facturas, Boletas y Otros Comprobantes Por Cobrar - Terceros",3,A110,,,Activo,Documentos,Sin centro de Costos,PLAN DE CUENTAS CONTASIS.xlsx,PLAN DE CUENTAS,133
122,ANTICIPOS DE CLIENTES  - Terceros,2,,,,Activo,,,PLAN DE CUENTAS CONTASIS.xlsx,PLAN DE CUENTAS,134
1221,ANTICIPOS DE CLIENTES - Terceros,3,A110,,,Activo,Documentos,Sin centro de Costos,PLAN DE CUENTAS CONTASIS.xlsx,PLAN DE CUENTAS,135
123,LETRAS POR COBRAR - Terceros,2,,,,Activo,,,PLAN DE CUENTAS CONTASIS.xlsx,PLAN DE CUENTAS,136
1232,EN CARTERA - Letras por Cobrar Comerciales - Terceros,3,A110,,,Activo,Documentos,Sin centro de Costos,PLAN DE CUENTAS CONTASIS.xlsx,PLAN DE CUENTAS,137
1233,EN COBRANZA - Letras por Cobrar Comerciales - Terceros,3,A110,,,Activo,Documentos,Sin centro de Costos,PLAN DE CUENTAS CONTASIS.xlsx,PLAN DE CUENTAS,138
1234,EN DESCUENTO - Letras por Cobrar Comerciales - Terceros,3,A110,,,Activo,Documentos,Sin centro de Costos,PLAN DE CUENTAS CONTASIS.xlsx,PLAN DE CUENTAS,139
13,CUENTAS POR COBRAR COMERCIALES - RELACIONADAS,1,,,,Activo,,,PLAN DE CUENTAS CONTASIS.xlsx,PLAN DE CUENTAS,140
131,"FACTURAS,BOLETAS Y OTROS COMPROBANTES POR COBRAR - Relacionadas",2,,,,Activo,,,PLAN DE CUENTAS CONTASIS.xlsx,PLAN DE CUENTAS,141
1311,"NO EMITIDAS - Facturas, Boletas y Otros Comprobantes Por Cobrar - Relacionadas",3,A111,,,Activo,Documentos,Sin centro de Costos,PLAN DE CUENTAS CONTASIS.xlsx,PLAN DE CUENTAS,142
1312,"EMITIDAS EN CARTERA - Facturas, Boletas y Otros Comprobantes Por Cobrar - Relacionadas",3,A111,,,Activo,Documentos,Sin centro de Costos,PLAN DE CUENTAS CONTASIS.xlsx,PLAN DE CUENTAS,143
1313,"EN COBRANZA - Facturas, Boletas y Otros Comprobantes Por Cobrar - Relacionadas",3,A111,,,Activo,Documentos,Sin centro de Costos,PLAN DE CUENTAS CONTASIS.xlsx,PLAN DE CUENTAS,144
1314,"EN DESCUENTO - Facturas, Boletas y Otros Comprobantes Por Cobrar - Relacionadas",3,A111,,,Activo,Documentos,Sin centro de Costos,PLAN DE CUENTAS CONTASIS.xlsx,PLAN DE CUENTAS,145
132,ANTICIPOS RECIBIDOS,2,,,,Activo,,,PLAN DE CUENTAS CONTASIS.xlsx,PLAN DE CUENTAS,146
1321,ANTICIPOS RECIBIDOS - Relacionadas,3,A111,,,Activo,Documentos,Sin centro de Costos,PLAN DE CUENTAS CONTASIS.xlsx,PLAN DE CUENTAS,147
133,LETRAS POR COBRAR,2,,,,Activo,,,PLAN DE CUENTAS CONTASIS.xlsx,PLAN DE CUENTAS,148
1331,EN CARTERA - Letras Por Cobrar - Relacionadas,3,A111,,,Activo,Documentos,Sin centro de Costos,PLAN DE CUENTAS CONTASIS.xlsx,PLAN DE CUENTAS,149
1332,EN COBRANZA  - Letras Por Cobrar - Relacionadas,3,A111,,,Activo,Documentos,Sin centro de Costos,PLAN DE CUENTAS CONTASIS.xlsx,PLAN DE CUENTAS,150
1333,EN DESCUENTO  - Letras Por Cobrar - Relacionadas,3,A111,,,Activo,Documentos,Sin centro de Costos,PLAN DE CUENTAS CONTASIS.xlsx,PLAN DE CUENTAS,151
14,"CUENTAS POR COBRAR AL PERSONAL, A LOS ACCIONISTAS (SOCIOS), DIRECTORES",1,,,,Activo,Ninguno,,PLAN DE CUENTAS CONTASIS.xlsx,PLAN DE CUENTAS,152
141,PERSONAL - Cuentas por Cobrar,2,,,,Activo,,,PLAN DE CUENTAS CONTASIS.xlsx,PLAN DE CUENTAS,153
1411,PRESTAMOS - Personal  - Cuentas por Cobrar,3,A115,,,Activo,Documentos,Sin centro de Costos,PLAN DE CUENTAS CONTASIS.xlsx,PLAN DE CUENTAS,154
1412,ADELANTO DE REMUNERACIONES - Personal  - Cuentas por Cobrar,3,A115,,,Activo,Documentos,Sin centro de Costos,PLAN DE CUENTAS CONTASIS.xlsx,PLAN DE CUENTAS,155
1413,ENTREGAS A RENDIR CUENTA - Personal  - Cuentas por Cobrar,3,A115,,,Activo,Documentos,Sin centro de Costos,PLAN DE CUENTAS CONTASIS.xlsx,PLAN DE CUENTAS,156
1419,OTRAS CUENTAS POR COBRAR AL PERSONAL,3,A115,,,Activo,Documentos,Sin centro de Costos,PLAN DE CUENTAS CONTASIS.xlsx,PLAN DE CUENTAS,157
142,ACCIONISTAS (O SOCIOS) - Cuentas por Cobrar,2,,,,Activo,,,PLAN DE CUENTAS CONTASIS.xlsx,PLAN DE CUENTAS,158
1421,SUSCRIPCIONES POR COBRAR A SOCIOS O ACCIONISTAS   - Cuentas por Cobrara,3,A115,,,Activo,Documentos,Sin centro de Costos,PLAN DE CUENTAS CONTASIS.xlsx,PLAN DE CUENTAS,159
1422,PRESTAMOS - Accionistas (o socios) - Cuentas por Cobrar,3,A115,,,Activo,Documentos,Sin centro de Costos,PLAN DE CUENTAS CONTASIS.xlsx,PLAN DE CUENTAS,160
143,DIRECTORES - Cuentas por Cobrar,2,,,,Activo,,,PLAN DE CUENTAS CONTASIS.xlsx,PLAN DE CUENTAS,161
1431,PRESTAMOS - Directores - Cuentas por Cobrar,3,A115,,,Activo,Documentos,Sin centro de Costos,PLAN DE CUENTAS CONTASIS.xlsx,PLAN DE CUENTAS,162
1432,ADELANTO DE DIETAS - Directores - Cuentas por Cobrar,3,A115,,,Activo,Documentos,Sin centro de Costos,PLAN DE CUENTAS CONTASIS.xlsx,PLAN DE CUENTAS,163
1433,ENTREGAS A RENDIR CUENTA - Directores - Cuentas por Cobrar,3,A115,,,Activo,Documentos,Sin centro de Costos,PLAN DE CUENTAS CONTASIS.xlsx,PLAN DE CUENTAS,164
149,DIVERSAS - Cuentas por Cobrar,2,,,,Activo,,,PLAN DE CUENTAS CONTASIS.xlsx,PLAN DE CUENTAS,165
1491,DIVERSAS - Cuentas por Cobrar,3,A115,,,Activo,Documentos,Sin centro de Costos,PLAN DE CUENTAS CONTASIS.xlsx,PLAN DE CUENTAS,166
16,CUENTAS POR COBRAR DIVERSAS - TERCEROS,1,,,,Activo,Ninguno,,PLAN DE CUENTAS CONTASIS.xlsx,PLAN DE CUENTAS,167
161,PRESTAMOS - Cuentas Por Cobrar Diversas - Terceros,2,,,,Activo,,,PLAN DE CUENTAS CONTASIS.xlsx,PLAN DE CUENTAS,168
1611,CON GARANTIA - Préstamos - Cuentas Por Cobrar Diversas - Terceros,3,A120,,,Activo,Documentos,Sin centro de Costos,PLAN DE CUENTAS CONTASIS.xlsx,PLAN DE CUENTAS,169
1612,SIN GARANTIA - Préstamos - Cuentas Por Cobrar Diversas - Terceros,3,A120,,,Activo,Documentos,Sin centro de Costos,PLAN DE CUENTAS CONTASIS.xlsx,PLAN DE CUENTAS,170
162,RECLAMACIONES A TERCEROS - Cuentas Por Cobrar Diversas - Terceros,2,,,,Activo,,,PLAN DE CUENTAS CONTASIS.xlsx,PLAN DE CUENTAS,171
1621,COMPAÑIAS ASEGURADORAS - Cuentas Por Cobrar Diversas - Reclamaciones - Terceros,3,A120,,,Activo,Documentos,Sin centro de Costos,PLAN DE CUENTAS CONTASIS.xlsx,PLAN DE CUENTAS,172
1622,TRANSPORTADORAS -Cuentas Por Cobrar Diversas - Reclamaciones - Terceros,3,A120,,,Activo,Documentos,Sin centro de Costos,PLAN DE CUENTAS CONTASIS.xlsx,PLAN DE CUENTAS,173
1623,SERVICIOS PUBLICOS - Cuentas Por Cobrar Diversas - Reclamaciones - Terceros,3,A120,,,Activo,Documentos,Sin centro de Costos,PLAN DE CUENTAS CONTASIS.xlsx,PLAN DE CUENTAS,174
1624,TRIBUTOS - Cuentas Por Cobrar Diversas - Reclamaciones - Terceros,3,A120,,,Activo,Documentos,Sin centro de Costos,PLAN DE CUENTAS CONTASIS.xlsx,PLAN DE CUENTAS,175
1629,OTRAS - Cuentas Por Cobrar Diversas - Reclamaciones - Terceros,3,A120,,,Activo,Documentos,Sin centro de Costos,PLAN DE CUENTAS CONTASIS.xlsx,PLAN DE CUENTAS,176
163,"INTERESES, REGALIAS Y DIVIDENDOS - Cuentas Por Cobrar Diversas - Terceros",2,,,,Activo,,,PLAN DE CUENTAS CONTASIS.xlsx,PLAN DE CUENTAS,177
1631,INTERESES - Cuentas Por Cobrar Diversas - Terceros,3,A120,,,Activo,Documentos,Sin centro de Costos,PLAN DE CUENTAS CONTASIS.xlsx,PLAN DE CUENTAS,178
1632,REGALIAS  - Cuentas Por Cobrar Diversas - Terceros,3,A120,,,Activo,Documentos,Sin centro de Costos,PLAN DE CUENTAS CONTASIS.xlsx,PLAN DE CUENTAS,179
1633,DIVIDENDOS - Cuentas Por Cobrar Diversas - Terceros,3,A120,,,Activo,Documentos,Sin centro de Costos,PLAN DE CUENTAS CONTASIS.xlsx,PLAN DE CUENTAS,180
164,DEPOSITOS OTORGADOS EN GARANTIA - Cuentas Por Cobrar Diversas - Terceros,2,,,,Activo,,,PLAN DE CUENTAS CONTASIS.xlsx,PLAN DE CUENTAS,181
1641,PRÉSTAMOS DE INSTITUCIONES  FINANCIERAS - Depósitos Otorgados en Garantía - Terceros,3,A120,,,Activo,Documentos,Sin centro de Costos,PLAN DE CUENTAS CONTASIS.xlsx,PLAN DE CUENTAS,182
1642,PRÉSTAMOS DE INSTITUCIONES NO FINANCIERAS - Depósitos Otorgados en Garantía - Terceros,3,A120,,,Activo,Documentos,Sin centro de Costos,PLAN DE CUENTAS CONTASIS.xlsx,PLAN DE CUENTAS,183
1643,DEPOSITOS EN GARANTIA POR ALQUILERES - Depósitos Otorgados en Garantía - Terceros,3,A120,,,Activo,Documentos,Sin centro de Costos,PLAN DE CUENTAS CONTASIS.xlsx,PLAN DE CUENTAS,184
1649,OTROS DEPOSITOS EN GARANTIA - Terceros,3,A120,,,Activo,Documentos,Sin centro de Costos,PLAN DE CUENTAS CONTASIS.xlsx,PLAN DE CUENTAS,185
165,VENTA DE ACTIVO INMOVILIZADO  - Cuentas Por Cobrar Diversas - Terceros,2,,,,Activo,,,PLAN DE CUENTAS CONTASIS.xlsx,PLAN DE CUENTAS,186
1651,INVERSION MOBILIARIA - Venta De Activos Inmovilizados- Terceros,3,A120,,,Activo,Documentos,Sin centro de Costos,PLAN DE CUENTAS CONTASIS.xlsx,PLAN DE CUENTAS,187
1652,PROPIEDADES DE INVERSION - Venta de Activo Inmovilizado - Terceros,3,A120,,,Activo,Documentos,Sin centro de Costos,PLAN DE CUENTAS CONTASIS.xlsx,PLAN DE CUENTAS,188
1653,"PROPIEDAD, PLANTA Y EQUIPO - Venta de Activo Inmovilizado - Terceros",3,A120,,,Activo,Documentos,Sin centro de Costos,PLAN DE CUENTAS CONTASIS.xlsx,PLAN DE CUENTAS,189
1654,INTANGIBLES - Venta de Activo Inmovilizado - Terceros,3,A120,,,Activo,Documentos,Sin centro de Costos,PLAN DE CUENTAS CONTASIS.xlsx,PLAN DE CUENTAS,190
1655,ACTIVOS BIOLOGICOS - Venta de Activo Inmovilizado - Terceros,3,A120,,,Activo,Documentos,Sin centro de Costos,PLAN DE CUENTAS CONTASIS.xlsx,PLAN DE CUENTAS,191
1659,OTROS ACTIVOS INMOVILIZADOS - Venta de Activo Inmovilizado - Terceros,3,A120,,,Activo,Documentos,Sin centro de Costos,PLAN DE CUENTAS CONTASIS.xlsx,PLAN DE CUENTAS,192
166,ACTIVOS POR INSTRUMENTOS FINANCIEROS - Cuentas Por Cobrar Diversas - Terceros,2,,,,Activo,,,PLAN DE CUENTAS CONTASIS.xlsx,PLAN DE CUENTAS,193
1661,INSTRUMENTOS FINANCIEROS PRIMARIOS   - Cuentas Por Cobrar Diversas - Terceros,2,,,,Activo,,,PLAN DE CUENTAS CONTASIS.xlsx,PLAN DE CUENTAS,194
16611,COSTO - Instrumentos Financieros Primarios - Cuentas Por Cobrar Diversas - Terceros,3,A120,,,Activo,Documentos,Sin centro de Costos,PLAN DE CUENTAS CONTASIS.xlsx,PLAN DE CUENTAS,195
16612,VALOR RAZONABLE - Instrumentos Financieros Primarios - Cuentas Por Cobrar Diversas - Terceros,3,A120,,,Activo,Documentos,Sin centro de Costos,PLAN DE CUENTAS CONTASIS.xlsx,PLAN DE CUENTAS,196
1662,INSTRUMENTOS FINANCIEROS DERIVADOS  - Cuentas Por Cobrar Diversas - Terceros,2,,,,Activo,,,PLAN DE CUENTAS CONTASIS.xlsx,PLAN DE CUENTAS,197
16621,COSTO - Instrumentos Financieros Derivados - Cuentas Por Cobrar Diversas - Terceros,3,A120,,,Activo,Documentos,Sin centro de Costos,PLAN DE CUENTAS CONTASIS.xlsx,PLAN DE CUENTAS,198
16622,VALOR RAZONABLE - Instrumentos Financieros Derivados  - Cuentas Por Cobrar Diversas - Terceros,3,A120,,,Activo,Documentos,Sin centro de Costos,PLAN DE CUENTAS CONTASIS.xlsx,PLAN DE CUENTAS,199
167,TRIBUTOS POR ACREDITAR  - Cuentas Por Cobrar Diversas - Terceros,2,,,,Activo,,,PLAN DE CUENTAS CONTASIS.xlsx,PLAN DE CUENTAS,200
1671,PAGOS A CUENTA DEL IMPUESTO A LA RENTA  - Cuentas Por Cobrar Diversas - Terceros,3,A120,,,Activo,Documentos,Sin centro de Costos,PLAN DE CUENTAS CONTASIS.xlsx,PLAN DE CUENTAS,201
1672,PAGOS A CUENTA DE ITAN  - Cuentas Por Cobrar Diversas - Tercerosn,3,A120,,,Activo,Documentos,Sin centro de Costos,PLAN DE CUENTAS CONTASIS.xlsx,PLAN DE CUENTAS,202
1673,IGV POR ACREDITAR EN COMPRAS  - Cuentas Por Cobrar Diversas - Terceros,3,A120,,,Activo,Documentos,Sin centro de Costos,PLAN DE CUENTAS CONTASIS.xlsx,PLAN DE CUENTAS,203
1674,IGV POR ACREDITAR NO DOMICILIADOS  - Cuentas Por Cobrar Diversas - Terceros,3,A120,,,Activo,Documentos,Sin centro de Costos,PLAN DE CUENTAS CONTASIS.xlsx,PLAN DE CUENTAS,204
1675,OBRAS POR IMPUESTOS  - Cuentas Por Cobrar Diversas - Terceros,3,A120,,,Activo,Documentos,Sin centro de Costos,PLAN DE CUENTAS CONTASIS.xlsx,PLAN DE CUENTAS,205
169,OTRAS CUENTAS POR COBRAR DIVERSAS - Terceros,2,,,,Activo,,,PLAN DE CUENTAS CONTASIS.xlsx,PLAN DE CUENTAS,206
1691,ENTREGAS A RENDIR CUENTA A TERCEROS - Otras cuentas por Cobrar Diversas - Terceros,3,A120,,,Activo,Documentos,Sin centro de Costos,PLAN DE CUENTAS CONTASIS.xlsx,PLAN DE CUENTAS,207
1699,OTRAS CUENTAS POR COBRAR DIVERSAS - Terceros,3,A120,,,Activo,Documentos,Sin centro de Costos,PLAN DE CUENTAS CONTASIS.xlsx,PLAN DE CUENTAS,208
17,CUENTAS POR COBRAR DIVERSAS - RELACIONADAS,1,,,,Activo,,,PLAN DE CUENTAS CONTASIS.xlsx,PLAN DE CUENTAS,209
171,PRESTAMOS - Cuentas por Cobrar Diversas - Relacionadas,2,,,,Activo,,,PLAN DE CUENTAS CONTASIS.xlsx,PLAN DE CUENTAS,210
1711,CON GARANTIA - Préstamos - Cuentas por Cobrar Diversas - Relacionadas,3,A121,,,Activo,Documentos,Sin centro de Costos,PLAN DE CUENTAS CONTASIS.xlsx,PLAN DE CUENTAS,211
1712,SIN GARANTIA - Préstamos  - Cuentas por Cobrar Diversas - Relacionadas,3,A121,,,Activo,Documentos,Sin centro de Costos,PLAN DE CUENTAS CONTASIS.xlsx,PLAN DE CUENTAS,212
173,"INTERESES, REGALIAS Y DIVIDENDOS  - Cuentas por Cobrar Diversas - Relacionadas",2,,,,Activo,,,PLAN DE CUENTAS CONTASIS.xlsx,PLAN DE CUENTAS,213
1731,INTERESES - Cuentas por Cobrar Diversas - Relacionadas,3,A121,,,Activo,Documentos,Sin centro de Costos,PLAN DE CUENTAS CONTASIS.xlsx,PLAN DE CUENTAS,214
1732,REGALIAS  - Cuentas por Cobrar Diversas - Relacionadas,3,A121,,,Activo,Documentos,Sin centro de Costos,PLAN DE CUENTAS CONTASIS.xlsx,PLAN DE CUENTAS,215
1733,DIVIDENDOS  - Cuentas por Cobrar Diversas - Relacionadas,3,A121,,,Activo,Documentos,Sin centro de Costos,PLAN DE CUENTAS CONTASIS.xlsx,PLAN DE CUENTAS,216
174,DEPOSITOS OTORGADOS EN GARANTIA   - Cuentas por Cobrar Diversas - Relacionadas,2,,,,Activo,,,PLAN DE CUENTAS CONTASIS.xlsx,PLAN DE CUENTAS,217
1741,PRESTAMOS DE INSTIT FINANCIERAS - Depositos Otorgados Garantia - Cuentas Cobrar Diversas - Relaciona,3,A121,,,Activo,Documentos,Sin centro de Costos,PLAN DE CUENTAS CONTASIS.xlsx,PLAN DE CUENTAS,218
1742,PRESTAMOS DE INSTIT NO FINANCIERAS - Depositos Otorgados Garantia - Por Cobrar Diversas - Relacionad,3,A121,,,Activo,Documentos,Sin centro de Costos,PLAN DE CUENTAS CONTASIS.xlsx,PLAN DE CUENTAS,219
1743,DEPÓSITOS EN GARANTÍA POR ALQUILERES - Cuentas por Cobrar Diversas - Relacionadas,3,A121,,,Activo,Documentos,Sin centro de Costos,PLAN DE CUENTAS CONTASIS.xlsx,PLAN DE CUENTAS,220
1749,OTROS DEPÓSITOS EN GARANTÍA - Cuentas por Cobrar Diversas - Relacionadas,3,A121,,,Activo,Documentos,Sin centro de Costos,PLAN DE CUENTAS CONTASIS.xlsx,PLAN DE CUENTAS,221
175,VENTA DE ACTIVO INMOVILIZADO - Cuentas por Cobrar Diversas - Relacionadas,2,,,,Activo,,,PLAN DE CUENTAS CONTASIS.xlsx,PLAN DE CUENTAS,222
1751,INVERSION MOBILIARIA - Venta de Activo Inmovilizado - Relacionadas,3,A121,,,Activo,Documentos,Sin centro de Costos,PLAN DE CUENTAS CONTASIS.xlsx,PLAN DE CUENTAS,223
1752,PROPIEDADES DE INVERSIÓN - Venta de Activo Inmovilizado - Relacionadas,3,A121,,,Activo,Documentos,Sin centro de Costos,PLAN DE CUENTAS CONTASIS.xlsx,PLAN DE CUENTAS,224
1753,"PROPIEDAD, PLANTA Y EQUIPO - Venta de Activo Inmovilizado - Relacionadas",3,A121,,,Activo,Documentos,Sin centro de Costos,PLAN DE CUENTAS CONTASIS.xlsx,PLAN DE CUENTAS,225
1754,INTANGIBLES - Venta de Activo Inmovilizado - Relacionadas,3,A121,,,Activo,Documentos,Sin centro de Costos,PLAN DE CUENTAS CONTASIS.xlsx,PLAN DE CUENTAS,226
1755,ACTIVOS BIOLOGICOS - Venta de Activo Inmovilizado - Relacionadas,3,A121,,,Activo,Documentos,Sin centro de Costos,PLAN DE CUENTAS CONTASIS.xlsx,PLAN DE CUENTAS,227
1759,OTROS ACTIVOS INMOVILIZADOS - Venta - Relacionadas,3,A121,,,Activo,Documentos,Sin centro de Costos,PLAN DE CUENTAS CONTASIS.xlsx,PLAN DE CUENTAS,228
176,ACTIVOS POR INSTRUMENTOS FINANCIEROS   - Cuentas por Cobrar Diversas - Relacionadas,2,,,,Activo,,,PLAN DE CUENTAS CONTASIS.xlsx,PLAN DE CUENTAS,229
1761,INSTRUMENTOS FINANCIEROS PRIMARIOS   - Cuentas por Cobrar Diversas - Relacionadas,2,,,,Activo,,,PLAN DE CUENTAS CONTASIS.xlsx,PLAN DE CUENTAS,230
17611,COSTO - Instrumentos Financieros Primarios - Cuentas por Cobrar Diversas - Relacionadas,3,A121,,,Activo,Documentos,Sin centro de Costos,PLAN DE CUENTAS CONTASIS.xlsx,PLAN DE CUENTAS,231
17612,VALOR RAZONABLE - Instrumentos Financieros Primarios - Cuentas por Cobrar Diversas - Relacionadas,3,A121,,,Activo,Documentos,Sin centro de Costos,PLAN DE CUENTAS CONTASIS.xlsx,PLAN DE CUENTAS,232
1762,INSTRUMENTOS FINANCIEROS DERIVADOS   - Cuentas por Cobrar Diversas - Relacionadas,2,,,,Activo,,,PLAN DE CUENTAS CONTASIS.xlsx,PLAN DE CUENTAS,233
17621,COSTO - Instrumentos Financieros Derivados - Cuentas por Cobrar Diversas - Relacionadas,3,A121,,,Activo,Documentos,Sin centro de Costos,PLAN DE CUENTAS CONTASIS.xlsx,PLAN DE CUENTAS,234
17622,VALOR RAZONABLE - Instrumentos Financieros Derivados - Cuentas por Cobrar Diversas - Relacionadas,3,A121,,,Activo,Documentos,Sin centro de Costos,PLAN DE CUENTAS CONTASIS.xlsx,PLAN DE CUENTAS,235
179,OTRAS CUENTAS POR COBRAR DIVERSAS - Relacionadas,2,,,,Activo,,,PLAN DE CUENTAS CONTASIS.xlsx,PLAN DE CUENTAS,236
1791,OTRAS CUENTAS POR COBRAR DIVERSAS - Relacionadas,3,A121,,,Activo,Documentos,Sin centro de Costos,PLAN DE CUENTAS CONTASIS.xlsx,PLAN DE CUENTAS,237
18,SERVICIOS Y OTROS CONTRATOS POR ANTICIPADO,1,,,,Activo,,,PLAN DE CUENTAS CONTASIS.xlsx,PLAN DE CUENTAS,238
181,COSTOS FINANCIEROS - Por Anticipado,2,,,,Activo,,,PLAN DE CUENTAS CONTASIS.xlsx,PLAN DE CUENTAS,239
1811,COSTOS FINANCIEROS - Por Anticipado,3,A122,,,Activo,Documentos,Sin centro de Costos,PLAN DE CUENTAS CONTASIS.xlsx,PLAN DE CUENTAS,240
182,SEGUROS - Por Anticipado,2,,,,Activo,,,PLAN DE CUENTAS CONTASIS.xlsx,PLAN DE CUENTAS,241
1821,SEGUROS - Contratados por Anticipado,3,A122,,,Activo,Documentos,Sin centro de Costos,PLAN DE CUENTAS CONTASIS.xlsx,PLAN DE CUENTAS,242
183,ALQUILERES - Por Anticipado,2,,,,Activo,,,PLAN DE CUENTAS CONTASIS.xlsx,PLAN DE CUENTAS,243
1831,ALQUILERES - Contratados por Anticipado,3,A122,,,Activo,Documentos,Sin centro de Costos,PLAN DE CUENTAS CONTASIS.xlsx,PLAN DE CUENTAS,244
184,PRIMAS PAGADAS POR OPCIONES - Por Anticipado,2,,,,Activo,,,PLAN DE CUENTAS CONTASIS.xlsx,PLAN DE CUENTAS,245
1841,PRIMAS PAGADAS POR OPCIONES - Por Anticipado,3,A122,,,Activo,Documentos,Sin centro de Costos,PLAN DE CUENTAS CONTASIS.xlsx,PLAN DE CUENTAS,246
185,MANTENIMIENTO DE ACTIVOS INMOVILIZADOS - Por Anticipado,2,,,,Activo,,,PLAN DE CUENTAS CONTASIS.xlsx,PLAN DE CUENTAS,247
1851,MANTENIMIENTO DE ACTIVOS INMOVILIZADOS - Contratados por Anticipado,3,A122,,,Activo,Documentos,Sin centro de Costos,PLAN DE CUENTAS CONTASIS.xlsx,PLAN DE CUENTAS,248
189,OTROS GASTOS CONTRATADOS POR ANTICIPADO,2,,,,Activo,,,PLAN DE CUENTAS CONTASIS.xlsx,PLAN DE CUENTAS,249
1891,OTROS GASTOS CONTRATADOS POR ANTICIPADO,3,A122,,,Activo,Documentos,Sin centro de Costos,PLAN DE CUENTAS CONTASIS.xlsx,PLAN DE CUENTAS,250
19,ESTIMACIÓN DE CUENTAS DE COBRANZA DUDOSA,1,,,,Activo,Ninguno,,PLAN DE CUENTAS CONTASIS.xlsx,PLAN DE CUENTAS,251
191,CUENTAS POR COBRAR COMERCIALES-TERCEROS  - Cobranza Dudosa,2,,,,Activo,,,PLAN DE CUENTAS CONTASIS.xlsx,PLAN DE CUENTAS,252
1911,"FACTURAS,BOLETAS Y OTROS COMPROBANTES POR COBRAR - Terceros - Cobranza Dudosa",3,A123,,,Activo,Documentos,Sin centro de Costos,PLAN DE CUENTAS CONTASIS.xlsx,PLAN DE CUENTAS,253
1913,LETRAS POR COBRAR - Terceros - Cobranza Dudosa,3,A123,,,Activo,Documentos,Sin centro de Costos,PLAN DE CUENTAS CONTASIS.xlsx,PLAN DE CUENTAS,254
192,CUENTAS POR COBRAR COMERCIALES - RELACIONADAS  - Cobranza Dudosa,2,,,,Activo,,,PLAN DE CUENTAS CONTASIS.xlsx,PLAN DE CUENTAS,255
1921,"FACTURAS,BOLETAS Y OTROS COMPROBANTES POR COBRAR - Relacionadas - Cobranza Dudosa",3,A123,,,Activo,Documentos,Sin centro de Costos,PLAN DE CUENTAS CONTASIS.xlsx,PLAN DE CUENTAS,256
1923,LETRAS POR COBRAR  - Relacionadas - Cobranza Dudosa,3,A123,,,Activo,Documentos,Sin centro de Costos,PLAN DE CUENTAS CONTASIS.xlsx,PLAN DE CUENTAS,257
193,"CUENTAS POR COBRAR PERSONAL, ACCIONISTAS (SOCIOS), DIRECTORES - Cobranza Dudosa",2,,,,Activo,,,PLAN DE CUENTAS CONTASIS.xlsx,PLAN DE CUENTAS,258
1931,PERSONAL - Cuentas en Cobranza Dudosa,3,A123,,,Activo,Documentos,Sin centro de Costos,PLAN DE CUENTAS CONTASIS.xlsx,PLAN DE CUENTAS,259
1932,ACCIONISTAS (SOCIOS) - Cuentas en Cobranza Dudosa,3,A123,,,Activo,Documentos,Sin centro de Costos,PLAN DE CUENTAS CONTASIS.xlsx,PLAN DE CUENTAS,260
1933,DIRECTORES - Cuentas en Cobranza Dudosa,3,A123,,,Activo,Documentos,Sin centro de Costos,PLAN DE CUENTAS CONTASIS.xlsx,PLAN DE CUENTAS,261
1939,DIVERSAS - Cuentas en Cobranza Dudosa,3,A123,,,Activo,Documentos,Sin centro de Costos,PLAN DE CUENTAS CONTASIS.xlsx,PLAN DE CUENTAS,262
194,CUENTAS POR COBRAR DIVERSAS - TERCEROS  - Cobranza Dudosa,2,,,,Activo,,,PLAN DE CUENTAS CONTASIS.xlsx,PLAN DE CUENTAS,263
1941,PRESTAMOS - Terceros - Cobranza Dudosa,3,A123,,,Activo,Documentos,Sin centro de Costos,PLAN DE CUENTAS CONTASIS.xlsx,PLAN DE CUENTAS,264
1942,RECLAMACIONES A TERCEROS - Cobranza Dudosa,3,A123,,,Activo,Documentos,Sin centro de Costos,PLAN DE CUENTAS CONTASIS.xlsx,PLAN DE CUENTAS,265
1943,"INTERESES,REGALIAS Y DIVIDENDOS - Terceros - Cobranza Dudosa",3,A123,,,Activo,Documentos,Sin centro de Costos,PLAN DE CUENTAS CONTASIS.xlsx,PLAN DE CUENTAS,266
1944,DEPOSITOS OTORGADOS EN GARANTIA - Terceros - Cobranza Dudosa,3,A123,,,Activo,Documentos,Sin centro de Costos,PLAN DE CUENTAS CONTASIS.xlsx,PLAN DE CUENTAS,267
1945,VENTA DE ACTIVOS INMOVILIZADOS - Terceros - Cobranza Dudosa,3,A123,,,Activo,Documentos,Sin centro de Costos,PLAN DE CUENTAS CONTASIS.xlsx,PLAN DE CUENTAS,268
1946,ACTIVOS POR INSTRUMENTOS FINANCIEROS- Terceros - Cobranza Dudosa,3,A123,,,Activo,Documentos,Sin centro de Costos,PLAN DE CUENTAS CONTASIS.xlsx,PLAN DE CUENTAS,269
1949,OTRAS CUENTAS POR COBRAR DIVERSAS - Terceros - Cobranza Dudosa,3,A123,,,Activo,Documentos,Sin centro de Costos,PLAN DE CUENTAS CONTASIS.xlsx,PLAN DE CUENTAS,270
195,CUENTAS POR COBRAR DIVERSAS - RELACIONADAS  - Cobranza Dudosa,2,,,,Activo,,,PLAN DE CUENTAS CONTASIS.xlsx,PLAN DE CUENTAS,271
1951,PRESTAMOS - Relacionadas - Cobranza Dudosa,3,A123,,,Activo,Documentos,Sin centro de Costos,PLAN DE CUENTAS CONTASIS.xlsx,PLAN DE CUENTAS,272
1953,"INTERESES, REGALIAS Y DIVIDENDOS - Relacionadas - Cobranza Dudosa",3,A123,,,Activo,Documentos,Sin centro de Costos,PLAN DE CUENTAS CONTASIS.xlsx,PLAN DE CUENTAS,273
1954,DEPOSITOS OTORGADOS EN GARANTIA - Relacionadas - Cobranza Dudosa,3,A123,,,Activo,Documentos,Sin centro de Costos,PLAN DE CUENTAS CONTASIS.xlsx,PLAN DE CUENTAS,274
1955,VENTA DE ACTIVOS INMOVILIZADOS - Relacionadas - Cobranza Dudosa,3,A123,,,Activo,Documentos,Sin centro de Costos,PLAN DE CUENTAS CONTASIS.xlsx,PLAN DE CUENTAS,275
1956,ACTIVOS POR INSTRUMENTOS FINANCIEROS - Relacionadas - Cobranza Dudosa,3,A123,,,Activo,Documentos,Sin centro de Costos,PLAN DE CUENTAS CONTASIS.xlsx,PLAN DE CUENTAS,276
1958,OTRAS CUENTAS POR COBRAR DIVERSAS - Relacionadas - Cobranza Dudosa,3,A123,,,Activo,Documentos,Sin centro de Costos,PLAN DE CUENTAS CONTASIS.xlsx,PLAN DE CUENTAS,277
20,MERCADERIAS,1,,,,Activo,Ninguno,,PLAN DE CUENTAS CONTASIS.xlsx,PLAN DE CUENTAS,278
201,MERCADERIAS,2,,,,Activo,,,PLAN DE CUENTAS CONTASIS.xlsx,PLAN DE CUENTAS,279
2011,MERCADERIAS,2,,,,Activo,,,PLAN DE CUENTAS CONTASIS.xlsx,PLAN DE CUENTAS,280
20111,COSTO - Mercaderias,3,A124,,,Activo,Ninguno,Sin centro de Costos,PLAN DE CUENTAS CONTASIS.xlsx,PLAN DE CUENTAS,281
20114,VALOR RAZONABLE - Mercaderias,3,A124,,,Activo,Ninguno,Sin centro de Costos,PLAN DE CUENTAS CONTASIS.xlsx,PLAN DE CUENTAS,282
21,PRODUCTOS TERMINADOS,1,,,,Activo,Ninguno,,PLAN DE CUENTAS CONTASIS.xlsx,PLAN DE CUENTAS,283
211,PRODUCTOS TERMINADOS,2,,,,Activo,,,PLAN DE CUENTAS CONTASIS.xlsx,PLAN DE CUENTAS,284
2111,PRODUCTOS TERMINADOS,2,,,,Activo,,,PLAN DE CUENTAS CONTASIS.xlsx,PLAN DE CUENTAS,285
21111,COSTO - Productos Terminados,3,A125,,,Activo,Ninguno,Sin centro de Costos,PLAN DE CUENTAS CONTASIS.xlsx,PLAN DE CUENTAS,286
21113,COSTO DE FINANCIACION - Productos Terminados,3,A125,,,Activo,Ninguno,Sin centro de Costos,PLAN DE CUENTAS CONTASIS.xlsx,PLAN DE CUENTAS,287
21114,VALOR RAZONABLE - Productos Terminados,3,A125,,,Activo,Ninguno,Sin centro de Costos,PLAN DE CUENTAS CONTASIS.xlsx,PLAN DE CUENTAS,288
215,INVENTARIO DE SERVICIOS TERMINADOS,2,,,,Activo,,,PLAN DE CUENTAS CONTASIS.xlsx,PLAN DE CUENTAS,289
2151,SERVICIOS TERMINADOS,2,,,,Activo,,,PLAN DE CUENTAS CONTASIS.xlsx,PLAN DE CUENTAS,290
21511,COSTO - Servicios Terminados,3,A125,,,Activo,Ninguno,Sin centro de Costos,PLAN DE CUENTAS CONTASIS.xlsx,PLAN DE CUENTAS,291
22,"SUB - PRODUCTOS, DESECHOS Y DESPERDICIOS",1,,,,Activo,Ninguno,,PLAN DE CUENTAS CONTASIS.xlsx,PLAN DE CUENTAS,292
221,SUB PRODUCTOS,2,,,,Activo,,,PLAN DE CUENTAS CONTASIS.xlsx,PLAN DE CUENTAS,293
2211,SUB PRODUCTOS,3,A130,,,Activo,Ninguno,Sin centro de Costos,PLAN DE CUENTAS CONTASIS.xlsx,PLAN DE CUENTAS,294
222,DESECHOS Y DESPERDICIOS,2,,,,Activo,,,PLAN DE CUENTAS CONTASIS.xlsx,PLAN DE CUENTAS,295
2221,DESECHOS Y DEPERDICIOS,3,A130,,,Activo,Ninguno,Sin centro de Costos,PLAN DE CUENTAS CONTASIS.xlsx,PLAN DE CUENTAS,296
23,PRODUCTOS EN PROCESO,1,,,,Activo,Ninguno,,PLAN DE CUENTAS CONTASIS.xlsx,PLAN DE CUENTAS,297
231,PRODUCTOS EN PROCESO,2,,,,Activo,,,PLAN DE CUENTAS CONTASIS.xlsx,PLAN DE CUENTAS,298
2311,PRODUCTOS EN PROCESO,2,,,,Activo,,,PLAN DE CUENTAS CONTASIS.xlsx,PLAN DE CUENTAS,299
23111,COSTO - Productos en Proceso,3,A135,,,Activo,Ninguno,Sin centro de Costos,PLAN DE CUENTAS CONTASIS.xlsx,PLAN DE CUENTAS,300
23113,COSTO DE FINANCIACION - Productos en Proceso,3,A135,,,Activo,Ninguno,Sin centro de Costos,PLAN DE CUENTAS CONTASIS.xlsx,PLAN DE CUENTAS,301
235,INVENTARIO DE SERVICIOS EN PROCESO,2,,,,Activo,,,PLAN DE CUENTAS CONTASIS.xlsx,PLAN DE CUENTAS,302
2351,SERVICIOS EN PROCESO,2,,,,Activo,,,PLAN DE CUENTAS CONTASIS.xlsx,PLAN DE CUENTAS,303
23511,COSTO - Servicios en Proceso,3,A135,,,Activo,Ninguno,Sin centro de Costos,PLAN DE CUENTAS CONTASIS.xlsx,PLAN DE CUENTAS,304
24,MATERIAS PRIMAS,1,,,,Activo,Ninguno,,PLAN DE CUENTAS CONTASIS.xlsx,PLAN DE CUENTAS,305
241,MATERIAS PRIMAS,2,,,,Activo,,,PLAN DE CUENTAS CONTASIS.xlsx,PLAN DE CUENTAS,306
2411,MATERIAS PRIMAS,2,,,,Activo,,,PLAN DE CUENTAS CONTASIS.xlsx,PLAN DE CUENTAS,307
24111,COSTO - Materias Primas,3,A140,,,Activo,Ninguno,Sin centro de Costos,PLAN DE CUENTAS CONTASIS.xlsx,PLAN DE CUENTAS,308
24114,VALOR RAZONABLE - Materias Primas,3,A140,,,Activo,Ninguno,Sin centro de Costos,PLAN DE CUENTAS CONTASIS.xlsx,PLAN DE CUENTAS,309
25,"MATERIALES AUXILIARES,  SUMINISTROS Y REPUESTOS",1,,,,Activo,Ninguno,,PLAN DE CUENTAS CONTASIS.xlsx,PLAN DE CUENTAS,310
251,MATERIALES AUXILIARES,2,,,,Activo,,,PLAN DE CUENTAS CONTASIS.xlsx,PLAN DE CUENTAS,311
2511,MATERIALES AUXILIARES,3,A142,,,Activo,Ninguno,Sin centro de Costos,PLAN DE CUENTAS CONTASIS.xlsx,PLAN DE CUENTAS,312
252,SUMINISTROS,2,,,,Activo,,,PLAN DE CUENTAS CONTASIS.xlsx,PLAN DE CUENTAS,313
2521,COMBUSTIBLES - Suministros,3,A142,,,Activo,Ninguno,Sin centro de Costos,PLAN DE CUENTAS CONTASIS.xlsx,PLAN DE CUENTAS,314
2522,LUBRICANTES - Suministros,3,A142,,,Activo,Ninguno,Sin centro de Costos,PLAN DE CUENTAS CONTASIS.xlsx,PLAN DE CUENTAS,315
2523,ENERGIA - Suministros,3,A142,,,Activo,Ninguno,Sin centro de Costos,PLAN DE CUENTAS CONTASIS.xlsx,PLAN DE CUENTAS,316
2524,OTROS SUMINISTROS,3,A142,,,Activo,Ninguno,Sin centro de Costos,PLAN DE CUENTAS CONTASIS.xlsx,PLAN DE CUENTAS,317
253,REPUESTOS,2,,,,Activo,,,PLAN DE CUENTAS CONTASIS.xlsx,PLAN DE CUENTAS,318
2531,REPUESTOS - Materiales Auxiliares,3,A142,,,Activo,Ninguno,Sin centro de Costos,PLAN DE CUENTAS CONTASIS.xlsx,PLAN DE CUENTAS,319
26,ENVASES Y EMBALAJES,1,,,,Activo,Ninguno,,PLAN DE CUENTAS CONTASIS.xlsx,PLAN DE CUENTAS,320
261,ENVASES,2,,,,Activo,,,PLAN DE CUENTAS CONTASIS.xlsx,PLAN DE CUENTAS,321
2611,ENVASES,3,A145,,,Activo,Ninguno,Sin centro de Costos,PLAN DE CUENTAS CONTASIS.xlsx,PLAN DE CUENTAS,322
262,EMBALAJES,2,,,,Activo,,,PLAN DE CUENTAS CONTASIS.xlsx,PLAN DE CUENTAS,323
2621,EMBALAJES,3,A145,,,Activo,Ninguno,Sin centro de Costos,PLAN DE CUENTAS CONTASIS.xlsx,PLAN DE CUENTAS,324
27,ACTIVOS NO CORRIENTES MANTENIDOS PARA LA VENTA,1,,,,Activo,,,PLAN DE CUENTAS CONTASIS.xlsx,PLAN DE CUENTAS,325
271,PROPIEDADES DE INVERSION - Activos No Corrientes Mantenidos Para La Venta,2,,,,Activo,,,PLAN DE CUENTAS CONTASIS.xlsx,PLAN DE CUENTAS,326
2711,TERRENOS - Propiedades de Inversión - Mantenidos para la Venta,2,,,,Activo,,,PLAN DE CUENTAS CONTASIS.xlsx,PLAN DE CUENTAS,327
27111,COSTO - Terrenos -  Propiedades de Inversión - Mantenidos para la Venta,3,A153,,,Activo,Ninguno,Sin centro de Costos,PLAN DE CUENTAS CONTASIS.xlsx,PLAN DE CUENTAS,328
27112,REVALUACIÓN - Terrenos -  Propiedades de Inversión - Mantenidos para la Venta,3,A153,,,Activo,Ninguno,Sin centro de Costos,PLAN DE CUENTAS CONTASIS.xlsx,PLAN DE CUENTAS,329
27114,VALOR RAZONABLE - Terrenos -  Propiedades de Inversión - Mantenidos para la Venta,3,A153,,,Activo,Ninguno,Sin centro de Costos,PLAN DE CUENTAS CONTASIS.xlsx,PLAN DE CUENTAS,330
2712,EDIFICACIONES -  Propiedades de Inversión - Mantenidos para la Venta,2,,,,Activo,,,PLAN DE CUENTAS CONTASIS.xlsx,PLAN DE CUENTAS,331
27121,COSTO - Edificaciones -  Propiedades de Inversión - Mantenidos para la Venta,3,A153,,,Activo,Ninguno,Sin centro de Costos,PLAN DE CUENTAS CONTASIS.xlsx,PLAN DE CUENTAS,332
27122,REVALUACIÓN - Edificaciones -  Propiedades de Inversión - Mantenidos para la Venta,3,A153,,,Activo,Ninguno,Sin centro de Costos,PLAN DE CUENTAS CONTASIS.xlsx,PLAN DE CUENTAS,333
27123,COSTO DE FINANCIACIÓN - Edificaciones -  Propiedades de Inversión - Mantenidos para la Venta,3,A153,,,Activo,Ninguno,Sin centro de Costos,PLAN DE CUENTAS CONTASIS.xlsx,PLAN DE CUENTAS,334
27124,VALOR RAZONABLE - Edificaciones -  Propiedades de Inversión - Mantenidos para la Venta,3,A153,,,Activo,Ninguno,Sin centro de Costos,PLAN DE CUENTAS CONTASIS.xlsx,PLAN DE CUENTAS,335
272,"PROPIEDAD, PLANTA Y EQUIPO - Activos No Corrientes Mantenidos Para La Venta",2,,,,Activo,,,PLAN DE CUENTAS CONTASIS.xlsx,PLAN DE CUENTAS,336
2720,"PLANTA PRODUCTORA EN PRODUCCIÓN - Propiedad, Planta y Equipo  -  Mantenidos para la Venta",2,,,,Activo,,,PLAN DE CUENTAS CONTASIS.xlsx,PLAN DE CUENTAS,337
27201,"COSTO - Planta Productora en Producción - Propiedad, Planta y Equipo  -  Mantenidos para la Venta",3,A153,,,Activo,Ninguno,Sin centro de Costos,PLAN DE CUENTAS CONTASIS.xlsx,PLAN DE CUENTAS,338
27202,"REVALUACIÓN - Planta Productora en Producción - Propiedad, Planta y Equipo  -  Mantenidos para la Ve",3,A153,,,Activo,Ninguno,Sin centro de Costos,PLAN DE CUENTAS CONTASIS.xlsx,PLAN DE CUENTAS,339
27203,"COSTO DE FINANCIACIÓN - Planta Productora en Producción - Propiedad, Planta y Equipo  -  Mantenidos",3,A153,,,Activo,Ninguno,Sin centro de Costos,PLAN DE CUENTAS CONTASIS.xlsx,PLAN DE CUENTAS,340
27204,"VALOR RAZONABLE - Planta Productora en Producción - Propiedad, Planta y Equipo  -  Mantenidos para l",3,A153,,,Activo,Ninguno,Sin centro de Costos,PLAN DE CUENTAS CONTASIS.xlsx,PLAN DE CUENTAS,341
2721,"PLANTA PRODUCTORA EN DESARROLLO - Propiedad, Planta y Equipo - Mantenidos Para La Venta",2,,,,Activo,,,PLAN DE CUENTAS CONTASIS.xlsx,PLAN DE CUENTAS,342
27211,"COSTO - Planta Productora en Desarrollo - Propiedad, Planta y Equipo - Mantenidos Para La Venta",3,A153,,,Activo,Ninguno,Sin centro de Costos,PLAN DE CUENTAS CONTASIS.xlsx,PLAN DE CUENTAS,343
27212,"REVALUACIÓN - Planta Productora en Desarrollo - Propiedad, Planta y Equipo - Mantenidos Para La Vent",3,A153,,,Activo,Ninguno,Sin centro de Costos,PLAN DE CUENTAS CONTASIS.xlsx,PLAN DE CUENTAS,344
27213,"COSTO DE FINANCIACIÓN- Planta Productora en Desarrollo - Propiedad, Planta y Equipo - Mantenidos Par",3,A153,,,Activo,Ninguno,Sin centro de Costos,PLAN DE CUENTAS CONTASIS.xlsx,PLAN DE CUENTAS,345
27214,"VALOR RAZONABLE - Planta Productora en Desarrollo - Propiedad, Planta y Equipo - Mantenidos Para La",3,A153,,,Activo,Ninguno,Sin centro de Costos,PLAN DE CUENTAS CONTASIS.xlsx,PLAN DE CUENTAS,346
2722,"TERRENOS - Propiedad, Planta y Equipo - Mantenidos Para La Venta",2,,,,Activo,,,PLAN DE CUENTAS CONTASIS.xlsx,PLAN DE CUENTAS,347
27221,"COSTO -Terrenos - Propiedad, Planta y Equipo - Mantenidos Para La Venta",3,A153,,,Activo,Ninguno,Sin centro de Costos,PLAN DE CUENTAS CONTASIS.xlsx,PLAN DE CUENTAS,348
27222,"REVALUACIÓN -Terrenos - Propiedad, Planta y Equipo - Mantenidos Para La Venta",3,A153,,,Activo,Ninguno,Sin centro de Costos,PLAN DE CUENTAS CONTASIS.xlsx,PLAN DE CUENTAS,349
2723,"EDIFICACIONES - Propiedad, Planta y Equipo - Mantenidos Para La Venta",2,,,,Activo,,,PLAN DE CUENTAS CONTASIS.xlsx,PLAN DE CUENTAS,350
27231,"COSTO - Edificaciones - Propiedad, Planta y Equipo - Mantenidos Para La Venta",3,A153,,,Activo,Ninguno,Sin centro de Costos,PLAN DE CUENTAS CONTASIS.xlsx,PLAN DE CUENTAS,351
27232,"REVALUACIÓN - Edificaciones - Propiedad, Planta y Equipo - Mantenidos Para La Venta",3,A153,,,Activo,Ninguno,Sin centro de Costos,PLAN DE CUENTAS CONTASIS.xlsx,PLAN DE CUENTAS,352
27233,"COSTO DE FINANCIACIÓN - Edificaciones - Propiedad, Planta y Equipo - Mantenidos Para La Venta",3,A153,,,Activo,Ninguno,Sin centro de Costos,PLAN DE CUENTAS CONTASIS.xlsx,PLAN DE CUENTAS,353
2724,"MAQUINARIAS Y EQUIPOS DE EXPLOTACIÓN - Propiedad, Planta y Equipo - Mantenidos Para La Venta",2,,,,Activo,,,PLAN DE CUENTAS CONTASIS.xlsx,PLAN DE CUENTAS,354
27241,"COSTO - Maquinaria y Equipos de Explotación - Propiedad, Planta y Equipo - Mantenidos Para La Venta",3,A153,,,Activo,Ninguno,Sin centro de Costos,PLAN DE CUENTAS CONTASIS.xlsx,PLAN DE CUENTAS,355
27242,"REVALUACIÓN - Maquinaria y Equipos de Explotación - Propiedad, Planta y Equipo - Mantenidos Para La",3,A153,,,Activo,Ninguno,Sin centro de Costos,PLAN DE CUENTAS CONTASIS.xlsx,PLAN DE CUENTAS,356
27243,"COSTO DE FINANCIACIÓN - Maquinaria y Equipos de Explotación - Propiedad, Planta y Equipo - Mantenido",3,A153,,,Activo,Ninguno,Sin centro de Costos,PLAN DE CUENTAS CONTASIS.xlsx,PLAN DE CUENTAS,357
2725,"UNIDADES DE TRANSPORTE - Propiedad, Planta y Equipo - Mantenidos Para La Venta",2,,,,Activo,,,PLAN DE CUENTAS CONTASIS.xlsx,PLAN DE CUENTAS,358
27251,"COSTO - Unidades de Transporte - Propiedad, Planta y Equipo - Mantenidos Para La Venta",3,A153,,,Activo,Ninguno,Sin centro de Costos,PLAN DE CUENTAS CONTASIS.xlsx,PLAN DE CUENTAS,359
27252,"REVALUACIÓN - Unidades de Transporte - Propiedad, Planta y Equipo - Mantenidos Para La Venta",3,A153,,,Activo,Ninguno,Sin centro de Costos,PLAN DE CUENTAS CONTASIS.xlsx,PLAN DE CUENTAS,360
2726,"MUEBLES Y ENSERES - Propiedad, Planta y Equipo - Mantenidos Para La Venta",2,,,,Activo,,,PLAN DE CUENTAS CONTASIS.xlsx,PLAN DE CUENTAS,361
27261,"COSTO - Muebles y Enseres - Propiedad, Planta y Equipo - Mantenidos Para La Venta",3,A153,,,Activo,Ninguno,Sin centro de Costos,PLAN DE CUENTAS CONTASIS.xlsx,PLAN DE CUENTAS,362
27262,"REVALUACIÓN - Muebles y Enseres - Propiedad, Planta y Equipo - Mantenidos Para La Venta",3,A153,,,Activo,Ninguno,Sin centro de Costos,PLAN DE CUENTAS CONTASIS.xlsx,PLAN DE CUENTAS,363
2727,"EQUIPOS DIVERSOS - Propiedad, Planta y Equipo - Mantenidos Para La Venta",2,,,,Activo,,,PLAN DE CUENTAS CONTASIS.xlsx,PLAN DE CUENTAS,364
27271,"COSTO - Equipos Diversos - Propiedad, Planta y Equipo - Mantenidos Para La Venta",3,A153,,,Activo,Ninguno,Sin centro de Costos,PLAN DE CUENTAS CONTASIS.xlsx,PLAN DE CUENTAS,365
27272,"REVALUACIÓN - Equipos Diversos - Propiedad, Planta y Equipo - Mantenidos Para La Venta",3,A153,,,Activo,Ninguno,Sin centro de Costos,PLAN DE CUENTAS CONTASIS.xlsx,PLAN DE CUENTAS,366
2728,"HERRAMIENTAS Y UNIDADES DE REEMPLAZO - Propiedad, Planta y Equipo - Mantenidos Para La Venta",2,,,,Activo,,,PLAN DE CUENTAS CONTASIS.xlsx,PLAN DE CUENTAS,367
27281,"COSTO - Herramientas y Unidades de Reemplazo - Propiedad, Planta y Equipo - Mantenidos Para La Venta",3,A153,,,Activo,Ninguno,Sin centro de Costos,PLAN DE CUENTAS CONTASIS.xlsx,PLAN DE CUENTAS,368
27282,"REVALUACIÓN - Herramientas y Unidades de Reemplazo - Propiedad, Planta y Equipo - Mantenidos Para La",3,A153,,,Activo,Ninguno,Sin centro de Costos,PLAN DE CUENTAS CONTASIS.xlsx,PLAN DE CUENTAS,369
2729,"OBRAS EN CURSO - Propiedad, Planta y Equipo - Mantenidos Para La Venta",2,,,,Activo,,,PLAN DE CUENTAS CONTASIS.xlsx,PLAN DE CUENTAS,370
27291,"COSTO - Obras en Curso - Propiedad, Planta y Equipo - Mantenidos Para La Venta",3,A153,,,Activo,Ninguno,Sin centro de Costos,PLAN DE CUENTAS CONTASIS.xlsx,PLAN DE CUENTAS,371
27292,"REVALUACIÓN - Obras en Curso - Propiedad, Planta y Equipo - Mantenidos Para La Venta",3,A153,,,Activo,Ninguno,Sin centro de Costos,PLAN DE CUENTAS CONTASIS.xlsx,PLAN DE CUENTAS,372
273,INTANGIBLES - Activos No Corrientes Mantenidos Para La Venta,2,,,,Activo,,,PLAN DE CUENTAS CONTASIS.xlsx,PLAN DE CUENTAS,373
2731,"CONCESIONES, LICENCIAS Y DERECHOS - Intangibles - Mantenidos Para La Venta",2,,,,Activo,,,PLAN DE CUENTAS CONTASIS.xlsx,PLAN DE CUENTAS,374
27311,"COSTO - Concesiones, Licencias Y Derechos - Intangibles - Mantenidos Para La Venta",3,A153,,,Activo,Ninguno,Sin centro de Costos,PLAN DE CUENTAS CONTASIS.xlsx,PLAN DE CUENTAS,375
27312,"REVALUACIÓN - Concesiones, Licencias Y Derechos - Intangibles - Mantenidos Para La Venta",3,A153,,,Activo,Ninguno,Sin centro de Costos,PLAN DE CUENTAS CONTASIS.xlsx,PLAN DE CUENTAS,376
2732,PATENTES Y PROPIEDAD INDUSTRIAL - Intangibles - Mantenidos Para La Venta,2,,,,Activo,,,PLAN DE CUENTAS CONTASIS.xlsx,PLAN DE CUENTAS,377
27321,COSTO - Patentes Y Propiedad Industrial - Intangibles - Mantenidos Para La Venta,3,A153,,,Activo,Ninguno,Sin centro de Costos,PLAN DE CUENTAS CONTASIS.xlsx,PLAN DE CUENTAS,378
27322,REVALUACIÓN - Patentes Y Propiedad Industrial - Intangibles - Mantenidos Para La Venta,3,A153,,,Activo,Ninguno,Sin centro de Costos,PLAN DE CUENTAS CONTASIS.xlsx,PLAN DE CUENTAS,379
2733,PROGRAMAS DE COMPUTADORA (SOFTWARE) - Intangibles - Mantenidos Para La Venta,2,,,,Activo,,,PLAN DE CUENTAS CONTASIS.xlsx,PLAN DE CUENTAS,380
27331,COSTO - Programas de Computadora (SOFTWARE) - Intangibles - Mantenidos Para La Venta,3,A153,,,Activo,Ninguno,Sin centro de Costos,PLAN DE CUENTAS CONTASIS.xlsx,PLAN DE CUENTAS,381
27332,REVALUACIÓN - Programas de Computadora (SOFTWARE) - Intangibles - Mantenidos Para La Venta,3,A153,,,Activo,Ninguno,Sin centro de Costos,PLAN DE CUENTAS CONTASIS.xlsx,PLAN DE CUENTAS,382
2734,COSTOS DE EXPLORACIÓN Y DESARROLLO  - Intangibles - Mantenidos Para La Venta,2,,,,Activo,,,PLAN DE CUENTAS CONTASIS.xlsx,PLAN DE CUENTAS,383
27341,COSTO - De Exploración y Desarrollo - Intangibles - Mantenidos Para La Venta,3,A153,,,Activo,Ninguno,Sin centro de Costos,PLAN DE CUENTAS CONTASIS.xlsx,PLAN DE CUENTAS,384
27342,REVALUACIÓN - De Exploración y Desarrollo - Intangibles - Mantenidos Para La Venta,3,A153,,,Activo,Ninguno,Sin centro de Costos,PLAN DE CUENTAS CONTASIS.xlsx,PLAN DE CUENTAS,385
2735,"FORMULAS, DISEÑOS Y PROTOTIPOS - Intangibles - Mantenidos Para La Venta",2,,,,Activo,,,PLAN DE CUENTAS CONTASIS.xlsx,PLAN DE CUENTAS,386
27351,"COSTO - Formulas, Diseños Y Prototipos - Intangibles - Mantenidos Para La Venta",3,A153,,,Activo,Ninguno,Sin centro de Costos,PLAN DE CUENTAS CONTASIS.xlsx,PLAN DE CUENTAS,387
27352,"REVALUACIÓN - Formulas, Diseños Y Prototipos - Intangibles - Mantenidos Para La Venta",3,A153,,,Activo,Ninguno,Sin centro de Costos,PLAN DE CUENTAS CONTASIS.xlsx,PLAN DE CUENTAS,388
2739,OTROS ACTIVOS INTANGIBLES - Mantenidos Para La Venta,2,,,,Activo,,,PLAN DE CUENTAS CONTASIS.xlsx,PLAN DE CUENTAS,389
27391,COSTO - Otros Activos Intangibles - Mantenidos Para La Venta,3,A153,,,Activo,Ninguno,Sin centro de Costos,PLAN DE CUENTAS CONTASIS.xlsx,PLAN DE CUENTAS,390
27392,REVALUACIÓN - Otros Activos Intangibles - Mantenidos Para La Venta,3,A153,,,Activo,Ninguno,Sin centro de Costos,PLAN DE CUENTAS CONTASIS.xlsx,PLAN DE CUENTAS,391
274,ACTIVOS BIOLOGICOS  - Activos No Corrientes Mantenidos Para La Venta,2,,,,Activo,,,PLAN DE CUENTAS CONTASIS.xlsx,PLAN DE CUENTAS,392
2741,ACTIVOS BIOLOGICOS EN PRODUCCION - Mantenidos Para La Venta,2,,,,Activo,,,PLAN DE CUENTAS CONTASIS.xlsx,PLAN DE CUENTAS,393
27411,COSTO - Activos Biologicos En Produccion - Mantenidos Para La Venta,3,A153,,,Activo,Ninguno,Sin centro de Costos,PLAN DE CUENTAS CONTASIS.xlsx,PLAN DE CUENTAS,394
27413,COSTO DE FINANCIACIÓN - Activos Biologicos En Produccion - Mantenidos Para La Venta,3,A153,,,Activo,Ninguno,Sin centro de Costos,PLAN DE CUENTAS CONTASIS.xlsx,PLAN DE CUENTAS,395
27414,VALOR RAZONABLE -  Activos Biologicos En Produccion - Mantenidos Para La Venta,3,A153,,,Activo,Ninguno,Sin centro de Costos,PLAN DE CUENTAS CONTASIS.xlsx,PLAN DE CUENTAS,396
2742,ACTIVOS BIOLOGICOS EN DESARROLLO - Mantenidos Para La Venta,2,,,,Activo,,,PLAN DE CUENTAS CONTASIS.xlsx,PLAN DE CUENTAS,397
27421,COSTO - Activos Biologicos En Desarrollo - Mantenidos Para La Venta,3,A153,,,Activo,Ninguno,Sin centro de Costos,PLAN DE CUENTAS CONTASIS.xlsx,PLAN DE CUENTAS,398
27423,COSTO DE FINANCIACIÓN - Activos Biologicos En Desarrollo - Mantenidos Para La Venta,3,A153,,,Activo,Ninguno,Sin centro de Costos,PLAN DE CUENTAS CONTASIS.xlsx,PLAN DE CUENTAS,399
27424,VALOR RAZONABLE - Activos Biologicos En Desarrollo - Mantenidos Para La Venta,3,A153,,,Activo,Ninguno,Sin centro de Costos,PLAN DE CUENTAS CONTASIS.xlsx,PLAN DE CUENTAS,400
275,DEPRECIACIÓN ACUMULADA - PROPIEDAD DE INVERSIÓN  - Activos No Corrientes Mantenidos Para La Venta,2,,,,Activo,,,PLAN DE CUENTAS CONTASIS.xlsx,PLAN DE CUENTAS,401
2752,EDIFICACIONES - Depreciación Acumulada - Propiedad de Inversión,2,,,,Activo,,,PLAN DE CUENTAS CONTASIS.xlsx,PLAN DE CUENTAS,402
27521,COSTO - Edificaciones -Depreciación Acumulada - Propiedad de Inversión - Mantenidos para la Venta,3,A153,,,Activo,Ninguno,Sin centro de Costos,PLAN DE CUENTAS CONTASIS.xlsx,PLAN DE CUENTAS,403
27522,REVALUACIÓN - Edificaciones -Depreciación Acumulada - Propiedad de Inversión - Mantenidos para Venta,3,A153,,,Activo,Ninguno,Sin centro de Costos,PLAN DE CUENTAS CONTASIS.xlsx,PLAN DE CUENTAS,404
27523,COSTO DE FINANCIACIÓN - Edificaciones -Depreciación Acumulada - Propiedad Inversión - Mantenido Vent,3,A153,,,Activo,Ninguno,Sin centro de Costos,PLAN DE CUENTAS CONTASIS.xlsx,PLAN DE CUENTAS,405
276,DEPRECIACIÓN ACUMULADA - Propiedad Planta Equipo - Activos No Ctes Mantenidos para Venta,2,,,,Activo,,,PLAN DE CUENTAS CONTASIS.xlsx,PLAN DE CUENTAS,406
2760,PLANTA PRODUCTORA EN PRODUCCIÓN - Depreciación Acumulada - Propiedad Planta Equipo - Mantenido Venta,2,,,,Activo,,,PLAN DE CUENTAS CONTASIS.xlsx,PLAN DE CUENTAS,407
27601,COSTO - Planta Productora en Producción - Deprec Acumul - Propiedad Planta Equipo - Mantenido Venta,3,A153,,,Activo,Ninguno,Sin centro de Costos,PLAN DE CUENTAS CONTASIS.xlsx,PLAN DE CUENTAS,408
27602,REVALUACIÓN- Planta Productora Producción - Deprec Acumul - Propiedad Planta Equipo - Manten Venta,3,A153,,,Activo,Ninguno,Sin centro de Costos,PLAN DE CUENTAS CONTASIS.xlsx,PLAN DE CUENTAS,409
27603,COSTO DE FINANCIACIÓN - Planta Productora Producción - Deprec Acumul - Prop Planta Eq - Manten Venta,3,A153,,,Activo,Ninguno,Sin centro de Costos,PLAN DE CUENTAS CONTASIS.xlsx,PLAN DE CUENTAS,410
27604,VALOR RAZONABLE - Planta Productora Producción - Deprec Acumul - Prop Planta Eq - Manten Venta,3,A153,,,Activo,Ninguno,Sin centro de Costos,PLAN DE CUENTAS CONTASIS.xlsx,PLAN DE CUENTAS,411
2762,EDIFICACIONES - Depreciación Acumulada - Propiedad Planta Equipo - Manten Venta,2,,,,Activo,,,PLAN DE CUENTAS CONTASIS.xlsx,PLAN DE CUENTAS,412
27621,COSTO  - Edificaciones  - Deprec Acumul - Propiedad Planta Equipo - Manten Venta,3,A153,,,Activo,Ninguno,Sin centro de Costos,PLAN DE CUENTAS CONTASIS.xlsx,PLAN DE CUENTAS,413
27622,REVALUACIÓN - Edificaciones  - Deprec Acumul - Propiedad Planta Equipo - Manten Venta,3,A153,,,Activo,Ninguno,Sin centro de Costos,PLAN DE CUENTAS CONTASIS.xlsx,PLAN DE CUENTAS,414
27623,COSTO DE FINANCIACIÓN - Edificaciones  - Deprec Acumul - Propiedad Planta Equipo - Manten Venta,3,A153,,,Activo,Ninguno,Sin centro de Costos,PLAN DE CUENTAS CONTASIS.xlsx,PLAN DE CUENTAS,415
2763,MAQUINARIA Y EQUIPOS DE EXPLOTACIÓN - Deprec Acumul - Propiedad Planta Equipo - Manten Venta,2,,,,Activo,,,PLAN DE CUENTAS CONTASIS.xlsx,PLAN DE CUENTAS,416
27631,COSTO - Maquinaria Y Equipos De Explotación  - Deprec Acumul - Propiedad Planta Equipo - Manten Vent,3,A153,,,Activo,Ninguno,Sin centro de Costos,PLAN DE CUENTAS CONTASIS.xlsx,PLAN DE CUENTAS,417
27632,REVALUACIÓN - Maquinaria Equipos  Explotación  - Deprec Acumul - Propiedad Planta Equipo - Manten Ve,3,A153,,,Activo,Ninguno,Sin centro de Costos,PLAN DE CUENTAS CONTASIS.xlsx,PLAN DE CUENTAS,418
27633,COSTO FINANCIACIÓN - Maquinaria Equipo Explotación - Deprec Acumul - Propied Planta Eq - Mant Venta,3,A153,,,Activo,Ninguno,Sin centro de Costos,PLAN DE CUENTAS CONTASIS.xlsx,PLAN DE CUENTAS,419
2764,UNIDADES DE TRANSPORTE - Deprec Acumul - Propiedad Planta Equipo - Manten Venta,2,,,,Activo,,,PLAN DE CUENTAS CONTASIS.xlsx,PLAN DE CUENTAS,420
27641,COSTO - Unidades De Transporte - Deprec Acumul - Propiedad Planta Equipo - Manten Venta,3,A153,,,Activo,Ninguno,Sin centro de Costos,PLAN DE CUENTAS CONTASIS.xlsx,PLAN DE CUENTAS,421
27642,REVALUACIÓN - Unidades De Transporte - Deprec Acumul - Propiedad Planta Equipo - Manten Venta,3,A153,,,Activo,Ninguno,Sin centro de Costos,PLAN DE CUENTAS CONTASIS.xlsx,PLAN DE CUENTAS,422
2765,MUEBLES Y ENSERES - Deprec Acumul - Propiedad Planta Equipo - Manten Venta,2,,,,Activo,,,PLAN DE CUENTAS CONTASIS.xlsx,PLAN DE CUENTAS,423
27651,COSTO - Muebles Y Enseres - Deprec Acumul - Propiedad Planta Equipo - Manten Venta,3,A153,,,Activo,Ninguno,Sin centro de Costos,PLAN DE CUENTAS CONTASIS.xlsx,PLAN DE CUENTAS,424
27652,REVALUACIÓN - Muebles Y Enseres - Deprec Acumul - Propiedad Planta Equipo - Manten Venta,3,A153,,,Activo,Ninguno,Sin centro de Costos,PLAN DE CUENTAS CONTASIS.xlsx,PLAN DE CUENTAS,425
2766,EQUIPOS DIVERSOS - Deprec Acumul - Propiedad Planta Equipo - Manten Venta,2,,,,Activo,,,PLAN DE CUENTAS CONTASIS.xlsx,PLAN DE CUENTAS,426
27661,COSTO - Equipos Diversos - Deprec Acumul - Propiedad Planta Equipo - Manten Venta,3,A153,,,Activo,Ninguno,Sin centro de Costos,PLAN DE CUENTAS CONTASIS.xlsx,PLAN DE CUENTAS,427
27662,REVALUACIÓN - Equipos Diversos - Deprec Acumul - Propiedad Planta Equipo - Manten Venta,3,A153,,,Activo,Ninguno,Sin centro de Costos,PLAN DE CUENTAS CONTASIS.xlsx,PLAN DE CUENTAS,428
2767,HERRAMIENTAS Y UNIDADES DE REEMPLAZO - Deprec Acumul - Propiedad Planta Equipo - Manten Venta,2,,,,Activo,,,PLAN DE CUENTAS CONTASIS.xlsx,PLAN DE CUENTAS,429
27671,COSTO - Herramientas Unidades De Reemplazo - Deprec Acumul - Propiedad Planta Equipo - Manten Vent,3,A153,,,Activo,Ninguno,Sin centro de Costos,PLAN DE CUENTAS CONTASIS.xlsx,PLAN DE CUENTAS,430
27672,REVALUACIÓN - Herramientas y Unidades Reemplazo - Deprec Acumul - Propiedad Planta Eq - Mant Venta,3,A153,,,Activo,Ninguno,Sin centro de Costos,PLAN DE CUENTAS CONTASIS.xlsx,PLAN DE CUENTAS,431
277,AMORTIZACIÓN ACUMULADA - INTANGIBLES - Mantenidos para Venta,2,,,,Activo,,,PLAN DE CUENTAS CONTASIS.xlsx,PLAN DE CUENTAS,432
2771,"CONCESIONES, LICENCIAS Y DERECHOS - Intangibles - Amortización Acumulada - Mantenidos para Venta",2,,,,Activo,,,PLAN DE CUENTAS CONTASIS.xlsx,PLAN DE CUENTAS,433
27711,"COSTO - Concesiones, Licencias Y Derechos  - Intangibles - Amortización Acumulada - Mantenidos Venta",3,A153,,,Activo,Ninguno,Sin centro de Costos,PLAN DE CUENTAS CONTASIS.xlsx,PLAN DE CUENTAS,434
27712,"REVALUACIÓN  - Concesiones, Licencias Derechos   - Intangibles - Amortización Acumul - Manten Venta",3,A153,,,Activo,Ninguno,Sin centro de Costos,PLAN DE CUENTAS CONTASIS.xlsx,PLAN DE CUENTAS,435
2772,PATENTES Y PROPIEDAD INDUSTRIAL - Intangibles - Amortización Acumulada - Mantenidos para Venta,2,,,,Activo,,,PLAN DE CUENTAS CONTASIS.xlsx,PLAN DE CUENTAS,436
27721,COSTO- Patentes Y Propiedad Industrial - Intangibles  - Amortización Acumulada - Mantenidos Venta,3,A153,,,Activo,Ninguno,Sin centro de Costos,PLAN DE CUENTAS CONTASIS.xlsx,PLAN DE CUENTAS,437
27722,REVALUACIÓN - Patentes Propiedad Industrial - Intangibles - Amortización Acumulada - Mantenidos Vent,3,A153,,,Activo,Ninguno,Sin centro de Costos,PLAN DE CUENTAS CONTASIS.xlsx,PLAN DE CUENTAS,438
2773,PROGRAMA DE COMPUTADORA (SOFTWARE) - Intangibles - Amortización Acumulada - Mantenidos para Venta,2,,,,Activo,,,PLAN DE CUENTAS CONTASIS.xlsx,PLAN DE CUENTAS,439
27731,COSTO- Programa De Computadora (Software) - Intangibles - Amortización Acumulada - Mantenidos Venta,3,A153,,,Activo,Ninguno,Sin centro de Costos,PLAN DE CUENTAS CONTASIS.xlsx,PLAN DE CUENTAS,440
27732,REVALUACIÓN - Programa De Computadora (Software) - Intangible - Amortiz Acumul - Mantenidos Venta,3,A153,,,Activo,Ninguno,Sin centro de Costos,PLAN DE CUENTAS CONTASIS.xlsx,PLAN DE CUENTAS,441
2774,COSTOS DE EXPLORACIÓN Y DESARROLLO - Intangibles - Amortización Acumulada - Mantenidos para Venta,2,,,,Activo,,,PLAN DE CUENTAS CONTASIS.xlsx,PLAN DE CUENTAS,442
27741,COSTO - Costos De Exploración Y Desarrollo - Intangibles - Amortización Acumulada - Mantenidos Venta,3,A153,,,Activo,Ninguno,Sin centro de Costos,PLAN DE CUENTAS CONTASIS.xlsx,PLAN DE CUENTAS,443
27742,REVALUACIÓN - Costos Exploración Desarrollo - Intangibles - Amortización Acumulada - Mantenidos Vent,3,A153,,,Activo,Ninguno,Sin centro de Costos,PLAN DE CUENTAS CONTASIS.xlsx,PLAN DE CUENTAS,444
2775,"FÓRMULAS, DISEÑOS Y PROTOTIPOS - Intangibles - Amortización Acumulada - Mantenidos para Venta",2,,,,Activo,,,PLAN DE CUENTAS CONTASIS.xlsx,PLAN DE CUENTAS,445
27751,"COSTO - Fórmulas, Diseños Y Prototipos  - Intangibles - Amortización Acumulada - Mantenidos Venta",3,A153,,,Activo,Ninguno,Sin centro de Costos,PLAN DE CUENTAS CONTASIS.xlsx,PLAN DE CUENTAS,446
27752,"REVALUACIÓN - Fórmulas, Diseños Y Prototipos  - Intangibles - Amortización Acumulada - Mantenid Vent",3,A153,,,Activo,Ninguno,Sin centro de Costos,PLAN DE CUENTAS CONTASIS.xlsx,PLAN DE CUENTAS,447
2779,OTROS ACTIVOS INTANGIBLES - Amortización Acumulada - Mantenidos para Venta,2,,,,Activo,,,PLAN DE CUENTAS CONTASIS.xlsx,PLAN DE CUENTAS,448
27791,COSTO - Otros Activos Intangibles - Intangibles - Amortización Acumulada - Mantenidos para Venta,3,A153,,,Activo,Ninguno,Sin centro de Costos,PLAN DE CUENTAS CONTASIS.xlsx,PLAN DE CUENTAS,449
27792,REVALUACIÓN - Otros Activos Intangibles - Intangibles   - Amortización Acumulada - Mantenidos Venta,3,A153,,,Activo,Ninguno,Sin centro de Costos,PLAN DE CUENTAS CONTASIS.xlsx,PLAN DE CUENTAS,450
278,DEPRECIACIÓN ACUMULADA - ACTIVOS BIOLÓGICOS - Depreciación Acumulada - Mantenidos para Venta,2,,,,Activo,,,PLAN DE CUENTAS CONTASIS.xlsx,PLAN DE CUENTAS,451
2781,ACTIVOS BIOLOGICOS EN PRODUCCIÓN - Depreciación Acumulada - Mantenidos para Venta,2,,,,Activo,,,PLAN DE CUENTAS CONTASIS.xlsx,PLAN DE CUENTAS,452
27811,COSTO - Activos Biológico en Producción - Depreciación Acumulada - Mantenidos para Venta,3,A153,,,Activo,Ninguno,Sin centro de Costos,PLAN DE CUENTAS CONTASIS.xlsx,PLAN DE CUENTAS,453
27813,COSTO DE FINANCIACIÓN - Activos Biologicos En Producción - Depreciación Acumulada - Mantenidos Venta,3,A153,,,Activo,Ninguno,Sin centro de Costos,PLAN DE CUENTAS CONTASIS.xlsx,PLAN DE CUENTAS,454
2782,ACTIVOS BIOLOGICOS EN DESARROLLO - Depreciación Acumulada - Mantenidos para Venta,2,,,,Activo,,,PLAN DE CUENTAS CONTASIS.xlsx,PLAN DE CUENTAS,455
27821,COSTO - Activos Biologicos En Desarrollo - Depreciación Acumulada - Mantenidos para Venta,3,A153,,,Activo,Ninguno,Sin centro de Costos,PLAN DE CUENTAS CONTASIS.xlsx,PLAN DE CUENTAS,456
27823,COSTO DE FINANCIACIÓN - Activos Biologicos En Desarrollo - Depreciación Acumulada - Mantenidos Venta,3,A153,,,Activo,Ninguno,Sin centro de Costos,PLAN DE CUENTAS CONTASIS.xlsx,PLAN DE CUENTAS,457
279,DESVALORIZACIÓN ACUMULADA - Mantenidos para Venta,2,,,,Activo,,,PLAN DE CUENTAS CONTASIS.xlsx,PLAN DE CUENTAS,458
2791,PROPIEDAD DE INVERSIÓN - Desvalorización Acumulada - Mantenidos para Venta,2,,,,Activo,,,PLAN DE CUENTAS CONTASIS.xlsx,PLAN DE CUENTAS,459
27910,PLANTA PRODUCTORA EN PRODUCCIÓN - Propiedad de Inversión - Desvaloriz Acumulada - Mantenidos Venta,3,A153,,,Activo,Ninguno,Sin centro de Costos,PLAN DE CUENTAS CONTASIS.xlsx,PLAN DE CUENTAS,460
27911,PLANTA PRODUCTORA EN DESARROLLO - Propiedad de Inversión - Desvaloriz Acumulada - Mantenidos Venta,3,A153,,,Activo,Ninguno,Sin centro de Costos,PLAN DE CUENTAS CONTASIS.xlsx,PLAN DE CUENTAS,461
27912,TERRENOS - Propiedad de Inversión - Desvalorización Acumulada - Mantenidos para Venta,3,A153,,,Activo,Ninguno,Sin centro de Costos,PLAN DE CUENTAS CONTASIS.xlsx,PLAN DE CUENTAS,462
27913,EDIFICACIONES - Propiedad de Inversión - Desvalorización Acumulada - Mantenidos para Venta,3,A153,,,Activo,Ninguno,Sin centro de Costos,PLAN DE CUENTAS CONTASIS.xlsx,PLAN DE CUENTAS,463
2793,"PROPIEDAD, PLANTA Y EQUIPO - Desvalorización Acumulada - Mantenidos para Venta",2,,,,Activo,,,PLAN DE CUENTAS CONTASIS.xlsx,PLAN DE CUENTAS,464
27930,"PLANTAS PRODUCTORAS EN PRODUCCIÓN - Propiedad, Planta Equipo - Desvaloriz Acumulada - Mantenid Venta",3,A153,,,Activo,Ninguno,Sin centro de Costos,PLAN DE CUENTAS CONTASIS.xlsx,PLAN DE CUENTAS,465
27931,"PLANTA PRODUCTORA EN DESARROLLO - Propiedad, Planta y Equipo - Desvaloriz Acumul - Mantenidos Venta",3,A153,,,Activo,Ninguno,Sin centro de Costos,PLAN DE CUENTAS CONTASIS.xlsx,PLAN DE CUENTAS,466
27932,"TERRENOS - Propiedad, Planta y Equipo - Desvalorización Acumulada - Mantenidos para Venta",3,A153,,,Activo,Ninguno,Sin centro de Costos,PLAN DE CUENTAS CONTASIS.xlsx,PLAN DE CUENTAS,467
27933,"EDIFICACIONES - Propiedad, Planta y Equipo - Desvalorización Acumulada - Mantenidos para Venta",3,A153,,,Activo,Ninguno,Sin centro de Costos,PLAN DE CUENTAS CONTASIS.xlsx,PLAN DE CUENTAS,468
27934,"MAQUINARIA Y EQUIPOS DE EXPLOTACIÓN - Propiedad, Planta Equipo - Desvaloriz Acumul - Mantenidos Vent",3,A153,,,Activo,Ninguno,Sin centro de Costos,PLAN DE CUENTAS CONTASIS.xlsx,PLAN DE CUENTAS,469
27935,"UNIDADES DE TRANSPORTE - Propiedad, Planta y Equipo - Desvalorización Acumulada - Mantenidos Venta",3,A153,,,Activo,Ninguno,Sin centro de Costos,PLAN DE CUENTAS CONTASIS.xlsx,PLAN DE CUENTAS,470
27936,"MUEBLES Y ENSERES - Propiedad, Planta y Equipo - Desvalorización Acumulada - Mantenidos para Venta",3,A153,,,Activo,Ninguno,Sin centro de Costos,PLAN DE CUENTAS CONTASIS.xlsx,PLAN DE CUENTAS,471
27937,"EQUIPOS DIVERSOS - Propiedad, Planta y Equipo - Desvalorización Acumulada - Mantenidos para Venta",3,A153,,,Activo,Ninguno,Sin centro de Costos,PLAN DE CUENTAS CONTASIS.xlsx,PLAN DE CUENTAS,472
27938,"HERRAMIENTAS Y UNIDADES DE REEMPLAZO - Propiedad, Planta y Equipo - Desvaloriz Acumul - Manten Venta",3,A153,,,Activo,Ninguno,Sin centro de Costos,PLAN DE CUENTAS CONTASIS.xlsx,PLAN DE CUENTAS,473
2794,INTANGIBLES  - Desvalorización Acumulada - Mantenidos para Venta,2,,,,Activo,,,PLAN DE CUENTAS CONTASIS.xlsx,PLAN DE CUENTAS,474
27941,"CONCESIONES, LICENCIAS Y OTROS DERECHOS - Intangibles - Desvalorización Acumul - Mantenidos Venta",3,A153,,,Activo,Ninguno,Sin centro de Costos,PLAN DE CUENTAS CONTASIS.xlsx,PLAN DE CUENTAS,475
27942,PATENTES Y PROPIEDAD INDUSTRIAL - Intangibles - Desvalorización Acumulada - Mantenidos para Venta,3,A153,,,Activo,Ninguno,Sin centro de Costos,PLAN DE CUENTAS CONTASIS.xlsx,PLAN DE CUENTAS,476
27943,PROGRAMAS DE COMPUTADORA (SOFTWARE) - Intangibles - Desvaloriz Acumul - Mantenidos para Venta,3,A153,,,Activo,Ninguno,Sin centro de Costos,PLAN DE CUENTAS CONTASIS.xlsx,PLAN DE CUENTAS,477
27944,COSTOS DE EXPLORACIÓN Y DESARROLLO - Intangibles - Desvalorización Acumulada - Mantenidos para Venta,3,A153,,,Activo,Ninguno,Sin centro de Costos,PLAN DE CUENTAS CONTASIS.xlsx,PLAN DE CUENTAS,478
27945,"FÓRMULAS, DISEÑOS Y PROTOTIPOS - Intangibles - Desvalorización Acumulada - Mantenidos para Venta",3,A153,,,Activo,Ninguno,Sin centro de Costos,PLAN DE CUENTAS CONTASIS.xlsx,PLAN DE CUENTAS,479
27949,OTROS ACTIVOS INTANGIBLES - Intangibles - Desvalorización Acumulada - Mantenidos para Venta,3,A153,,,Activo,Ninguno,Sin centro de Costos,PLAN DE CUENTAS CONTASIS.xlsx,PLAN DE CUENTAS,480
2795,ACTIVOS BIOLÓGICOS - Desvalorización Acumulada - Mantenidos para Venta,2,,,,Activo,,,PLAN DE CUENTAS CONTASIS.xlsx,PLAN DE CUENTAS,481
27951,ACTIVOS BIOLÓGICOS EN PRODUCCIÓN - Activos Biológicos - Desvaloriz Acumul - Mantenidos para Venta,3,A153,,,Activo,Ninguno,Sin centro de Costos,PLAN DE CUENTAS CONTASIS.xlsx,PLAN DE CUENTAS,482
27952,ACTIVOS BIOLÓGICOS EN DESARROLLO - Activos Biológicos - Desvaloriz Acumul - Mantenidos para Ventaw,3,A153,,,Activo,Ninguno,Sin centro de Costos,PLAN DE CUENTAS CONTASIS.xlsx,PLAN DE CUENTAS,483
28,INVENTARIOS POR RECIBIR,1,,,,Activo,,,PLAN DE CUENTAS CONTASIS.xlsx,PLAN DE CUENTAS,484
281,MERCADERIAS - Por Recibir,2,,,,Activo,,,PLAN DE CUENTAS CONTASIS.xlsx,PLAN DE CUENTAS,485
2811,MERCADERIAS - Por Recibir,3,A151,,,Activo,Ninguno,Sin centro de Costos,PLAN DE CUENTAS CONTASIS.xlsx,PLAN DE CUENTAS,486
284,MATERIAS PRIMAS - Por Recibir,2,,,,Activo,,,PLAN DE CUENTAS CONTASIS.xlsx,PLAN DE CUENTAS,487
2841,MATERIAS PRIMAS - Por Recibir,3,A151,,,Activo,Ninguno,Sin centro de Costos,PLAN DE CUENTAS CONTASIS.xlsx,PLAN DE CUENTAS,488
285,"MATERIALES AUXILIARES , SUMINISTROS Y REPUESTOS - Por Recibir",2,,,,Activo,,,PLAN DE CUENTAS CONTASIS.xlsx,PLAN DE CUENTAS,489
2851,"MATERIALES AUXILIARES, SUMINISTROS Y REPUESTOS - Por Recibir",3,A151,,,Activo,Ninguno,Sin centro de Costos,PLAN DE CUENTAS CONTASIS.xlsx,PLAN DE CUENTAS,490
286,ENVASES Y EMBALAJES - Por Recibir,2,,,,Activo,,,PLAN DE CUENTAS CONTASIS.xlsx,PLAN DE CUENTAS,491
2861,ENVASES Y EMBALAJES - Por Recibir,3,A151,,,Activo,Ninguno,Sin centro de Costos,PLAN DE CUENTAS CONTASIS.xlsx,PLAN DE CUENTAS,492
29,DESVALORIZACION DE INVENTARIOS,1,,,,Activo,Ninguno,,PLAN DE CUENTAS CONTASIS.xlsx,PLAN DE CUENTAS,493
291,MERCADERIAS - Desvalorización,2,,,,Activo,,,PLAN DE CUENTAS CONTASIS.xlsx,PLAN DE CUENTAS,494
2911,MERCADERIAS,2,,,,Activo,,,PLAN DE CUENTAS CONTASIS.xlsx,PLAN DE CUENTAS,495
29111,COSTO - Mercaderias - Desvalorización,3,A152,,,Activo,Ninguno,Sin centro de Costos,PLAN DE CUENTAS CONTASIS.xlsx,PLAN DE CUENTAS,496
292,PRODUCTOS TERMINADOS - Desvalorización,2,,,,Activo,,,PLAN DE CUENTAS CONTASIS.xlsx,PLAN DE CUENTAS,497
2921,PRODUCTOS TERMINADOS,2,,,,Activo,,,PLAN DE CUENTAS CONTASIS.xlsx,PLAN DE CUENTAS,498
29211,COSTO - Productos Terminados - Desvalorización,3,A152,,,Activo,Ninguno,Sin centro de Costos,PLAN DE CUENTAS CONTASIS.xlsx,PLAN DE CUENTAS,499
29213,COSTO DE FINANCIACIÓN - Productos Terminados - Desvalorización,3,A152,,,Activo,Ninguno,Sin centro de Costos,PLAN DE CUENTAS CONTASIS.xlsx,PLAN DE CUENTAS,500
2925,INVENTARIO DE SERVICIOS TERMINADOS - Desvalorizacion,2,,,,Activo,,,PLAN DE CUENTAS CONTASIS.xlsx,PLAN DE CUENTAS,501
29251,COSTO - Inventario de Servicios Terminados - Desvalorización,3,A152,,,Activo,Ninguno,Sin centro de Costos,PLAN DE CUENTAS CONTASIS.xlsx,PLAN DE CUENTAS,502
293,"SUB-PRODUCTOS, DESECHOS Y DESPERDICIOS - Desvalorización",2,,,,Activo,,,PLAN DE CUENTAS CONTASIS.xlsx,PLAN DE CUENTAS,503
2931,SUB - PRODUCTOS - Desvalorizacion,3,A152,,,Activo,Ninguno,Sin centro de Costos,PLAN DE CUENTAS CONTASIS.xlsx,PLAN DE CUENTAS,504
2932,DESECHOS Y DESPERDICIOS - Desvalorizacion,3,A152,,,Activo,Ninguno,Sin centro de Costos,PLAN DE CUENTAS CONTASIS.xlsx,PLAN DE CUENTAS,505
294,PRODUCTOS EN PROCESO - Desvalorización,2,,,,Activo,,,PLAN DE CUENTAS CONTASIS.xlsx,PLAN DE CUENTAS,506
2941,PRODUCTOS EN PROCESO - Desvalorizacion,2,,,,Activo,,,PLAN DE CUENTAS CONTASIS.xlsx,PLAN DE CUENTAS,507
29411,COSTO - Productos en Proceso - Desvalorizacion,3,A152,,,Activo,Ninguno,Sin centro de Costos,PLAN DE CUENTAS CONTASIS.xlsx,PLAN DE CUENTAS,508
29413,COSTO DE FINANCIACIÓN- Productos en Proceso - Desvalorizacion,3,A152,,,Activo,Ninguno,Sin centro de Costos,PLAN DE CUENTAS CONTASIS.xlsx,PLAN DE CUENTAS,509
2945,INVENTARIOS DE SERVICIOS EN PROCESO - Desvalorizacion,2,,,,Activo,,,PLAN DE CUENTAS CONTASIS.xlsx,PLAN DE CUENTAS,510
29451,INVENTARIOS DE SERVICIOS EN PROCESO - Desvalorizacion,3,A152,,,Activo,Ninguno,Sin centro de Costos,PLAN DE CUENTAS CONTASIS.xlsx,PLAN DE CUENTAS,511
295,MATERIAS PRIMAS - Desvalorización,2,,,,Activo,,,PLAN DE CUENTAS CONTASIS.xlsx,PLAN DE CUENTAS,512
2951,MATERIAS PRIMAS - Desvalorizacion,2,,,,Activo,,,PLAN DE CUENTAS CONTASIS.xlsx,PLAN DE CUENTAS,513
29511,COSTO - Materias Primas - Desvalorizacion,3,A152,,,Activo,Ninguno,Sin centro de Costos,PLAN DE CUENTAS CONTASIS.xlsx,PLAN DE CUENTAS,514
296,"MATERIALES AUXILIARES, SUMINISTROS Y REPUESTOS - Desvalorización",2,,,,Activo,,,PLAN DE CUENTAS CONTASIS.xlsx,PLAN DE CUENTAS,515
2961,MATERIALES AUXILIARES - Desvalorizacion,3,A152,,,Activo,Ninguno,Sin centro de Costos,PLAN DE CUENTAS CONTASIS.xlsx,PLAN DE CUENTAS,516
2962,SUMINISTROS - Desvalorizacion,3,A152,,,Activo,Ninguno,Sin centro de Costos,PLAN DE CUENTAS CONTASIS.xlsx,PLAN DE CUENTAS,517
2963,REPUESTOS - Desvalorizacion,3,A152,,,Activo,Ninguno,Sin centro de Costos,PLAN DE CUENTAS CONTASIS.xlsx,PLAN DE CUENTAS,518
297,ENVASES Y EMBALAJES - Desvalorización,2,,,,Activo,,,PLAN DE CUENTAS CONTASIS.xlsx,PLAN DE CUENTAS,519
2971,ENVASES - Desvalorizacion,3,A152,,,Activo,Ninguno,Sin centro de Costos,PLAN DE CUENTAS CONTASIS.xlsx,PLAN DE CUENTAS,520
2972,EMBALAJES - Desvalorizacion,3,A152,,,Activo,Ninguno,Sin centro de Costos,PLAN DE CUENTAS CONTASIS.xlsx,PLAN DE CUENTAS,521
298,EXISTENCIAS POR RECIBIR - Desvalorización,2,,,,Activo,,,PLAN DE CUENTAS CONTASIS.xlsx,PLAN DE CUENTAS,522
2981,MERCADERIAS - Por Recibir - Desvalorizacion,3,A152,,,Activo,Ninguno,Sin centro de Costos,PLAN DE CUENTAS CONTASIS.xlsx,PLAN DE CUENTAS,523
2982,MATERIAS PRIMAS - Por Recibir - Desvalorizacion,3,A152,,,Activo,Ninguno,Sin centro de Costos,PLAN DE CUENTAS CONTASIS.xlsx,PLAN DE CUENTAS,524
2983,"MATERIALES  AUXILIARES, SUMINISTROS Y REPUESTOS - Por Recibir - Desvalorizacion",3,A152,,,Activo,Ninguno,Sin centro de Costos,PLAN DE CUENTAS CONTASIS.xlsx,PLAN DE CUENTAS,525
2984,ENVASES Y EMBALAJES - Por Recibir - Desvalorizacion,3,A152,,,Activo,Ninguno,Sin centro de Costos,PLAN DE CUENTAS CONTASIS.xlsx,PLAN DE CUENTAS,526
30,INVERSIONES MOBILIARIAS,1,,,,Activo,,,PLAN DE CUENTAS CONTASIS.xlsx,PLAN DE CUENTAS,527
301,INVERSIONES A SER MANTENIDAS HASTA EL VENCIMIENTO,2,,,,Activo,,,PLAN DE CUENTAS CONTASIS.xlsx,PLAN DE CUENTAS,528
3011,INSTRUMENTOS FINANCIEROS REPRESENTIVOS DE DEUDA - Mantenidas Hasta el Vencimiento,2,,,,Activo,,,PLAN DE CUENTAS CONTASIS.xlsx,PLAN DE CUENTAS,529
30111,COSTO - Instrumentos Financieros Representativos Deuda - Mantenidas hasta el Vencimiento,3,A157,,,Activo,Ninguno,Sin centro de Costos,PLAN DE CUENTAS CONTASIS.xlsx,PLAN DE CUENTAS,530
30114,VALOR RAZONABLE - Instrumentos Financieros Representativos Deuda - Mantenidas Hasta el Vencimiento,3,A157,,,Activo,Ninguno,Sin centro de Costos,PLAN DE CUENTAS CONTASIS.xlsx,PLAN DE CUENTAS,531
302,INSTRUMENTOS FINANCIEROS REPRESENTIVOS DE DERECHO PATRIMONIAL,2,,,,Activo,,,PLAN DE CUENTAS CONTASIS.xlsx,PLAN DE CUENTAS,532
3021,CERTIFICADOS DE SUSCRIPCIÓN PREFERENTE - Representativos de Derecho Patrimonial,3,A157,,,Activo,Ninguno,Sin centro de Costos,PLAN DE CUENTAS CONTASIS.xlsx,PLAN DE CUENTAS,533
3022,ACCIONES REPRESENTIVAS DE CAPITAL SOCIAL - COMUNES,2,,,,Activo,,,PLAN DE CUENTAS CONTASIS.xlsx,PLAN DE CUENTAS,534
30221,COSTO - Acciones Representativas de Capital Social - Comunes,3,A157,,,Activo,Ninguno,Sin centro de Costos,PLAN DE CUENTAS CONTASIS.xlsx,PLAN DE CUENTAS,535
30224,VALOR RAZONABLE - Acciones Representativas de Capital Social - Comunes,3,A157,,,Activo,Ninguno,Sin centro de Costos,PLAN DE CUENTAS CONTASIS.xlsx,PLAN DE CUENTAS,536
30225,PARTICIPACIÓN PATRIMONIAL - Acciones representativas de Capital Social - Comunes,3,A157,,,Activo,Ninguno,Sin centro de Costos,PLAN DE CUENTAS CONTASIS.xlsx,PLAN DE CUENTAS,537
3023,ACCIONES REPRESENTATIVAS DE CAPITAL SOCIAL - PREFERENTES,2,,,,Activo,,,PLAN DE CUENTAS CONTASIS.xlsx,PLAN DE CUENTAS,538
30231,COSTO - Acciones Representativas de Capital Social - Preferentes,3,A157,,,Activo,Ninguno,Sin centro de Costos,PLAN DE CUENTAS CONTASIS.xlsx,PLAN DE CUENTAS,539
30234,VALOR RAZONABLE - Acciones Representativas de Capital Social - Preferentes,3,A157,,,Activo,Ninguno,Sin centro de Costos,PLAN DE CUENTAS CONTASIS.xlsx,PLAN DE CUENTAS,540
30235,PARTICIPACIÓN PATRIMONIAL - Acciones Representativas de Capital Social - Preferentes,3,A157,,,Activo,Ninguno,Sin centro de Costos,PLAN DE CUENTAS CONTASIS.xlsx,PLAN DE CUENTAS,541
3024,ACCIONES DE INVERSIÓN - Representativos de Derecho Patrimonial,2,,,,Activo,,,PLAN DE CUENTAS CONTASIS.xlsx,PLAN DE CUENTAS,542
30241,COSTO - Acciones de Inversión - Representativos de Derecho Patrimonial,3,A157,,,Activo,Ninguno,Sin centro de Costos,PLAN DE CUENTAS CONTASIS.xlsx,PLAN DE CUENTAS,543
30244,VALOR RAZONABLE - Acciones de Inversión - Representativos de Derecho Patrimonial,3,A157,,,Activo,Ninguno,Sin centro de Costos,PLAN DE CUENTAS CONTASIS.xlsx,PLAN DE CUENTAS,544
30245,PARTICIPACIÓN PATRIMONIAL - Acciones de Inversión - Representativos de Derecho Patrimonial,3,A157,,,Activo,Ninguno,Sin centro de Costos,PLAN DE CUENTAS CONTASIS.xlsx,PLAN DE CUENTAS,545
3028,OTROS TITULOS REPRESENTATIVOS DE PATRIMONIO,2,,,,Activo,,,PLAN DE CUENTAS CONTASIS.xlsx,PLAN DE CUENTAS,546
30281,COSTO - Otros Títulos Representativos de Patrimonio,3,A157,,,Activo,Ninguno,Sin centro de Costos,PLAN DE CUENTAS CONTASIS.xlsx,PLAN DE CUENTAS,547
30284,VALOR RAZONABLE - Otros Títulos Representativos de Patrimonio,3,A157,,,Activo,Ninguno,Sin centro de Costos,PLAN DE CUENTAS CONTASIS.xlsx,PLAN DE CUENTAS,548
30285,PARTICIPACIÓN PATRIMONIAL - Otros Títulos Representativos de Patrimonio,3,A157,,,Activo,Ninguno,Sin centro de Costos,PLAN DE CUENTAS CONTASIS.xlsx,PLAN DE CUENTAS,549
303,CERTIFICADOS DE PARTICIPACIÓN EN FONDOS - CUOTAS,2,,,,Activo,,,PLAN DE CUENTAS CONTASIS.xlsx,PLAN DE CUENTAS,550
3031,FONDOS DE INVERSIÓN,2,,,,Activo,,,PLAN DE CUENTAS CONTASIS.xlsx,PLAN DE CUENTAS,551
30311,COSTO - Fondos de Inversión - Cuotas,3,A157,,,Activo,Ninguno,Sin centro de Costos,PLAN DE CUENTAS CONTASIS.xlsx,PLAN DE CUENTAS,552
30314,VALOR RAZONABLE - Fondos de Inversión - Cuotas,3,A157,,,Activo,Ninguno,Sin centro de Costos,PLAN DE CUENTAS CONTASIS.xlsx,PLAN DE CUENTAS,553
3032,FONDOS MUTUOS,2,,,,Activo,,,PLAN DE CUENTAS CONTASIS.xlsx,PLAN DE CUENTAS,554
30321,COSTO - Fondos Mutuos - Cuotas,3,A157,,,Activo,Ninguno,Sin centro de Costos,PLAN DE CUENTAS CONTASIS.xlsx,PLAN DE CUENTAS,555
30324,VALOR RAZONABLE - Fondos Mutuos - Cuotas,3,A157,,,Activo,Ninguno,Sin centro de Costos,PLAN DE CUENTAS CONTASIS.xlsx,PLAN DE CUENTAS,556
304,PARTICIPACIÓN EN ACUERDOS CONJUNTOS,2,,,,Activo,,,PLAN DE CUENTAS CONTASIS.xlsx,PLAN DE CUENTAS,557
3041,OPERACIONES CONJUNTAS,2,,,,Activo,,,PLAN DE CUENTAS CONTASIS.xlsx,PLAN DE CUENTAS,558
30411,COSTO - Operaciones Conjuntas,3,A157,,,Activo,Ninguno,Sin centro de Costos,PLAN DE CUENTAS CONTASIS.xlsx,PLAN DE CUENTAS,559
30414,VALOR RAZONABLE - Operaciones Conjuntas,3,A157,,,Activo,Ninguno,Sin centro de Costos,PLAN DE CUENTAS CONTASIS.xlsx,PLAN DE CUENTAS,560
30415,PARTICIPACIÓN PATRIMONIAL - Operaciones Conjuntas,3,A157,,,Activo,Ninguno,Sin centro de Costos,PLAN DE CUENTAS CONTASIS.xlsx,PLAN DE CUENTAS,561
3042,NEGOCIOS CONJUNTOS,2,,,,Activo,,,PLAN DE CUENTAS CONTASIS.xlsx,PLAN DE CUENTAS,562
30421,COSTO - Negocios Conjuntos,3,A157,,,Activo,Ninguno,Sin centro de Costos,PLAN DE CUENTAS CONTASIS.xlsx,PLAN DE CUENTAS,563
30424,VALOR RAZONABLE - Negocios Conjuntos,3,A157,,,Activo,Ninguno,Sin centro de Costos,PLAN DE CUENTAS CONTASIS.xlsx,PLAN DE CUENTAS,564
30425,PARTICIPACIÓN PATRIMONIAL -  Negocios Conjuntos,3,A157,,,Activo,Ninguno,Sin centro de Costos,PLAN DE CUENTAS CONTASIS.xlsx,PLAN DE CUENTAS,565
308,INVERSIONES MOBILIARIAS - ACUERDOS DE COMPRA,2,,,,Activo,,,PLAN DE CUENTAS CONTASIS.xlsx,PLAN DE CUENTAS,566
3081,INSTRUMENTOS FINANCIEROS REPRESENTATIVOS DE DEUDA - ACUERDO DE COMPRA,2,,,,Activo,,,PLAN DE CUENTAS CONTASIS.xlsx,PLAN DE CUENTAS,567
30811,COSTO - Instrumentos Financieros Representativos de Deuda- Acuerdo de Compral,3,A157,,,Activo,Ninguno,Sin centro de Costos,PLAN DE CUENTAS CONTASIS.xlsx,PLAN DE CUENTAS,568
30814,VALOR RAZONABLE - Instrumentos Financieros Representativos de Deuda- Acuerdo de Compra,3,A157,,,Activo,Ninguno,Sin centro de Costos,PLAN DE CUENTAS CONTASIS.xlsx,PLAN DE CUENTAS,569
3082,INSTRUMENTOS FINANCIEROS REPRESENTATIVOS DE DERECHO PATRIMONIAL - ACUERDO DE COMPRA,2,,,,Activo,,,PLAN DE CUENTAS CONTASIS.xlsx,PLAN DE CUENTAS,570
30821,COSTO - Instrumentos Financieros Representativos de Derecho Patrimonial- Acuerdo de Compra,3,A157,,,Activo,Ninguno,Sin centro de Costos,PLAN DE CUENTAS CONTASIS.xlsx,PLAN DE CUENTAS,571
30824,VALOR RAZONABLE - Instrumentos Financieros Representativos de Derecho Patrimonial- Acuerdo de Compra,3,A157,,,Activo,Ninguno,Sin centro de Costos,PLAN DE CUENTAS CONTASIS.xlsx,PLAN DE CUENTAS,572
31,PROPIEDADES DE INVERSION,1,,,,Activo,Ninguno,,PLAN DE CUENTAS CONTASIS.xlsx,PLAN DE CUENTAS,573
311,TERRENOS - Propiedades de Inversión,2,,,,Activo,,,PLAN DE CUENTAS CONTASIS.xlsx,PLAN DE CUENTAS,574
3111,URBANOS - Terrenos - Propiedades de Inversión,2,,,,Activo,,,PLAN DE CUENTAS CONTASIS.xlsx,PLAN DE CUENTAS,575
31111,COSTO - Terrenos - Urbanos - Propiedades de Inversión,3,A158,,,Activo,Ninguno,Sin centro de Costos,PLAN DE CUENTAS CONTASIS.xlsx,PLAN DE CUENTAS,576
31112,REVALUACIÓN - Terrenos - Urbanos - Propiedades de Inversión,3,A158,,,Activo,Ninguno,Sin centro de Costos,PLAN DE CUENTAS CONTASIS.xlsx,PLAN DE CUENTAS,577
31114,VALOR RAZONABLE - Terrenos - Urbanos - Propiedades de Inversión,3,A158,,,Activo,Ninguno,Sin centro de Costos,PLAN DE CUENTAS CONTASIS.xlsx,PLAN DE CUENTAS,578
3112,RURALES - Terrenos - Propiedades de Inversión,2,,,,Activo,,,PLAN DE CUENTAS CONTASIS.xlsx,PLAN DE CUENTAS,579
31121,COSTO - Terrenos - Rurales - Propiedades de Inversión,3,A158,,,Activo,Ninguno,Sin centro de Costos,PLAN DE CUENTAS CONTASIS.xlsx,PLAN DE CUENTAS,580
31122,REVALUACIÓN - Terrenos - Rurales - Propiedades de Inversión,3,A158,,,Activo,Ninguno,Sin centro de Costos,PLAN DE CUENTAS CONTASIS.xlsx,PLAN DE CUENTAS,581
31124,VALOR RAZONABLE - Terrenos - Rurales - Propiedades de Inversión,3,A158,,,Activo,Ninguno,Sin centro de Costos,PLAN DE CUENTAS CONTASIS.xlsx,PLAN DE CUENTAS,582
312,EDIFICACIONES,2,,,,Activo,,,PLAN DE CUENTAS CONTASIS.xlsx,PLAN DE CUENTAS,583
3121,EDIFICACIONES - Propiedades de Inversión,2,,,,Activo,,,PLAN DE CUENTAS CONTASIS.xlsx,PLAN DE CUENTAS,584
31211,COSTO - Edificaciones - Propiedades de Inversión,3,A158,,,Activo,Ninguno,Sin centro de Costos,PLAN DE CUENTAS CONTASIS.xlsx,PLAN DE CUENTAS,585
31212,REVALUACIÓN - Edificaciones - Propiedades de Inversión,3,A158,,,Activo,Ninguno,Sin centro de Costos,PLAN DE CUENTAS CONTASIS.xlsx,PLAN DE CUENTAS,586
31213,COSTO DE FINANCIACIÓN - Edificaciones - Propiedades de Inversión,3,A158,,,Activo,Ninguno,Sin centro de Costos,PLAN DE CUENTAS CONTASIS.xlsx,PLAN DE CUENTAS,587
31214,VALOR RAZONABLE - Edificaciones - Propiedades de Inversión,3,A158,,,Activo,Ninguno,Sin centro de Costos,PLAN DE CUENTAS CONTASIS.xlsx,PLAN DE CUENTAS,588
313,CONSTRUCCIONES EN CURSO,2,,,,Activo,,,PLAN DE CUENTAS CONTASIS.xlsx,PLAN DE CUENTAS,589
3131,EDIFICACIONES,2,,,,Activo,,,PLAN DE CUENTAS CONTASIS.xlsx,PLAN DE CUENTAS,590
31311,COSTO - Edificaciones - Construcciones en Curso,3,A158,,,Activo,Ninguno,Sin centro de Costos,PLAN DE CUENTAS CONTASIS.xlsx,PLAN DE CUENTAS,591
31312,REVALUACIÓN - Edificaciones - Construcciones en Curso,3,A158,,,Activo,Ninguno,Sin centro de Costos,PLAN DE CUENTAS CONTASIS.xlsx,PLAN DE CUENTAS,592
31313,COSTO DE FINANCIACIÓN - Edificaciones - Construcciones en Curso,3,A158,,,Activo,Ninguno,Sin centro de Costos,PLAN DE CUENTAS CONTASIS.xlsx,PLAN DE CUENTAS,593
31314,VALOR RAZONABLE - Edificaciones - Construcciones en Curso,3,A158,,,Activo,Ninguno,Sin centro de Costos,PLAN DE CUENTAS CONTASIS.xlsx,PLAN DE CUENTAS,594
32,ACTIVOS POR DERECHO DE USO,1,,,,Activo,Ninguno,,PLAN DE CUENTAS CONTASIS.xlsx,PLAN DE CUENTAS,595
321,PROPIEDADES DE INVERSIÓN -  Arrendamiento Financiero,2,,,,Activo,,,PLAN DE CUENTAS CONTASIS.xlsx,PLAN DE CUENTAS,596
3211,TERRENOS - Propiedad de Inversión  -  Arrendamiento Financiero,2,,,,Activo,,,PLAN DE CUENTAS CONTASIS.xlsx,PLAN DE CUENTAS,597
32111,COSTO - Terrenos - Propiedad de Inversión  -  Arrendamiento Financiero,3,A159,,,Activo,Ninguno,Sin centro de Costos,PLAN DE CUENTAS CONTASIS.xlsx,PLAN DE CUENTAS,598
32112,REVALUACIÓN - Terrenos - Propiedad de Inversión  -  Arrendamiento Financiero,3,A159,,,Activo,Ninguno,Sin centro de Costos,PLAN DE CUENTAS CONTASIS.xlsx,PLAN DE CUENTAS,599
32114,VALOR RAZONABLE - Terrenos - Propiedad de Inversión  -  Arrendamiento Financiero,3,A159,,,Activo,Ninguno,Sin centro de Costos,PLAN DE CUENTAS CONTASIS.xlsx,PLAN DE CUENTAS,600
3212,EDIFICACIONES - Propiedad de Inversión  -  Arrendamiento Financiero,2,,,,Activo,,,PLAN DE CUENTAS CONTASIS.xlsx,PLAN DE CUENTAS,601
32121,COSTO - Edificaciones - Propiedad de Inversión  -  Arrendamiento Financiero,3,A159,,,Activo,Ninguno,Sin centro de Costos,PLAN DE CUENTAS CONTASIS.xlsx,PLAN DE CUENTAS,602
32122,REVALUACIÓN - Edificaciones - Propiedad de Inversión  -  Arrendamiento Financiero,3,A159,,,Activo,Ninguno,Sin centro de Costos,PLAN DE CUENTAS CONTASIS.xlsx,PLAN DE CUENTAS,603
32123,COSTO DE FINANCIACIÓN - Edificaciones - Propiedad de Inversión  -  Arrendamiento Financiero,3,A159,,,Activo,Ninguno,Sin centro de Costos,PLAN DE CUENTAS CONTASIS.xlsx,PLAN DE CUENTAS,604
32124,VALOR RAZONABLE - Edificaciones - Propiedad de Inversión  -  Arrendamiento Financiero,3,A159,,,Activo,Ninguno,Sin centro de Costos,PLAN DE CUENTAS CONTASIS.xlsx,PLAN DE CUENTAS,605
322,"PROPIEDAD, PLANTA Y EQUIPO -  Arrendamiento Financiero",2,,,,Activo,,,PLAN DE CUENTAS CONTASIS.xlsx,PLAN DE CUENTAS,606
3220,PLANTA PRODUCTORA EN PRODUCCIÓN - Propiedad Planta Equipo - Arrendamiento Financiero,2,,,,Activo,,,PLAN DE CUENTAS CONTASIS.xlsx,PLAN DE CUENTAS,607
32201,COSTO - Planta Productora en Producción - Propiedad Planta Equipo - Arrendamiento Financiero,3,A159,,,Activo,Ninguno,Sin centro de Costos,PLAN DE CUENTAS CONTASIS.xlsx,PLAN DE CUENTAS,608
32202,REVALUACIÓN - Planta Productora en Producción - Propiedad Planta Equipo - Arrendamiento Financiero,3,A159,,,Activo,Ninguno,Sin centro de Costos,PLAN DE CUENTAS CONTASIS.xlsx,PLAN DE CUENTAS,609
32203,COSTO DE FINANCIACIÓN - Planta Productora en Producción - Propiedad Planta Equipo - Arrendam Financi,3,A159,,,Activo,Ninguno,Sin centro de Costos,PLAN DE CUENTAS CONTASIS.xlsx,PLAN DE CUENTAS,610
3221,PLANTA PRODUCTORA EN DESARROLLO - Propiedad Planta Equipo - Arrendamiento Financiero,2,,,,Activo,,,PLAN DE CUENTAS CONTASIS.xlsx,PLAN DE CUENTAS,611
32211,COSTO - Planta Productora en Desarrollo - Propiedad Planta Equipo - Arrendamiento Financiero,3,A159,,,Activo,Ninguno,Sin centro de Costos,PLAN DE CUENTAS CONTASIS.xlsx,PLAN DE CUENTAS,612
32212,REVALUACIÓN - Planta Productora en Desarrollo - Propiedad Planta Equipo - Arrendamiento Financiero,3,A159,,,Activo,Ninguno,Sin centro de Costos,PLAN DE CUENTAS CONTASIS.xlsx,PLAN DE CUENTAS,613
32213,COSTO DE FINANCIACIÓN - Planta Productora en Desarrollo - Propiedad Planta Equipo - Arrendam Financi,3,A159,,,Activo,Ninguno,Sin centro de Costos,PLAN DE CUENTAS CONTASIS.xlsx,PLAN DE CUENTAS,614
3222,TERRENOS - Propiedad Planta Equipo - Arrendamiento Financiero,2,,,,Activo,,,PLAN DE CUENTAS CONTASIS.xlsx,PLAN DE CUENTAS,615
32221,COSTO - Terrenos - Propiedad Planta Equipo - Arrendamiento Financiero,3,A159,,,Activo,Ninguno,Sin centro de Costos,PLAN DE CUENTAS CONTASIS.xlsx,PLAN DE CUENTAS,616
32222,REVALUACIÓN - Terrenos - Propiedad Planta Equipo - Arrendamiento Financiero,3,A159,,,Activo,Ninguno,Sin centro de Costos,PLAN DE CUENTAS CONTASIS.xlsx,PLAN DE CUENTAS,617
3223,EDIFICACIONES - Propiedad Planta Equipo - Arrendamiento Financiero,2,,,,Activo,,,PLAN DE CUENTAS CONTASIS.xlsx,PLAN DE CUENTAS,618
32231,COSTO - Edificaciones - Propiedad Planta Equipo - Arrendamiento Financiero,3,A159,,,Activo,Ninguno,Sin centro de Costos,PLAN DE CUENTAS CONTASIS.xlsx,PLAN DE CUENTAS,619
32232,REVALUACIÓN- Edificaciones - Propiedad Planta Equipo - Arrendamiento Financiero,3,A159,,,Activo,Ninguno,Sin centro de Costos,PLAN DE CUENTAS CONTASIS.xlsx,PLAN DE CUENTAS,620
32233,COSTO DE FINANCIACIÓN - Edificaciones - Propiedad Planta Equipo - Arrendamiento Financiero,3,A159,,,Activo,Ninguno,Sin centro de Costos,PLAN DE CUENTAS CONTASIS.xlsx,PLAN DE CUENTAS,621
3224,MAQUINARIA Y EQUIPO DE EXPLOTACIÓN - Propiedad Planta Equipo - Arrendamiento Financiero,2,,,,Activo,,,PLAN DE CUENTAS CONTASIS.xlsx,PLAN DE CUENTAS,622
32241,COSTO - Maquinaria y Equipo de Explotación - Propiedad Planta Equipo - Arrendamiento Financiero,3,A159,,,Activo,Ninguno,Sin centro de Costos,PLAN DE CUENTAS CONTASIS.xlsx,PLAN DE CUENTAS,623
32242,REVALUACIÓN - Maquinaria y Equipo de Explotación - Propiedad Planta Equipo - Arrendamiento Financier,3,A159,,,Activo,Ninguno,Sin centro de Costos,PLAN DE CUENTAS CONTASIS.xlsx,PLAN DE CUENTAS,624
32243,COSTO DE FINANCIACIÓN - Maquinaria y Equipo de Explotación - Propiedad Planta Equipo - Arrendamiento,3,A159,,,Activo,Ninguno,Sin centro de Costos,PLAN DE CUENTAS CONTASIS.xlsx,PLAN DE CUENTAS,625
3225,UNIDADES DE TRANSPORTES - Propiedad Planta Equipo - Arrendamiento Financiero,2,,,,Activo,,,PLAN DE CUENTAS CONTASIS.xlsx,PLAN DE CUENTAS,626
32251,COSTO - Unidades de Transporte - Propiedad Planta Equipo - Arrendamiento Financiero,3,A159,,,Activo,Ninguno,Sin centro de Costos,PLAN DE CUENTAS CONTASIS.xlsx,PLAN DE CUENTAS,627
32252,REVALUACIÓN - Unidades de Transporte - Propiedad Planta Equipo - Arrendamiento Financiero,3,A159,,,Activo,Ninguno,Sin centro de Costos,PLAN DE CUENTAS CONTASIS.xlsx,PLAN DE CUENTAS,628
3226,MUEBLES Y ENSERES - Propiedad Planta Equipo - Arrendamiento Financiero,2,,,,Activo,,,PLAN DE CUENTAS CONTASIS.xlsx,PLAN DE CUENTAS,629
32261,COSTO - Muebles y Enseres - Propiedad Planta Equipo - Arrendamiento Financiero,3,A159,,,Activo,Ninguno,Sin centro de Costos,PLAN DE CUENTAS CONTASIS.xlsx,PLAN DE CUENTAS,630
32262,REVALUACIÓN - Muebles y Enseres - Propiedad Planta Equipo - Arrendamiento Financiero,3,A159,,,Activo,Ninguno,Sin centro de Costos,PLAN DE CUENTAS CONTASIS.xlsx,PLAN DE CUENTAS,631
3227,EQUIPOS DIVERSOS - Propiedad Planta Equipo - Arrendamiento Financiero,2,,,,Activo,,,PLAN DE CUENTAS CONTASIS.xlsx,PLAN DE CUENTAS,632
32271,COSTO - Equipos Diversos - Propiedad Planta Equipo - Arrendamiento Financiero,3,A159,,,Activo,Ninguno,Sin centro de Costos,PLAN DE CUENTAS CONTASIS.xlsx,PLAN DE CUENTAS,633
32272,REVALUACIÓN - Equipos Diversos - Propiedad Planta Equipo - Arrendamiento Financiero,3,A159,,,Activo,Ninguno,Sin centro de Costos,PLAN DE CUENTAS CONTASIS.xlsx,PLAN DE CUENTAS,634
3228,HERRAMIENTAS Y UNIDADES DE REEMPLAZO - Propiedad Planta Equipo - Arrendamiento Financiero,2,,,,Activo,,,PLAN DE CUENTAS CONTASIS.xlsx,PLAN DE CUENTAS,635
32281,COSTO - Herramientas y Unidades de Reemplazo - Propiedad Planta Equipo - Arrendamiento Financiero,3,A159,,,Activo,Ninguno,Sin centro de Costos,PLAN DE CUENTAS CONTASIS.xlsx,PLAN DE CUENTAS,636
32282,REVALUACIÓN - Herramientas y Unidades de Reemplazo - Propiedad Planta Equipo - Arrendamiento Financi,3,A159,,,Activo,Ninguno,Sin centro de Costos,PLAN DE CUENTAS CONTASIS.xlsx,PLAN DE CUENTAS,637
323,"PROPIEDAD, PLANTA Y EQUIPO - Arrendamiento Operativo",2,,,,Activo,,,PLAN DE CUENTAS CONTASIS.xlsx,PLAN DE CUENTAS,638
3230,PLANTA PRODUCTORA EN PRODUCCIÓN - Propiedad Planta Equipo - Arrendamiento Operativo,2,,,,Activo,,,PLAN DE CUENTAS CONTASIS.xlsx,PLAN DE CUENTAS,639
32301,COSTO - Planta Productora en Producción - Propiedad Planta Equipo - Arrendamiento Operativo,3,A159,,,Activo,Ninguno,Sin centro de Costos,PLAN DE CUENTAS CONTASIS.xlsx,PLAN DE CUENTAS,640
32302,REVALUACIÓN - Planta Productora en Producción - Propiedad Planta Equipo - Arrendamiento Operativo,3,A159,,,Activo,Ninguno,Sin centro de Costos,PLAN DE CUENTAS CONTASIS.xlsx,PLAN DE CUENTAS,641
3232,TERRENOS - Propiedad Planta Equipo - Arrendamiento Operativo,2,,,,Activo,,,PLAN DE CUENTAS CONTASIS.xlsx,PLAN DE CUENTAS,642
32321,COSTO - Terreno - Propiedad Planta Equipo - Arrendamiento Operativo,3,A159,,,Activo,Ninguno,Sin centro de Costos,PLAN DE CUENTAS CONTASIS.xlsx,PLAN DE CUENTAS,643
3233,EDIFICACIONES - Propiedad Planta Equipo - Arrendamiento Operativo,2,,,,Activo,,,PLAN DE CUENTAS CONTASIS.xlsx,PLAN DE CUENTAS,644
32331,COSTO - Edificaciones - Propiedad Planta Equipo - Arrendamiento Operativo,3,A159,,,Activo,Ninguno,Sin centro de Costos,PLAN DE CUENTAS CONTASIS.xlsx,PLAN DE CUENTAS,645
32332,REVALUACIÓN - Edificaciones - Propiedad Planta Equipo - Arrendamiento Operativo,3,A159,,,Activo,Ninguno,Sin centro de Costos,PLAN DE CUENTAS CONTASIS.xlsx,PLAN DE CUENTAS,646
3234,MAQUINARIAS Y EQUIPOS DE EXPLOTACIÓN - Propiedad Planta Equipo - Arrendamiento Operativo,2,,,,Activo,,,PLAN DE CUENTAS CONTASIS.xlsx,PLAN DE CUENTAS,647
32341,COSTO - Maquinarias y Equipos de Explotación - Propiedad Planta Equipo - Arrendamiento Operativoa,3,A159,,,Activo,Ninguno,Sin centro de Costos,PLAN DE CUENTAS CONTASIS.xlsx,PLAN DE CUENTAS,648
32342,REVALUACIÓN - Maquinarias y Equipos de Explotación - Propiedad Planta Equipo - Arrendamiento Operati,3,A159,,,Activo,Ninguno,Sin centro de Costos,PLAN DE CUENTAS CONTASIS.xlsx,PLAN DE CUENTAS,649
3235,UNIDADES DE TRANSPORTE - Propiedad Planta Equipo - Arrendamiento Operativo,2,,,,Activo,,,PLAN DE CUENTAS CONTASIS.xlsx,PLAN DE CUENTAS,650
32351,COSTO - Unidades de Transporte - Propiedad Planta Equipo - Arrendamiento Operativo,3,A159,,,Activo,Ninguno,Sin centro de Costos,PLAN DE CUENTAS CONTASIS.xlsx,PLAN DE CUENTAS,651
32352,REVALUACIÓN - Unidades de Transporte - Propiedad Planta Equipo - Arrendamiento Operativo,3,A159,,,Activo,Ninguno,Sin centro de Costos,PLAN DE CUENTAS CONTASIS.xlsx,PLAN DE CUENTAS,652
3236,EQUIPOS DIVERSOS  - Propiedad Planta Equipo - Arrendamiento Operativo,2,,,,Activo,,,PLAN DE CUENTAS CONTASIS.xlsx,PLAN DE CUENTAS,653
32361,COSTO - Equipos Diversos- Propiedad Planta Equipo - Arrendamiento Operativo,3,A159,,,Activo,Ninguno,Sin centro de Costos,PLAN DE CUENTAS CONTASIS.xlsx,PLAN DE CUENTAS,654
32362,REVALUACIÓN - Equipos Diversos- Propiedad Planta Equipo - Arrendamiento Operativo,3,A159,,,Activo,Ninguno,Sin centro de Costos,PLAN DE CUENTAS CONTASIS.xlsx,PLAN DE CUENTAS,655
33,"PROPIEDAD, PLANTA Y EQUIPO",1,,,,Activo,Ninguno,,PLAN DE CUENTAS CONTASIS.xlsx,PLAN DE CUENTAS,656
330,"PLANTA PRODUCTORA - Propiedad, Planta y Equipo",2,,,,Activo,,,PLAN DE CUENTAS CONTASIS.xlsx,PLAN DE CUENTAS,657
3301,"PLANTA PRODUCTORA EN PRODUCCIÓN - Planta Productora - Propiedad, Planta y Equipo",2,,,,Activo,,,PLAN DE CUENTAS CONTASIS.xlsx,PLAN DE CUENTAS,658
33011,"COSTO - Planta Productora en Producción - Planta Productora - Propiedad, Planta y Equipo",3,A160,,,Activo,Ninguno,Sin centro de Costos,PLAN DE CUENTAS CONTASIS.xlsx,PLAN DE CUENTAS,659
33012,"REVALUACIÓN - Planta Productora en Producción - Planta Productora - Propiedad, Planta y Equipo",3,A160,,,Activo,Ninguno,Sin centro de Costos,PLAN DE CUENTAS CONTASIS.xlsx,PLAN DE CUENTAS,660
33013,"COSTO DE FINANCIACIÓN - Planta Productora en Producción - Planta Productora - Propiedad, Planta y Eq",3,A160,,,Activo,Ninguno,Sin centro de Costos,PLAN DE CUENTAS CONTASIS.xlsx,PLAN DE CUENTAS,661
33014,"VALOR RAZONABLE - Planta Productora en Producción - Planta Productora - Propiedad, Planta y Equipo",3,A160,,,Activo,Ninguno,Sin centro de Costos,PLAN DE CUENTAS CONTASIS.xlsx,PLAN DE CUENTAS,662
3302,"PLANTA PRODUCTORA EN DESARROLLO - Planta Productora - Propiedad, Planta y Equipo",2,,,,Activo,,,PLAN DE CUENTAS CONTASIS.xlsx,PLAN DE CUENTAS,663
33021,"COSTO - Planta Productora en Desarrollo - Planta Productora - Propiedad, Planta y Equipo",3,A160,,,Activo,Ninguno,Sin centro de Costos,PLAN DE CUENTAS CONTASIS.xlsx,PLAN DE CUENTAS,664
33022,"REVALUACIÓN - Planta Productora en Desarrollo - Planta Productora - Propiedad, Planta y Equipo",3,A160,,,Activo,Ninguno,Sin centro de Costos,PLAN DE CUENTAS CONTASIS.xlsx,PLAN DE CUENTAS,665
33023,"COSTO DE FINANCIACIÓN - Planta Productora en Desarrollo - Planta Productora - Propiedad, Planta y Eq",3,A160,,,Activo,Ninguno,Sin centro de Costos,PLAN DE CUENTAS CONTASIS.xlsx,PLAN DE CUENTAS,666
33024,"VALOR RAZONABLE - Planta Productora en Desarrollo - Planta Productora - Propiedad, Planta y Equipo",3,A160,,,Activo,Ninguno,Sin centro de Costos,PLAN DE CUENTAS CONTASIS.xlsx,PLAN DE CUENTAS,667
331,"TERRENOS - Propiedad, Planta Y Equipo",2,,,,Activo,,,PLAN DE CUENTAS CONTASIS.xlsx,PLAN DE CUENTAS,668
3311,"TERRENOS - Propiedad, Planta Y Equipo",2,,,,Activo,,,PLAN DE CUENTAS CONTASIS.xlsx,PLAN DE CUENTAS,669
33111,"COSTO - Terrenos - Propiedad, Planta Y Equipo",3,A160,,,Activo,Ninguno,Sin centro de Costos,PLAN DE CUENTAS CONTASIS.xlsx,PLAN DE CUENTAS,670
33112,"REVALUACION - Terrenos  - Propiedad, Planta Y Equipo",3,A160,,,Activo,Ninguno,Sin centro de Costos,PLAN DE CUENTAS CONTASIS.xlsx,PLAN DE CUENTAS,671
332,"EDIFICACIONES - Propiedad, Planta Y Equipo",2,,,,Activo,,,PLAN DE CUENTAS CONTASIS.xlsx,PLAN DE CUENTAS,672
3321,"EDIFICACIONES  - Propiedad, Planta Y Equipo",2,,,,Activo,,,PLAN DE CUENTAS CONTASIS.xlsx,PLAN DE CUENTAS,673
33211,"COSTO  - Edificaciones - Propiedad, Planta Y Equipo",3,A160,,,Activo,Ninguno,Sin centro de Costos,PLAN DE CUENTAS CONTASIS.xlsx,PLAN DE CUENTAS,674
33212,"REVALUACION - Edificaciones  - Propiedad, Planta Y Equipo",3,A160,,,Activo,Ninguno,Sin centro de Costos,PLAN DE CUENTAS CONTASIS.xlsx,PLAN DE CUENTAS,675
33213,"COSTO DE FINANCIACION - Edificaciones  - Propiedad, Planta y Equipo",3,A160,,,Activo,Ninguno,Sin centro de Costos,PLAN DE CUENTAS CONTASIS.xlsx,PLAN DE CUENTAS,676
3324,"INSTALACIONES - Edificaciones - Propiedad, Planta Y Equipo",2,,,,Activo,,,PLAN DE CUENTAS CONTASIS.xlsx,PLAN DE CUENTAS,677
33241,"COSTO  - Instalaciones - Edificaciones - Propiedad, Planta Y Equipo",3,A160,,,Activo,Ninguno,Sin centro de Costos,PLAN DE CUENTAS CONTASIS.xlsx,PLAN DE CUENTAS,678
33242,"REVALUACION - Instalaciones - Edificaciones  - Propiedad, Planta Y Equipo",3,A160,,,Activo,Ninguno,Sin centro de Costos,PLAN DE CUENTAS CONTASIS.xlsx,PLAN DE CUENTAS,679
33243,"COSTO DE FINANCIACION - Instalaciones - Edificaciones  - Propiedad, Planta Y Equipo",3,A160,,,Activo,Ninguno,Sin centro de Costos,PLAN DE CUENTAS CONTASIS.xlsx,PLAN DE CUENTAS,680
3325,"MEJORAS EN LOCALES ARRENDADOS - Edificaciones - Propiedad, Planta y Equipo",2,,,,Activo,,,PLAN DE CUENTAS CONTASIS.xlsx,PLAN DE CUENTAS,681
33251,"COSTO - Mejoras en Locales Arrendados - Edificaciones - Propiedad, Planta y Equipo",3,A160,,,Activo,Ninguno,Sin centro de Costos,PLAN DE CUENTAS CONTASIS.xlsx,PLAN DE CUENTAS,682
33252,"REVALUACIÓN - Mejoras en Locales Arrendados - Edificaciones - Propiedad, Planta y Equipo",3,A160,,,Activo,Ninguno,Sin centro de Costos,PLAN DE CUENTAS CONTASIS.xlsx,PLAN DE CUENTAS,683
33253,"COSTO DE FINANCIACIÓN - Mejoras en Locales Arrendados - Edificaciones - Propiedad, Planta y Equipo",3,A160,,,Activo,Ninguno,Sin centro de Costos,PLAN DE CUENTAS CONTASIS.xlsx,PLAN DE CUENTAS,684
333,"MAQUINARIAS Y EQUIPOS DE EXPLOTACION - Propiedad, Planta Y Equipo",2,,,,Activo,,,PLAN DE CUENTAS CONTASIS.xlsx,PLAN DE CUENTAS,685
3331,"MAQUINARIAS Y EQUIPOS DE EXPLOTACION - Propiedad, Planta Y Equipo",2,,,,Activo,,,PLAN DE CUENTAS CONTASIS.xlsx,PLAN DE CUENTAS,686
33311,"COSTO DE ADQUISICION O CONSTRUCCION - Maquinarias y Equipos De Explotacion - Propiedad, Planta Y Equ",3,A160,,,Activo,Ninguno,Sin centro de Costos,PLAN DE CUENTAS CONTASIS.xlsx,PLAN DE CUENTAS,687
33312,"REVALUACION - Maquinarias y Equipos De Explotacion  - Propiedad, Planta Y Equipo",3,A160,,,Activo,Ninguno,Sin centro de Costos,PLAN DE CUENTAS CONTASIS.xlsx,PLAN DE CUENTAS,688
33313,"COSTO DE FINANCIACIÓN - MAQUINARIA Y EQUIPO DE EXPLOTACIÓN - Propiedad, Planta Y Equipo",3,A160,,,Activo,Ninguno,Sin centro de Costos,PLAN DE CUENTAS CONTASIS.xlsx,PLAN DE CUENTAS,689
334,"EQUIPO DE TRANSPORTE - Propiedad, Planta Y Equipo",2,,,,Activo,,,PLAN DE CUENTAS CONTASIS.xlsx,PLAN DE CUENTAS,690
3341,"VEHICULOS MOTORIZADOS - Propiedad, Planta Y Equipo",2,,,,Activo,,,PLAN DE CUENTAS CONTASIS.xlsx,PLAN DE CUENTAS,691
33411,"COSTO - Vehiculos Motorizados - Propiedad, Planta Y Equipo",3,A160,,,Activo,Ninguno,Sin centro de Costos,PLAN DE CUENTAS CONTASIS.xlsx,PLAN DE CUENTAS,692
33412,"REVALUACION - Vehiculos Motorizados  - Propiedad, Planta Y Equipo",3,A160,,,Activo,Ninguno,Sin centro de Costos,PLAN DE CUENTAS CONTASIS.xlsx,PLAN DE CUENTAS,693
3342,"VEHICULOS NO MOTORIZADOS - Propiedad, Planta Y Equipoo",2,,,,Activo,,,PLAN DE CUENTAS CONTASIS.xlsx,PLAN DE CUENTAS,694
33421,"COSTO - Vehiculos No Motorizados  - Propiedad, Planta Y Equipo",3,A160,,,Activo,Ninguno,Sin centro de Costos,PLAN DE CUENTAS CONTASIS.xlsx,PLAN DE CUENTAS,695
33422,"REVALUACION - Vehiculos No Motorizados  - Propiedad, Planta Y Equipo",3,A160,,,Activo,Ninguno,Sin centro de Costos,PLAN DE CUENTAS CONTASIS.xlsx,PLAN DE CUENTAS,696
335,"MUEBLES Y ENSERES - Propiedad, Planta Y Equipo",2,,,,Activo,,,PLAN DE CUENTAS CONTASIS.xlsx,PLAN DE CUENTAS,697
3351,"MUEBLES - Propiedad, Planta Y Equipo",2,,,,Activo,,,PLAN DE CUENTAS CONTASIS.xlsx,PLAN DE CUENTAS,698
33511,"COSTO - Muebles  - Propiedad, Planta Y Equipo",3,A160,,,Activo,Ninguno,Sin centro de Costos,PLAN DE CUENTAS CONTASIS.xlsx,PLAN DE CUENTAS,699
33512,"REVALUACION - Propiedad, Planta Y Equipo",3,A160,,,Activo,Ninguno,Sin centro de Costos,PLAN DE CUENTAS CONTASIS.xlsx,PLAN DE CUENTAS,700
3352,"ENSERES - Propiedad, Planta Y Equipo",2,,,,Activo,,,PLAN DE CUENTAS CONTASIS.xlsx,PLAN DE CUENTAS,701
33521,"COSTO - Enseres  - Propiedad, Planta Y Equipo",3,A160,,,Activo,Ninguno,Sin centro de Costos,PLAN DE CUENTAS CONTASIS.xlsx,PLAN DE CUENTAS,702
33522,"REVALUACION - Enseres  - Propiedad, Planta Y Equipo",3,A160,,,Activo,Ninguno,Sin centro de Costos,PLAN DE CUENTAS CONTASIS.xlsx,PLAN DE CUENTAS,703
336,"EQUIPOS DIVERSOS - Propiedad, Planta Y Equipo",2,,,,Activo,,,PLAN DE CUENTAS CONTASIS.xlsx,PLAN DE CUENTAS,704
3361,"EQUIPOS PARA PROCESAMIENTO DE INFORMACIÓN ( DE CÓMPUTO) - Equipos Diversos - Propiedad, Planta Y Equ",2,,,,Activo,,,PLAN DE CUENTAS CONTASIS.xlsx,PLAN DE CUENTAS,705
33611,"COSTO - Equipo Para Procesamiento De Informacion (Computo)  - Propiedad, Planta Y Equipo",3,A160,,,Activo,Ninguno,Sin centro de Costos,PLAN DE CUENTAS CONTASIS.xlsx,PLAN DE CUENTAS,706
33612,"REVALUACION - Equipo Para Procesamiento De Informacion (Computo)  - Propiedad, Planta Y Equipo",3,A160,,,Activo,Ninguno,Sin centro de Costos,PLAN DE CUENTAS CONTASIS.xlsx,PLAN DE CUENTAS,707
3362,"EQUIPO DE COMUNICACION - Equipos Diversos - Propiedad, Planta Y Equipo",2,,,,Activo,,,PLAN DE CUENTAS CONTASIS.xlsx,PLAN DE CUENTAS,708
33621,"COSTO - Equipo De Comunicacion - Propiedad, Planta Y Equipo",3,A160,,,Activo,Ninguno,Sin centro de Costos,PLAN DE CUENTAS CONTASIS.xlsx,PLAN DE CUENTAS,709
33622,"REVALUACION - Equipo De Comunicacion - Propiedad, Planta Y Equipo",3,A160,,,Activo,Ninguno,Sin centro de Costos,PLAN DE CUENTAS CONTASIS.xlsx,PLAN DE CUENTAS,710
3363,"EQUIPO DE SEGURIDAD - Equipos Diversos - Propiedad, Planta Y Equipo",2,,,,Activo,,,PLAN DE CUENTAS CONTASIS.xlsx,PLAN DE CUENTAS,711
33631,"COSTO - Equipo De Seguridad - Propiedad, Planta Y Equipo",3,A160,,,Activo,Ninguno,Sin centro de Costos,PLAN DE CUENTAS CONTASIS.xlsx,PLAN DE CUENTAS,712
33632,"REVALUACION - Equipo De Seguridad - Propiedad, Planta Y Equipo",3,A160,,,Activo,Ninguno,Sin centro de Costos,PLAN DE CUENTAS CONTASIS.xlsx,PLAN DE CUENTAS,713
3364,"EQUIPO DE MEDIO AMBIENTE - Equipos Diversos - Propiedad, Planta y Equipo",2,,,,Activo,,,PLAN DE CUENTAS CONTASIS.xlsx,PLAN DE CUENTAS,714
33641,"COSTO - Equipo de Medio Ambiente - Equipos Diversos - Propiedad, Planta y Equipo",3,A160,,,Activo,Ninguno,Sin centro de Costos,PLAN DE CUENTAS CONTASIS.xlsx,PLAN DE CUENTAS,715
33642,"REVALUACIÓN - Equipo de Medio Ambiente - Equipos Diversos - Propiedad, Planta y Equipo",3,A160,,,Activo,Ninguno,Sin centro de Costos,PLAN DE CUENTAS CONTASIS.xlsx,PLAN DE CUENTAS,716
3369,"OTROS EQUIPOS - Equipos Diversos - Propiedad, Planta y Equipo",2,,,,Activo,,,PLAN DE CUENTAS CONTASIS.xlsx,PLAN DE CUENTAS,717
33691,"COSTO - Otros Equipos - Propiedad, Planta y Equipo",3,A160,,,Activo,Ninguno,Sin centro de Costos,PLAN DE CUENTAS CONTASIS.xlsx,PLAN DE CUENTAS,718
33692,"REVALUACION - Otros Equipos - Propiedad, Planta y Equipo",3,A160,,,Activo,Ninguno,Sin centro de Costos,PLAN DE CUENTAS CONTASIS.xlsx,PLAN DE CUENTAS,719
337,"HERRAMIENTAS Y UNIDADES DE REEMPLAZO - Propiedad, Planta y Equipoo",2,,,,Activo,,,PLAN DE CUENTAS CONTASIS.xlsx,PLAN DE CUENTAS,720
3371,"HERRAMIENTAS - Propiedad, Planta y Equipo",2,,,,Activo,,,PLAN DE CUENTAS CONTASIS.xlsx,PLAN DE CUENTAS,721
33711,"COSTO - Herramientas - Propiedad, Planta y Equipo",3,A160,,,Activo,Ninguno,Sin centro de Costos,PLAN DE CUENTAS CONTASIS.xlsx,PLAN DE CUENTAS,722
33712,"REVALUACION - Herramientas - Propiedad, Planta y Equipo",3,A160,,,Activo,Ninguno,Sin centro de Costos,PLAN DE CUENTAS CONTASIS.xlsx,PLAN DE CUENTAS,723
3372,"UNIDADES DE REEMPLAZO - Propiedad, Planta y Equipo",2,,,,Activo,,,PLAN DE CUENTAS CONTASIS.xlsx,PLAN DE CUENTAS,724
33721,"COSTO - Unidades De Reemplazo - Propiedad, Planta y Equipo",3,A160,,,Activo,Ninguno,Sin centro de Costos,PLAN DE CUENTAS CONTASIS.xlsx,PLAN DE CUENTAS,725
33722,"REVALUACION - Unidades De Reemplazo - Propiedad, Planta y Equipo",3,A160,,,Activo,Ninguno,Sin centro de Costos,PLAN DE CUENTAS CONTASIS.xlsx,PLAN DE CUENTAS,726
338,"UNIDADES POR RECIBIR - Propiedad, Planta y Equipo",2,,,,Activo,,,PLAN DE CUENTAS CONTASIS.xlsx,PLAN DE CUENTAS,727
3381,"MAQUINARIAS Y EQUIPOS DE EXPLOTACION - Unidades Por Recibir - Propiedad, Planta y Equipo",3,A160,,,Activo,Ninguno,Sin centro de Costos,PLAN DE CUENTAS CONTASIS.xlsx,PLAN DE CUENTAS,728
3382,"EQUIPO DE TRANSPORTE - Unidades Por Recibir - Propiedad, Planta y Equipo",3,A160,,,Activo,Ninguno,Sin centro de Costos,PLAN DE CUENTAS CONTASIS.xlsx,PLAN DE CUENTAS,729
3383,"MUEBLES Y ENSERES - Unidades Por Recibir - Propiedad, Planta y Equipo",3,A160,,,Activo,Ninguno,Sin centro de Costos,PLAN DE CUENTAS CONTASIS.xlsx,PLAN DE CUENTAS,730
3386,"EQUIPOS DIVERSOS - Unidades Por Recibir - Propiedad, Planta y Equipom",3,A160,,,Activo,Ninguno,Sin centro de Costos,PLAN DE CUENTAS CONTASIS.xlsx,PLAN DE CUENTAS,731
3387,"HERRAMIENTAS Y UNIDADES DE REEMPLAZO - Unidades Por Recibir - Propiedad, Planta y Equipo",3,A160,,,Activo,Ninguno,Sin centro de Costos,PLAN DE CUENTAS CONTASIS.xlsx,PLAN DE CUENTAS,732
339,"OBRAS EN CURSO - Propiedad, Planta y Equipo",2,,,,Activo,,,PLAN DE CUENTAS CONTASIS.xlsx,PLAN DE CUENTAS,733
3391,"ADECUACIÓN DE TERRENOS - Construcciones y Obras En Curso - Propiedad, Planta y Equipo",3,A160,,,Activo,Ninguno,Sin centro de Costos,PLAN DE CUENTAS CONTASIS.xlsx,PLAN DE CUENTAS,734
3392,"EDIFICACIONES EN CURSO - Obras En Curso - Propiedad, Planta y Equipo",2,,,,Activo,,,PLAN DE CUENTAS CONTASIS.xlsx,PLAN DE CUENTAS,735
33921,"COSTO - Edificaciones en Curso - Obras En Curso - Propiedad, Planta y Equipo",3,A160,,,Activo,Ninguno,Sin centro de Costos,PLAN DE CUENTAS CONTASIS.xlsx,PLAN DE CUENTAS,736
33922,"COSTO DE FINANCIACIÓN - Edificaciones en Curso - Obras En Curso - Propiedad, Planta y Equipo",3,A160,,,Activo,Ninguno,Sin centro de Costos,PLAN DE CUENTAS CONTASIS.xlsx,PLAN DE CUENTAS,737
3393,"MAQUINARIA EN MONTAJE - Obras En Curso - Propiedad, Planta y Equip",2,,,,Activo,,,PLAN DE CUENTAS CONTASIS.xlsx,PLAN DE CUENTAS,738
33931,"COSTO - Maquinaria en Montaje - Obras En Curso - Propiedad, Planta y Equipo",3,A160,,,Activo,Ninguno,Sin centro de Costos,PLAN DE CUENTAS CONTASIS.xlsx,PLAN DE CUENTAS,739
33932,"COSTO DE FINANCIACIÓN - Maquinaria en Montaje - Obras En Curso - Propiedad, Planta y Equipo",3,A160,,,Activo,Ninguno,Sin centro de Costos,PLAN DE CUENTAS CONTASIS.xlsx,PLAN DE CUENTAS,740
34,ACTIVOS INTANGIBLES,1,,,,Activo,Ninguno,,PLAN DE CUENTAS CONTASIS.xlsx,PLAN DE CUENTAS,741
341,"CONCESIONES, LICENCIAS Y OTROS DERECHOS",2,,,,Activo,,,PLAN DE CUENTAS CONTASIS.xlsx,PLAN DE CUENTAS,742
3411,CONCESIONES - Activos Intangibles,2,,,,Activo,,,PLAN DE CUENTAS CONTASIS.xlsx,PLAN DE CUENTAS,743
34111,COSTO - Concesiones - Activos Intangibles,3,A176,,,Activo,Ninguno,Sin centro de Costos,PLAN DE CUENTAS CONTASIS.xlsx,PLAN DE CUENTAS,744
34112,REVALUACION - Concesiones - Activos Intangibles,3,A176,,,Activo,Ninguno,Sin centro de Costos,PLAN DE CUENTAS CONTASIS.xlsx,PLAN DE CUENTAS,745
3412,LICENCIAS - Activos Intangibles,2,,,,Activo,,,PLAN DE CUENTAS CONTASIS.xlsx,PLAN DE CUENTAS,746
34121,COSTO - Licencias - Activos Intangibles,3,A176,,,Activo,Ninguno,Sin centro de Costos,PLAN DE CUENTAS CONTASIS.xlsx,PLAN DE CUENTAS,747
34122,REVALUACION - Licencias - Activos Intangibles,3,A176,,,Activo,Ninguno,Sin centro de Costos,PLAN DE CUENTAS CONTASIS.xlsx,PLAN DE CUENTAS,748
3419,OTROS DERECHOS    - Activos Intangibles,2,,,,Activo,,,PLAN DE CUENTAS CONTASIS.xlsx,PLAN DE CUENTAS,749
34191,COSTO - Otros Derechos - Activos Intangibles,3,A176,,,Activo,Ninguno,Sin centro de Costos,PLAN DE CUENTAS CONTASIS.xlsx,PLAN DE CUENTAS,750
34192,REVALUACION - Otros Derechos - Activos Intangibles,3,A176,,,Activo,Ninguno,Sin centro de Costos,PLAN DE CUENTAS CONTASIS.xlsx,PLAN DE CUENTAS,751
342,PATENTES Y PROPIEDADES INDUSTRIAL - Activos Intangibles,2,,,,Activo,,,PLAN DE CUENTAS CONTASIS.xlsx,PLAN DE CUENTAS,752
3421,PATENTES - Activos Intangibles,2,,,,Activo,,,PLAN DE CUENTAS CONTASIS.xlsx,PLAN DE CUENTAS,753
34211,COSTO - Patentes - Activos Intangibles,3,A176,,,Activo,Ninguno,Sin centro de Costos,PLAN DE CUENTAS CONTASIS.xlsx,PLAN DE CUENTAS,754
34212,REVALUACION - Patentes - Activos Intangibles,3,A176,,,Activo,Ninguno,Sin centro de Costos,PLAN DE CUENTAS CONTASIS.xlsx,PLAN DE CUENTAS,755
3422,MARCAS - Activos Intangibles,2,,,,Activo,,,PLAN DE CUENTAS CONTASIS.xlsx,PLAN DE CUENTAS,756
34221,COSTO - Marcas - Activos Intangibles,3,A176,,,Activo,Ninguno,Sin centro de Costos,PLAN DE CUENTAS CONTASIS.xlsx,PLAN DE CUENTAS,757
34222,REVALUACION - Marcas - Activos Intangibles,3,A176,,,Activo,Ninguno,Sin centro de Costos,PLAN DE CUENTAS CONTASIS.xlsx,PLAN DE CUENTAS,758
343,PROGRAMAS DE COMPUTADORA (SOFTWARE) - Activos Intangibles,2,,,,Activo,,,PLAN DE CUENTAS CONTASIS.xlsx,PLAN DE CUENTAS,759
3431,APLICACIONES INFORMATICAS - Activos Intangibles,2,,,,Activo,,,PLAN DE CUENTAS CONTASIS.xlsx,PLAN DE CUENTAS,760
34311,COSTO - Aplicaciones Informaticas - Activos Intangibles,3,A176,,,Activo,Ninguno,Sin centro de Costos,PLAN DE CUENTAS CONTASIS.xlsx,PLAN DE CUENTAS,761
34312,REVALUACION - Aplicaciones Informaticas - Activos Intangibles,3,A176,,,Activo,Ninguno,Sin centro de Costos,PLAN DE CUENTAS CONTASIS.xlsx,PLAN DE CUENTAS,762
344,COSTOS DE EXPLORACION Y DESARROLLO - Activos Intangibles,2,,,,Activo,,,PLAN DE CUENTAS CONTASIS.xlsx,PLAN DE CUENTAS,763
3441,COSTOS DE EXPLORACION - Activos Intangibles,2,,,,Activo,,,PLAN DE CUENTAS CONTASIS.xlsx,PLAN DE CUENTAS,764
34411,COSTO - Costo De Exploracion - Activos Intangibles,3,A176,,,Activo,Ninguno,Sin centro de Costos,PLAN DE CUENTAS CONTASIS.xlsx,PLAN DE CUENTAS,765
34412,REVALUACIÓN - Costo De Exploración - Activos Intangibles,3,A176,,,Activo,Ninguno,Sin centro de Costos,PLAN DE CUENTAS CONTASIS.xlsx,PLAN DE CUENTAS,766
34413,COSTO DE FINANCIACIÓN - Costo De Exploración - Activos Intangibles,3,A176,,,Activo,Ninguno,Sin centro de Costos,PLAN DE CUENTAS CONTASIS.xlsx,PLAN DE CUENTAS,767
3442,COSTOS DE DESARROLLO - Activos Intangibles,2,,,,Activo,,,PLAN DE CUENTAS CONTASIS.xlsx,PLAN DE CUENTAS,768
34421,COSTO - Costo De Desarrollo    - Activos Intangibles,3,A176,,,Activo,Ninguno,Sin centro de Costos,PLAN DE CUENTAS CONTASIS.xlsx,PLAN DE CUENTAS,769
34422,REVALUACIÓN -  Costo De Desarrollo - Activos Intangibles,3,A176,,,Activo,Ninguno,Sin centro de Costos,PLAN DE CUENTAS CONTASIS.xlsx,PLAN DE CUENTAS,770
34423,COSTO DE FINANCIACIÓN - Costo De Desarrollo - Activos Intangibles,3,A176,,,Activo,Ninguno,Sin centro de Costos,PLAN DE CUENTAS CONTASIS.xlsx,PLAN DE CUENTAS,771
345,"FORMULAS, DISEÑOS Y PROTOTIPOS - Activos Intangibles",2,,,,Activo,,,PLAN DE CUENTAS CONTASIS.xlsx,PLAN DE CUENTAS,772
3451,FORMULAS - Activos Intangibles,2,,,,Activo,,,PLAN DE CUENTAS CONTASIS.xlsx,PLAN DE CUENTAS,773
34511,COSTO - Fórmulas - Activos Intangibles,3,A176,,,Activo,Ninguno,Sin centro de Costos,PLAN DE CUENTAS CONTASIS.xlsx,PLAN DE CUENTAS,774
34512,REVALUACION - Fórmulas - Activos Intangibles,3,A176,,,Activo,Ninguno,Sin centro de Costos,PLAN DE CUENTAS CONTASIS.xlsx,PLAN DE CUENTAS,775
3452,DISEÑOS Y PROTOTIPOS  - Activos Intangibles,2,,,,Activo,,,PLAN DE CUENTAS CONTASIS.xlsx,PLAN DE CUENTAS,776
34521,COSTO - Diseños y Prototipos - Activos Intangibles,3,A176,,,Activo,Ninguno,Sin centro de Costos,PLAN DE CUENTAS CONTASIS.xlsx,PLAN DE CUENTAS,777
34522,REVALUACION - Diseños y Prototipos - Activos Intangibles,3,A176,,,Activo,Ninguno,Sin centro de Costos,PLAN DE CUENTAS CONTASIS.xlsx,PLAN DE CUENTAS,778
347,PLUSVALIA MERCANTIL - Activos Intangibles,2,,,,Activo,,,PLAN DE CUENTAS CONTASIS.xlsx,PLAN DE CUENTAS,779
3471,PLUSVALIA MERCANTIL - Activos Intangibles,3,A176,,,Activo,Ninguno,Sin centro de Costos,PLAN DE CUENTAS CONTASIS.xlsx,PLAN DE CUENTAS,780
349,OTROS ACTIVOS INTANGIBLES,2,,,,Activo,,,PLAN DE CUENTAS CONTASIS.xlsx,PLAN DE CUENTAS,781
3491,OTROS ACTIVOS INTANGIBLES,2,,,,Activo,,,PLAN DE CUENTAS CONTASIS.xlsx,PLAN DE CUENTAS,782
34911,COSTO - Otros Activos Intangibles,3,A176,,,Activo,Ninguno,Sin centro de Costos,PLAN DE CUENTAS CONTASIS.xlsx,PLAN DE CUENTAS,783
34912,REVALUACIÓN - Otros Activos Intangibles,3,A176,,,Activo,Ninguno,Sin centro de Costos,PLAN DE CUENTAS CONTASIS.xlsx,PLAN DE CUENTAS,784
35,ACTIVOS BIOLOGICOS,1,,,,Activo,Ninguno,,PLAN DE CUENTAS CONTASIS.xlsx,PLAN DE CUENTAS,785
351,ACTIVOS BIOLOGICOS EN PRODUCCION,2,,,,Activo,,,PLAN DE CUENTAS CONTASIS.xlsx,PLAN DE CUENTAS,786
3511,DE ORIGEN ANIMAL,2,,,,Activo,,,PLAN DE CUENTAS CONTASIS.xlsx,PLAN DE CUENTAS,787
35111,COSTO - Activos Biológicos De Origen Animal En Produccion,3,A177,,,Activo,Ninguno,Sin centro de Costos,PLAN DE CUENTAS CONTASIS.xlsx,PLAN DE CUENTAS,788
35113,COSTO  DE FINANCIACIÓN - Activos Biológicos De Origen Animal En Produccion,3,A177,,,Activo,Ninguno,Sin centro de Costos,PLAN DE CUENTAS CONTASIS.xlsx,PLAN DE CUENTAS,789
35114,VALOR RAZONABLE - Activos Biológicos De Origen Animal En Producción,3,A177,,,Activo,Ninguno,Sin centro de Costos,PLAN DE CUENTAS CONTASIS.xlsx,PLAN DE CUENTAS,790
3512,DE ORIGEN VEGETAL,2,,,,Activo,,,PLAN DE CUENTAS CONTASIS.xlsx,PLAN DE CUENTAS,791
35121,COSTO - Activos Biológicos De Origen Vegetal En Produccion,3,A177,,,Activo,Ninguno,Sin centro de Costos,PLAN DE CUENTAS CONTASIS.xlsx,PLAN DE CUENTAS,792
35123,COSTO DE FINANCIACIÓN - Activos Biológicos De Origen Vegetal En Produccion,3,A177,,,Activo,Ninguno,Sin centro de Costos,PLAN DE CUENTAS CONTASIS.xlsx,PLAN DE CUENTAS,793
35124,VALOR RAZONABLE - Activos Biológicos De Origen Vegetal En Produccion,3,A177,,,Activo,Ninguno,Sin centro de Costos,PLAN DE CUENTAS CONTASIS.xlsx,PLAN DE CUENTAS,794
352,ACTIVOS BIOLOGICOS EN DESARROLLO,2,,,,Activo,,,PLAN DE CUENTAS CONTASIS.xlsx,PLAN DE CUENTAS,795
3521,DE ORIGEN ANIMAL,2,,,,Activo,,,PLAN DE CUENTAS CONTASIS.xlsx,PLAN DE CUENTAS,796
35211,COSTO - Activos Biológicos De Origen Animal En Desarrollo,3,A177,,,Activo,Ninguno,Sin centro de Costos,PLAN DE CUENTAS CONTASIS.xlsx,PLAN DE CUENTAS,797
35213,COSTO DE FINANCIACIÓN - Activos Biológicos De Origen Animal En Desarrollo,3,A177,,,Activo,Ninguno,Sin centro de Costos,PLAN DE CUENTAS CONTASIS.xlsx,PLAN DE CUENTAS,798
35214,VALOR RAZONABLE - Activos Biológicos De Origen Animal En Desarrollo,3,A177,,,Activo,Ninguno,Sin centro de Costos,PLAN DE CUENTAS CONTASIS.xlsx,PLAN DE CUENTAS,799
3522,DE ORIGEN VEGETAL,2,,,,Activo,,,PLAN DE CUENTAS CONTASIS.xlsx,PLAN DE CUENTAS,800
35221,COSTO - Activos Biológicos De Origen Vegetal En Desarrollo,3,A177,,,Activo,Ninguno,Sin centro de Costos,PLAN DE CUENTAS CONTASIS.xlsx,PLAN DE CUENTAS,801
35223,COSTO DE FINANCIACIÓN - Activos Biológicos De Origen Vegetal En Desarrolloa,3,A177,,,Activo,Ninguno,Sin centro de Costos,PLAN DE CUENTAS CONTASIS.xlsx,PLAN DE CUENTAS,802
35224,VALOR RAZONABLE - Activos Biológicos De Origen Vegetal En Desarrollo,3,A177,,,Activo,Ninguno,Sin centro de Costos,PLAN DE CUENTAS CONTASIS.xlsx,PLAN DE CUENTAS,803
36,DESVALORIZACION DE ACTIVOS INMOVILIZADOS,1,,,,Activo,Ninguno,,PLAN DE CUENTAS CONTASIS.xlsx,PLAN DE CUENTAS,804
361,DESVALORIZACION DE PROPIEDAD DE INVERSIÓN,2,,,,Activo,,,PLAN DE CUENTAS CONTASIS.xlsx,PLAN DE CUENTAS,805
3611,TERRENOS - Propiedad de Inversión - Desvalorizacion,2,,,,Activo,,,PLAN DE CUENTAS CONTASIS.xlsx,PLAN DE CUENTAS,806
36111,COSTO - Terrenos - Propiedad de Inversión - Desvalorización,3,A179,,,Activo,Ninguno,Sin centro de Costos,PLAN DE CUENTAS CONTASIS.xlsx,PLAN DE CUENTAS,807
36112,REVALUACIÓN - Terrenos - Propiedad de Inversión - Desvalorización,3,A179,,,Activo,Ninguno,Sin centro de Costos,PLAN DE CUENTAS CONTASIS.xlsx,PLAN DE CUENTAS,808
3612,EDIFICACIONES - Propiedad de Inversión - Desvalorización,2,,,,Activo,,,PLAN DE CUENTAS CONTASIS.xlsx,PLAN DE CUENTAS,809
36121,COSTO - Edificaciones - Propiedad de Inversión - Desvalorización,3,A179,,,Activo,Ninguno,Sin centro de Costos,PLAN DE CUENTAS CONTASIS.xlsx,PLAN DE CUENTAS,810
36122,REVALUACIÓN - Edificaciones - Propiedad de Inversión - Desvalorización,3,A179,,,Activo,Ninguno,Sin centro de Costos,PLAN DE CUENTAS CONTASIS.xlsx,PLAN DE CUENTAS,811
36123,COSTO DE FINANCIACIÓN  - Edificaciones - Propiedad de Inversión - Desvalorización,3,A179,,,Activo,Ninguno,Sin centro de Costos,PLAN DE CUENTAS CONTASIS.xlsx,PLAN DE CUENTAS,812
3613,CONSTRUCCIONES EN CURSO - EDIFICACIONES - Propiedad de Inversión - Desvalorización,2,,,,Activo,,,PLAN DE CUENTAS CONTASIS.xlsx,PLAN DE CUENTAS,813
36131,COSTO - Construcciones en Curso -Edificaciones - Propiedad de Inversión - Desvalorización,3,A179,,,Activo,Ninguno,Sin centro de Costos,PLAN DE CUENTAS CONTASIS.xlsx,PLAN DE CUENTAS,814
36132,REVALUACIÓN - Construcciones en Curso -Edificaciones - Propiedad de Inversión - Desvalorización,3,A179,,,Activo,Ninguno,Sin centro de Costos,PLAN DE CUENTAS CONTASIS.xlsx,PLAN DE CUENTAS,815
36133,COSTO DE FINANCIACIÓN- Construcciones en Curso -Edificaciones - Propiedad de Inversión - Desvaloriza,3,A179,,,Activo,Ninguno,Sin centro de Costos,PLAN DE CUENTAS CONTASIS.xlsx,PLAN DE CUENTAS,816
362,DESVALORIZACION DE PROPIEDADES DE INVERSIÓN - ARRENDAMIENTO FINANCIERO,2,,,,Activo,,,PLAN DE CUENTAS CONTASIS.xlsx,PLAN DE CUENTAS,817
3621,TERRENOS - Desvalorización de Propiedades de Inversión  - Arrendamiento Financiero,2,,,,Activo,,,PLAN DE CUENTAS CONTASIS.xlsx,PLAN DE CUENTAS,818
36211,COSTO - Terrenos - Desvalorización de Propiedades de Inversión  - Arrendamiento Financiero,3,A179,,,Activo,Ninguno,Sin centro de Costos,PLAN DE CUENTAS CONTASIS.xlsx,PLAN DE CUENTAS,819
36212,REVALUACIÓN - Terrenos - Desvalorización de Propiedades de Inversión  - Arrendamiento Financiero,3,A179,,,Activo,Ninguno,Sin centro de Costos,PLAN DE CUENTAS CONTASIS.xlsx,PLAN DE CUENTAS,820
3622,EDIFICACIONES - Desvalorización de Propiedades de Inversión  - Arrendamiento Financiero,2,,,,Activo,,,PLAN DE CUENTAS CONTASIS.xlsx,PLAN DE CUENTAS,821
36221,COSTO - Edificaciones - Desvalorización de Propiedades de Inversión - Arrendamiento Financiero,3,A179,,,Activo,Ninguno,Sin centro de Costos,PLAN DE CUENTAS CONTASIS.xlsx,PLAN DE CUENTAS,822
36222,REVALUACION - Edificaciones - Desvalorización de Propiedades de Inversión - Arrendamiento Fi,3,A179,,,Activo,Ninguno,Sin centro de Costos,PLAN DE CUENTAS CONTASIS.xlsx,PLAN DE CUENTAS,823
36223,COSTO DE FINANCIACIÓN - Edificaciones - Desvalorización Propiedades de Inversión - Arrend Financiero,3,A179,,,Activo,Ninguno,Sin centro de Costos,PLAN DE CUENTAS CONTASIS.xlsx,PLAN DE CUENTAS,824
363,"DESVALORIZACION DE PROPIEDAD, PLANTA Y EQUIPO - Arrendamiento Financiero",2,,,,Activo,,,PLAN DE CUENTAS CONTASIS.xlsx,PLAN DE CUENTAS,825
3631,"TERRENOS - Propiedad, Planta y Equipo - Desvalorización - Arrendamiento Financiero",2,,,,Activo,,,PLAN DE CUENTAS CONTASIS.xlsx,PLAN DE CUENTAS,826
36311,"COSTO- Terrenos  - Propiedad, Planta y Equipo - Desvalorización - Arrendamiento Financiero",3,A179,,,Activo,Ninguno,Sin centro de Costos,PLAN DE CUENTAS CONTASIS.xlsx,PLAN DE CUENTAS,827
36312,"REVALUACIÓN - Terrenos  - Propiedad, Planta y Equipo - Desvalorización - Arrendamiento Financiero",3,A179,,,Activo,Ninguno,Sin centro de Costos,PLAN DE CUENTAS CONTASIS.xlsx,PLAN DE CUENTAS,828
3632,"EDIFICACIONES - Propiedad, Planta y Equipo - Desvalorización - Arrendamiento Financiero",2,,,,Activo,,,PLAN DE CUENTAS CONTASIS.xlsx,PLAN DE CUENTAS,829
36321,"COSTO - Edificaciones - Propiedad, Planta y Equipo - Desvalorización - Arrendamiento Financiero",3,A179,,,Activo,Ninguno,Sin centro de Costos,PLAN DE CUENTAS CONTASIS.xlsx,PLAN DE CUENTAS,830
36322,"REVALUACIÓN - Edificaciones - Propiedad, Planta y Equipo - Desvalorización - Arrendamiento Financier",3,A179,,,Activo,Ninguno,Sin centro de Costos,PLAN DE CUENTAS CONTASIS.xlsx,PLAN DE CUENTAS,831
36323,"COSTO DE FINANCIACIÓN  - Edificaciones - Propiedad, Planta y Equipo - Desvaloriz - Arrendamiento Fin",3,A179,,,Activo,Ninguno,Sin centro de Costos,PLAN DE CUENTAS CONTASIS.xlsx,PLAN DE CUENTAS,832
3633,"MAQUINARIAS Y EQUIPOS DE EXPLOTACION - Propiedad, Planta y Equipo -  Desvaloriz - Arrendamiento Fina",2,,,,Activo,,,PLAN DE CUENTAS CONTASIS.xlsx,PLAN DE CUENTAS,833
36331,"COSTO -  Maquinaria y Equipo de Explotación - Propiedad, Planta Equipo - Desvaloriz - Arrendam Finan",3,A179,,,Activo,Ninguno,Sin centro de Costos,PLAN DE CUENTAS CONTASIS.xlsx,PLAN DE CUENTAS,834
36332,"REVALUACIÓN  -  Maquinaria Equipo de Explotación - Propiedad, Planta y Equipo - Desvaloriz - Arrenda",3,A179,,,Activo,Ninguno,Sin centro de Costos,PLAN DE CUENTAS CONTASIS.xlsx,PLAN DE CUENTAS,835
36333,"COSTO DE FINANCIACIÓN -   Maquinaria y Eq de Explot - Propiedad, Planta y Eq - Desvaloriz - Arrendam",3,A179,,,Activo,Ninguno,Sin centro de Costos,PLAN DE CUENTAS CONTASIS.xlsx,PLAN DE CUENTAS,836
3634,"UNIDADES  DE TRANSPORTE - Propiedad, Planta y Equipo - Desvaloriz - Arrendamiento Financiero",2,,,,Activo,,,PLAN DE CUENTAS CONTASIS.xlsx,PLAN DE CUENTAS,837
36341,"COSTO - Unidades de Transporte - Propiedad, Planta y Equipo - Desvaloriz - Arrendamiento Financiero",3,A179,,,Activo,Ninguno,Sin centro de Costos,PLAN DE CUENTAS CONTASIS.xlsx,PLAN DE CUENTAS,838
36342,"REVALUACIÓN  - Unidades de Transporte - Propiedad, Planta y Equipo - Desvaloriz - Arrendamiento Fina",3,A179,,,Activo,Ninguno,Sin centro de Costos,PLAN DE CUENTAS CONTASIS.xlsx,PLAN DE CUENTAS,839
3635,"MUEBLES Y ENSERES - Propiedad, Planta y Equipo - Desvalorización - Arrendamiento Financiero",2,,,,Activo,,,PLAN DE CUENTAS CONTASIS.xlsx,PLAN DE CUENTAS,840
36351,"COSTO - Muebles y Enseres -  Propiedad, Planta y Equipo - Desvalorización - Arrendamiento Financiero",3,A179,,,Activo,Ninguno,Sin centro de Costos,PLAN DE CUENTAS CONTASIS.xlsx,PLAN DE CUENTAS,841
36352,"REVALUACIÓN  - Muebles y Enseres -  Propiedad, Planta y Equipo - Desvaloriz - Arrendamiento Financie",3,A179,,,Activo,Ninguno,Sin centro de Costos,PLAN DE CUENTAS CONTASIS.xlsx,PLAN DE CUENTAS,842
3636,"EQUIPOS DIVERSOS -  Propiedad, Planta y Equipo - Desvalorización - Arrendamiento Financiero",2,,,,Activo,,,PLAN DE CUENTAS CONTASIS.xlsx,PLAN DE CUENTAS,843
36361,"COSTO - Equipos Diversos - Propiedad, Planta y Equipo - Desvalorización - Arrendamiento Financiero",3,A179,,,Activo,Ninguno,Sin centro de Costos,PLAN DE CUENTAS CONTASIS.xlsx,PLAN DE CUENTAS,844
36362,"REVALUACIÓN - Equipos Diversos - Propiedad, Planta y Equipo - Desvalorización - Arrendamiento Financ",3,A179,,,Activo,Ninguno,Sin centro de Costos,PLAN DE CUENTAS CONTASIS.xlsx,PLAN DE CUENTAS,845
364,"DESVALORIZACION DE PROPIEDAD, PLANTA Y EQUIPO",2,,,,Activo,,,PLAN DE CUENTAS CONTASIS.xlsx,PLAN DE CUENTAS,846
3640,PLANTA PRODUCTORA EN PRODUCCIÓN - Desvalorización Propiedad Planta Equipo,2,,,,Activo,,,PLAN DE CUENTAS CONTASIS.xlsx,PLAN DE CUENTAS,847
36401,COSTO - Planta Productora en Producción - Desvalorización Propiedad Planta Equipo,3,A179,,,Activo,Ninguno,Sin centro de Costos,PLAN DE CUENTAS CONTASIS.xlsx,PLAN DE CUENTAS,848
36402,REVALUACIÓN - Planta Productora en Producción - Desvalorización Propiedad Planta Equipo,3,A179,,,Activo,Ninguno,Sin centro de Costos,PLAN DE CUENTAS CONTASIS.xlsx,PLAN DE CUENTAS,849
36403,COSTO DE FINANCIACIÓN  - Planta Productora en Producción - Desvalorización Propiedad Planta Equipo,3,A179,,,Activo,Ninguno,Sin centro de Costos,PLAN DE CUENTAS CONTASIS.xlsx,PLAN DE CUENTAS,850
36404,VALOR RAZONABLE- Planta Productora en Producción - Desvalorización Propiedad Planta Equipo,3,A179,,,Activo,Ninguno,Sin centro de Costos,PLAN DE CUENTAS CONTASIS.xlsx,PLAN DE CUENTAS,851
36405,COSTO - Planta Productora en Desarrollo - Desvalorización Propiedad Planta Equipo,3,A179,,,Activo,Ninguno,Sin centro de Costos,PLAN DE CUENTAS CONTASIS.xlsx,PLAN DE CUENTAS,852
36406,REVALUACIÓN  - Planta Productora en Desarrollo - Desvalorización Propiedad Planta Equipo,3,A179,,,Activo,Ninguno,Sin centro de Costos,PLAN DE CUENTAS CONTASIS.xlsx,PLAN DE CUENTAS,853
36407,COSTO DE FINANCIACIÓN  - Planta Productora en Desarrollo - Desvalorización Propiedad Planta Equipo,3,A179,,,Activo,Ninguno,Sin centro de Costos,PLAN DE CUENTAS CONTASIS.xlsx,PLAN DE CUENTAS,854
36408,VALOR RAZONABLE  - Planta Productora en Desarrollo - Desvalorización Propiedad Planta Equipo,3,A179,,,Activo,Ninguno,Sin centro de Costos,PLAN DE CUENTAS CONTASIS.xlsx,PLAN DE CUENTAS,855
3641,TERRENOS - Desvalorización Propiedad Planta Equipo,2,,,,Activo,,,PLAN DE CUENTAS CONTASIS.xlsx,PLAN DE CUENTAS,856
36411,COSTO - Terrenos - Desvalorización Propiedad Planta Equipo,3,A179,,,Activo,Ninguno,Sin centro de Costos,PLAN DE CUENTAS CONTASIS.xlsx,PLAN DE CUENTAS,857
36412,REVALUACIÓN  - Terrenos - Desvalorización Propiedad Planta Equipo,3,A179,,,Activo,Ninguno,Sin centro de Costos,PLAN DE CUENTAS CONTASIS.xlsx,PLAN DE CUENTAS,858
3642,EDIFICACIONES - Desvalorización Propiedad Planta Equipo,2,,,,Activo,,,PLAN DE CUENTAS CONTASIS.xlsx,PLAN DE CUENTAS,859
36421,EDIFICACIONES - Costo --Desvalorización Propiedad Planta Equipo,3,A179,,,Activo,Ninguno,Sin centro de Costos,PLAN DE CUENTAS CONTASIS.xlsx,PLAN DE CUENTAS,860
36422,EDIFICACIONES - Revaluación - Desvalorización Propiedad Planta Equipo,3,A179,,,Activo,Ninguno,Sin centro de Costos,PLAN DE CUENTAS CONTASIS.xlsx,PLAN DE CUENTAS,861
36423,EDIFICACIONES - Costo de Financiación - Desvalorización Propiedad Planta Equipo,3,A179,,,Activo,Ninguno,Sin centro de Costos,PLAN DE CUENTAS CONTASIS.xlsx,PLAN DE CUENTAS,862
36424,INSTALACIONES - Costo -Desvalorización Propiedad Planta Equipo,3,A179,,,Activo,Ninguno,Sin centro de Costos,PLAN DE CUENTAS CONTASIS.xlsx,PLAN DE CUENTAS,863
36425,INSTALACIONES - Revaluación - Desvalorización Propiedad Planta Equipo,3,A179,,,Activo,Ninguno,Sin centro de Costos,PLAN DE CUENTAS CONTASIS.xlsx,PLAN DE CUENTAS,864
36426,INSTALACIONES - Costo de Financiación - Desvalorización Propiedad Planta Equipo,3,A179,,,Activo,Ninguno,Sin centro de Costos,PLAN DE CUENTAS CONTASIS.xlsx,PLAN DE CUENTAS,865
36427,MEJORAS EN LOCALES ARRENDADOS - Costo - Edificaciones - Desvalorización Propiedad Planta Equipo,3,A179,,,Activo,Ninguno,Sin centro de Costos,PLAN DE CUENTAS CONTASIS.xlsx,PLAN DE CUENTAS,866
36428,MEJORAS EN LOCALES ARRENDADOS - REVALUACIÓN - Edificaciones - Desvalorización Propiedad Planta Equip,3,A179,,,Activo,Ninguno,Sin centro de Costos,PLAN DE CUENTAS CONTASIS.xlsx,PLAN DE CUENTAS,867
36429,MEJORAS LOCALES ARRENDADOS - Costo de Financiación  - Edificaciones - Desvalorización Propiedad Plan,3,A179,,,Activo,Ninguno,Sin centro de Costos,PLAN DE CUENTAS CONTASIS.xlsx,PLAN DE CUENTAS,868
3643,MAQUINARIA Y EQUIPO DE EXPLOTACIÓN - Desvalorización Propiedad Planta Equipo,2,,,,Activo,,,PLAN DE CUENTAS CONTASIS.xlsx,PLAN DE CUENTAS,869
36431,COSTO - Maquinaria y Equipo de Explotación - Desvalorización Propiedad Planta Equipo,3,A179,,,Activo,Ninguno,Sin centro de Costos,PLAN DE CUENTAS CONTASIS.xlsx,PLAN DE CUENTAS,870
36432,REVALUACIÓN - Maquinaria y Equipo de Explotación - Desvalorización Propiedad Planta Equipo,3,A179,,,Activo,Ninguno,Sin centro de Costos,PLAN DE CUENTAS CONTASIS.xlsx,PLAN DE CUENTAS,871
36433,COSTO DE FINANCIACIÓN - Maquinaria y Equipo de Explotación - Desvalorización Propiedad Planta Equipo,3,A179,,,Activo,Ninguno,Sin centro de Costos,PLAN DE CUENTAS CONTASIS.xlsx,PLAN DE CUENTAS,872
3644,UNIDADES DE TRANSPORTE -   Desvalorización Propiedad Planta Equipo,2,,,,Activo,,,PLAN DE CUENTAS CONTASIS.xlsx,PLAN DE CUENTAS,873
36441,COSTO - Unidades de Transporte - Desvalorización Propiedad Planta Equipo,3,A179,,,Activo,Ninguno,Sin centro de Costos,PLAN DE CUENTAS CONTASIS.xlsx,PLAN DE CUENTAS,874
36442,REVALUACIÓN  - Unidades de Transporte - Desvalorización Propiedad Planta Equipo,3,A179,,,Activo,Ninguno,Sin centro de Costos,PLAN DE CUENTAS CONTASIS.xlsx,PLAN DE CUENTAS,875
3645,MUEBLES Y ENSERES -  Desvalorización Propiedad Planta Equipo,2,,,,Activo,,,PLAN DE CUENTAS CONTASIS.xlsx,PLAN DE CUENTAS,876
36451,COSTO - Muebles y Enseres - Desvalorización Propiedad Planta Equipo,3,A179,,,Activo,Ninguno,Sin centro de Costos,PLAN DE CUENTAS CONTASIS.xlsx,PLAN DE CUENTAS,877
36452,REVALUACIÓN - Muebles y Enseres - Desvalorización Propiedad Planta Equipo,3,A179,,,Activo,Ninguno,Sin centro de Costos,PLAN DE CUENTAS CONTASIS.xlsx,PLAN DE CUENTAS,878
3646,EQUIPOS DIVERSOS - Desvalorización Propiedad Planta Equipo,2,,,,Activo,,,PLAN DE CUENTAS CONTASIS.xlsx,PLAN DE CUENTAS,879
36461,COSTO - Equipos Diversos - Desvalorización Propiedad Planta Equipo,3,A179,,,Activo,Ninguno,Sin centro de Costos,PLAN DE CUENTAS CONTASIS.xlsx,PLAN DE CUENTAS,880
36462,REVALUACIÓN - Equipos Diversos - Desvalorización Propiedad Planta Equipo,3,A179,,,Activo,Ninguno,Sin centro de Costos,PLAN DE CUENTAS CONTASIS.xlsx,PLAN DE CUENTAS,881
3647,HERRAMIENTAS Y UNIDADES DE REEMPLAZO - Desvalorización Propiedad Planta Equipo,2,,,,Activo,,,PLAN DE CUENTAS CONTASIS.xlsx,PLAN DE CUENTAS,882
36471,HERRAMIENTAS DE REEMPLAZO - COSTO - Desvalorización Propiedad Planta Equipo,3,A179,,,Activo,Ninguno,Sin centro de Costos,PLAN DE CUENTAS CONTASIS.xlsx,PLAN DE CUENTAS,883
36472,HERRAMIENTAS DE REEMPLAZO - REVALUACION - Desvalorización Propiedad Planta y Equipo,3,A179,,,Activo,Ninguno,Sin centro de Costos,PLAN DE CUENTAS CONTASIS.xlsx,PLAN DE CUENTAS,884
36473,UNIDADES DE REEMPLAZO - COSTO - Desvalorización Propiedad Planta Equipo,3,A179,,,Activo,Ninguno,Sin centro de Costos,PLAN DE CUENTAS CONTASIS.xlsx,PLAN DE CUENTAS,885
36474,UNIDADES DE REEMPLAZO - REVALUACION - Desvalorización Propiedad Planta Equipo,3,A179,,,Activo,Ninguno,Sin centro de Costos,PLAN DE CUENTAS CONTASIS.xlsx,PLAN DE CUENTAS,886
3649,OBRAS EN CURSO - Desvalorización Propiedad Planta Equipo,2,,,,Activo,,,PLAN DE CUENTAS CONTASIS.xlsx,PLAN DE CUENTAS,887
36491,COSTO - Obras en Curso -  Desvalorización Propiedad Planta Equipo,3,A179,,,Activo,Ninguno,Sin centro de Costos,PLAN DE CUENTAS CONTASIS.xlsx,PLAN DE CUENTAS,888
36492,REVALUACIÓN - Obras en Curso -  Desvalorización Propiedad Planta Equipo,3,A179,,,Activo,Ninguno,Sin centro de Costos,PLAN DE CUENTAS CONTASIS.xlsx,PLAN DE CUENTAS,889
365,DESVALORIZACION DE INTANGIBLES,2,,,,Activo,,,PLAN DE CUENTAS CONTASIS.xlsx,PLAN DE CUENTAS,890
3651,"CONCESIONES, LICENCIAS Y OTROS DERECHOS - Desvalorización de Intangibles",2,,,,Activo,,,PLAN DE CUENTAS CONTASIS.xlsx,PLAN DE CUENTAS,891
36511,"COSTO - Concesiones, Licencias y Otros Derechos - Desvalorización de Intangibles",3,A179,,,Activo,Ninguno,Sin centro de Costos,PLAN DE CUENTAS CONTASIS.xlsx,PLAN DE CUENTAS,892
36512,"REVALUACIÓN - Concesiones, Licencias y Otros Derechos - Desvalorización de Intangibles",3,A179,,,Activo,Ninguno,Sin centro de Costos,PLAN DE CUENTAS CONTASIS.xlsx,PLAN DE CUENTAS,893
3652,PATENTES Y PROPIEDAD INDUSTRIAL - Desvalorización de Intangibles,2,,,,Activo,,,PLAN DE CUENTAS CONTASIS.xlsx,PLAN DE CUENTAS,894
36521,COSTO - Patentes y Propiedad Industrial - Desvalorización de Intangibles,3,A179,,,Activo,Ninguno,Sin centro de Costos,PLAN DE CUENTAS CONTASIS.xlsx,PLAN DE CUENTAS,895
36522,REVALUACIÓN - Patentes y Propiedad Industrial - Desvalorización de Intangibles,3,A179,,,Activo,Ninguno,Sin centro de Costos,PLAN DE CUENTAS CONTASIS.xlsx,PLAN DE CUENTAS,896
3653,PROGRAMAS DE COMPUTADORAS (software) - Desvalorización de Intangibles,2,,,,Activo,,,PLAN DE CUENTAS CONTASIS.xlsx,PLAN DE CUENTAS,897
36531,COSTO - Programas de Computadoras - Desvalorización de Intangibles,3,A179,,,Activo,Ninguno,Sin centro de Costos,PLAN DE CUENTAS CONTASIS.xlsx,PLAN DE CUENTAS,898
36532,REVALUACIÓN - Programas de Computadoras - Desvalorización de Intangibles,3,A179,,,Activo,Ninguno,Sin centro de Costos,PLAN DE CUENTAS CONTASIS.xlsx,PLAN DE CUENTAS,899
3654,COSTOS DE EXPLORACIÓN Y DESARROLLO -  Desvalorización de Intangibles,2,,,,Activo,,,PLAN DE CUENTAS CONTASIS.xlsx,PLAN DE CUENTAS,900
36541,COSTO - Costos de Exploración y Desarrollo - Desvalorización de Intangibles,3,A179,,,Activo,Ninguno,Sin centro de Costos,PLAN DE CUENTAS CONTASIS.xlsx,PLAN DE CUENTAS,901
36542,REVALUACIÓN -  Costos de Exploración y Desarrollo - Desvalorización de Intangibles,3,A179,,,Activo,Ninguno,Sin centro de Costos,PLAN DE CUENTAS CONTASIS.xlsx,PLAN DE CUENTAS,902
36543,COSTO DE FINANCIACIÓN -  Costos de Exploración y Desarrollo - Desvalorización de Intangibles,3,A179,,,Activo,Ninguno,Sin centro de Costos,PLAN DE CUENTAS CONTASIS.xlsx,PLAN DE CUENTAS,903
3655,"FORMULAS, DISEÑOS Y PROTOTIPOS -  Desvalorización de Intangibles",2,,,,Activo,,,PLAN DE CUENTAS CONTASIS.xlsx,PLAN DE CUENTAS,904
36551,"COSTO - Formulas, Diseños y Prototipos - Desvalorización de Intangibles",3,A179,,,Activo,Ninguno,Sin centro de Costos,PLAN DE CUENTAS CONTASIS.xlsx,PLAN DE CUENTAS,905
36552,"REVALUACIÓN - Formulas, Diseños y Prototipos - Desvalorización de Intangibles",3,A179,,,Activo,Ninguno,Sin centro de Costos,PLAN DE CUENTAS CONTASIS.xlsx,PLAN DE CUENTAS,906
3657,PLUSVALIA MERCANTIL - Desvalorización de Intangibles,2,,,,Activo,,,PLAN DE CUENTAS CONTASIS.xlsx,PLAN DE CUENTAS,907
36571,PLUSVALIA MERCANTIL - Desvalorización de Intangibles,3,A179,,,Activo,Ninguno,Sin centro de Costos,PLAN DE CUENTAS CONTASIS.xlsx,PLAN DE CUENTAS,908
3659,OTROS ACTIVOS INTANGIBLES - Desvalorización de Intangibles,2,,,,Activo,,,PLAN DE CUENTAS CONTASIS.xlsx,PLAN DE CUENTAS,909
36591,COSTO - Otros Activos Intangibles - Desvalorización de Intangibles,3,A179,,,Activo,Ninguno,Sin centro de Costos,PLAN DE CUENTAS CONTASIS.xlsx,PLAN DE CUENTAS,910
36592,REVALUACIÓN - Otros Activos Intangibles - Desvalorización de Intangibles,3,A179,,,Activo,Ninguno,Sin centro de Costos,PLAN DE CUENTAS CONTASIS.xlsx,PLAN DE CUENTAS,911
366,DESVALORIZACION DE ACTIVOS BIOLOGICOS,2,,,,Activo,,,PLAN DE CUENTAS CONTASIS.xlsx,PLAN DE CUENTAS,912
3661,ACTIVOS BIOLOGICOS EN PRODUCCIÓN - Desvalorización de Activos Biológicos,2,,,,Activo,,,PLAN DE CUENTAS CONTASIS.xlsx,PLAN DE CUENTAS,913
36611,COSTO - Activos Biológicos en Producción - Desvalorización de Activos Biológicos,3,A179,,,Activo,Ninguno,Sin centro de Costos,PLAN DE CUENTAS CONTASIS.xlsx,PLAN DE CUENTAS,914
36613,COSTO DE FINANCIACIÓN  - Activos Biológicos en Producción - Desvalorización de Activos Biológicos,3,A179,,,Activo,Ninguno,Sin centro de Costos,PLAN DE CUENTAS CONTASIS.xlsx,PLAN DE CUENTAS,915
3662,ACTIVOS BIOLOGICOS EN DESARROLLO - Desvalorización de Activos Biológicos,2,,,,Activo,,,PLAN DE CUENTAS CONTASIS.xlsx,PLAN DE CUENTAS,916
36621,COSTO -  Activos Biológicos en Desarrollo - Desvalorización de Activos Biológicos,3,A179,,,Activo,Ninguno,Sin centro de Costos,PLAN DE CUENTAS CONTASIS.xlsx,PLAN DE CUENTAS,917
36622,COSTO DE FINANCIACIÓN - Activos Biológicos en Desarrollo - Desvalorización de Activos Biológicos,3,A179,,,Activo,Ninguno,Sin centro de Costos,PLAN DE CUENTAS CONTASIS.xlsx,PLAN DE CUENTAS,918
367,DESVALORIZACIÓN DE INVERSIONES MOBILIARIAS,2,,,,Activo,,,PLAN DE CUENTAS CONTASIS.xlsx,PLAN DE CUENTAS,919
3671,INVERSIONES A SER MANTENIDAS HASTA EL VENCIMIENTO - Desvalorización de Inversiones Mobiliarias,2,,,,Activo,,,PLAN DE CUENTAS CONTASIS.xlsx,PLAN DE CUENTAS,920
36711,COSTO - Inversiones a ser mantenidas hasta el Vencimiento  - Desvalorización de Inversiones Mobiliap,3,A179,,,Activo,Ninguno,Sin centro de Costos,PLAN DE CUENTAS CONTASIS.xlsx,PLAN DE CUENTAS,921
3672,INVERSIONES FINANCIERAS REPRESENTATIVAS DE DERECHO PATRIMONIAL - Desvalorización de Inversiones Mobi,2,,,,Activo,,,PLAN DE CUENTAS CONTASIS.xlsx,PLAN DE CUENTAS,922
36721,COSTO - Inversiones Financieras Representativas de Derecho Patrimonial - Desvalorización de Inversio,3,A179,,,Activo,Ninguno,Sin centro de Costos,PLAN DE CUENTAS CONTASIS.xlsx,PLAN DE CUENTAS,923
3673,OTRAS INVERSIONES FINANCIERAS - Desvalorización de Inversiones Mobiliarias,2,,,,Activo,,,PLAN DE CUENTAS CONTASIS.xlsx,PLAN DE CUENTAS,924
36731,COSTO - Otras Inversiones Financieras -Desvalorización de Inversiones Mobiliarias,3,A179,,,Activo,Ninguno,Sin centro de Costos,PLAN DE CUENTAS CONTASIS.xlsx,PLAN DE CUENTAS,925
37,ACTIVO DIFERIDO,1,,,,Activo,Ninguno,,PLAN DE CUENTAS CONTASIS.xlsx,PLAN DE CUENTAS,926
371,IMPUESTO A LA RENTA DIFERIDO,2,,,,Activo,,,PLAN DE CUENTAS CONTASIS.xlsx,PLAN DE CUENTAS,927
3711,IMPUESTO A LA RENTA DIFERIDO - PATRIMONIO - Activo Diferido,3,A180,,,Activo,Ninguno,Sin centro de Costos,PLAN DE CUENTAS CONTASIS.xlsx,PLAN DE CUENTAS,928
3712,IMPUESTO A LA RENTA DIFERIDO - RESULTADOS - Activo Diferido,3,A180,,,Activo,Ninguno,Sin centro de Costos,PLAN DE CUENTAS CONTASIS.xlsx,PLAN DE CUENTAS,929
372,PARTICIPACIONES DE LOS TRABAJADORES DIFERIDAS,2,,,,Activo,,,PLAN DE CUENTAS CONTASIS.xlsx,PLAN DE CUENTAS,930
3721,PARTICIPACIONES DE LOS TRABAJADORES DIFERIDAS - PATRIMONIO - Activo Diferido,3,A180,,,Activo,Ninguno,Sin centro de Costos,PLAN DE CUENTAS CONTASIS.xlsx,PLAN DE CUENTAS,931
3722,PARTICIPACIONES DE LOS TRABAJADORES DIFERIDAS - RESULTADOS - Activo Diferido,3,A180,,,Activo,Ninguno,Sin centro de Costos,PLAN DE CUENTAS CONTASIS.xlsx,PLAN DE CUENTAS,932
373,INTERESES DIFERIDOS,2,,,,Activo,,,PLAN DE CUENTAS CONTASIS.xlsx,PLAN DE CUENTAS,933
3731,INTERESES NO DEVENGADOS EN TRANSACCIONES CON TERCEROS - Activo Diferido,3,A180,,,Activo,Ninguno,Sin centro de Costos,PLAN DE CUENTAS CONTASIS.xlsx,PLAN DE CUENTAS,934
3732,INTERESES NO DEVENGADOS EN MEDICIÓN A VALOR DESCONTADO - Activo Diferido,3,A180,,,Activo,Ninguno,Sin centro de Costos,PLAN DE CUENTAS CONTASIS.xlsx,PLAN DE CUENTAS,935
38,OTROS ACTIVOS,1,,,,Activo,Ninguno,,PLAN DE CUENTAS CONTASIS.xlsx,PLAN DE CUENTAS,936
381,BIENES DE ARTE Y CULTURA - Otros Activos,2,,,,Activo,,,PLAN DE CUENTAS CONTASIS.xlsx,PLAN DE CUENTAS,937
3811,OBRAS DE ARTE - Otros Activos,3,A185,,,Activo,Ninguno,Sin centro de Costos,PLAN DE CUENTAS CONTASIS.xlsx,PLAN DE CUENTAS,938
3812,BIBLIOTECA - Otros Activos,3,A185,,,Activo,Ninguno,Sin centro de Costos,PLAN DE CUENTAS CONTASIS.xlsx,PLAN DE CUENTAS,939
3813,OTROS - Bienes de Arte y Cultura - Activos,3,A185,,,Activo,Ninguno,Sin centro de Costos,PLAN DE CUENTAS CONTASIS.xlsx,PLAN DE CUENTAS,940
382,DIVERSOS - Otros Activos,2,,,,Activo,,,PLAN DE CUENTAS CONTASIS.xlsx,PLAN DE CUENTAS,941
3821,MONEDAS Y JOYAS - Otros Activos,3,A185,,,Activo,Ninguno,Sin centro de Costos,PLAN DE CUENTAS CONTASIS.xlsx,PLAN DE CUENTAS,942
3822,BIENES ENTREGADOS EN COMODATO - Otros Activos,3,A185,,,Activo,Ninguno,Sin centro de Costos,PLAN DE CUENTAS CONTASIS.xlsx,PLAN DE CUENTAS,943
3823,BIENES RECIBIDOS EN PAGO (ADJUDICADOS Y REALIZABLES) - Otros Activos,3,A185,,,Activo,Ninguno,Sin centro de Costos,PLAN DE CUENTAS CONTASIS.xlsx,PLAN DE CUENTAS,944
3829,OTROS - Diversos - Otros Activos,3,A185,,,Activo,Ninguno,Sin centro de Costos,PLAN DE CUENTAS CONTASIS.xlsx,PLAN DE CUENTAS,945
39,"DEPRECIACIÓN, AMORTIZACIÓN   ACUMULADOS",1,,,,Activo,Ninguno,,PLAN DE CUENTAS CONTASIS.xlsx,PLAN DE CUENTAS,946
391,DEPRECIACION ACUMULADA PROPIEDADES DE INVERSIÓN,2,,,,Activo,,,PLAN DE CUENTAS CONTASIS.xlsx,PLAN DE CUENTAS,947
3911,EDIFICACIONES - Depreciación Acumulada Propiedades de Inversión,2,,,,Activo,,,PLAN DE CUENTAS CONTASIS.xlsx,PLAN DE CUENTAS,948
39111,COSTO - Edificaciones - Depreciación Acumulada Propiedades de Inversión,3,A164,,,Activo,Ninguno,Sin centro de Costos,PLAN DE CUENTAS CONTASIS.xlsx,PLAN DE CUENTAS,949
39112,REVALUACION - Edificaciones - Depreciación Acumulada Propiedades de Inversión,3,A164,,,Activo,Ninguno,Sin centro de Costos,PLAN DE CUENTAS CONTASIS.xlsx,PLAN DE CUENTAS,950
39113,COSTO DE FINANCIACION - Edificaciones - Depreciación Acumulada Propiedades de Inversión,3,A164,,,Activo,Ninguno,Sin centro de Costos,PLAN DE CUENTAS CONTASIS.xlsx,PLAN DE CUENTAS,951
392,DEPRECIACIÓN ACUMULADA PROPIEDADES DE INVERSIÓN - ARRENDAMIENTO FINANCIERO,2,,,,Activo,,,PLAN DE CUENTAS CONTASIS.xlsx,PLAN DE CUENTAS,952
3921,EDIFICACIONES - Depreciación Acumulada Propiedades de Inversión - Arrendamiento Financiero,2,,,,Activo,,,PLAN DE CUENTAS CONTASIS.xlsx,PLAN DE CUENTAS,953
39211,COSTO - Edificaciones - Depreciación Acumulada Propiedades de Inversión - Arrendamiento Financiero,3,A164,,,Activo,Ninguno,Sin centro de Costos,PLAN DE CUENTAS CONTASIS.xlsx,PLAN DE CUENTAS,954
39212,REVALUACIÓN - Edificaciones - Depreciación Acumulada Propiedades de Inversión - Arrendamiento Financ,3,A164,,,Activo,Ninguno,Sin centro de Costos,PLAN DE CUENTAS CONTASIS.xlsx,PLAN DE CUENTAS,955
39213,COSTO FINANCIACIÓN - Edificaciones - Depreciación Acumulada Propiedades de Inversión - Arrendam Fina,3,A164,,,Activo,Ninguno,Sin centro de Costos,PLAN DE CUENTAS CONTASIS.xlsx,PLAN DE CUENTAS,956
393,"DEPRECIACIÓN ACUMULADA PROPIEDAD, PLANTA Y EQUIPO - ARRENDAMIENTO FINANCIERO",2,,,,Activo,,,PLAN DE CUENTAS CONTASIS.xlsx,PLAN DE CUENTAS,957
3932,"EDIFICACIONES - Depreciación Acumulada Propiedad, Planta y Equipo - Arrendamiento Financiero",2,,,,Activo,,,PLAN DE CUENTAS CONTASIS.xlsx,PLAN DE CUENTAS,958
39321,"COSTO - Edificaciones - Depreciación Acumulada Propiedad, Planta y Equipo  - Arrendamiento Financier",3,A164,,,Activo,Ninguno,Sin centro de Costos,PLAN DE CUENTAS CONTASIS.xlsx,PLAN DE CUENTAS,959
39322,"REVALUACIÓN - Edificaciones - Depreciac Acumulada Propiedad, Planta y Equipo  - Arrendamiento Financ",3,A164,,,Activo,Ninguno,Sin centro de Costos,PLAN DE CUENTAS CONTASIS.xlsx,PLAN DE CUENTAS,960
39323,"COSTO DE FINANCIACIÓN - Edificaciones - Depreciac Acumul Propiedad, Planta y Equipo  - Arrend Financ",3,A164,,,Activo,Ninguno,Sin centro de Costos,PLAN DE CUENTAS CONTASIS.xlsx,PLAN DE CUENTAS,961
3933,MAQUINARIAS Y EQUIPOS DE EXPLOTACIÒN - Depreciación Acumulada Prop Planta Equip - Arrendamiento Fina,2,,,,Activo,,,PLAN DE CUENTAS CONTASIS.xlsx,PLAN DE CUENTAS,962
39331,"COSTO - Maquinarias y Equipos de Explotación - Deprec Acumul Propiedad, Planta y Eq - Arrend Financi",3,A164,,,Activo,Ninguno,Sin centro de Costos,PLAN DE CUENTAS CONTASIS.xlsx,PLAN DE CUENTAS,963
39332,REVALUACIÓN - Maquinarias y Equipos de Explotación - Deprec Acumul Prop Planta Eq - Arrendam Financi,3,A164,,,Activo,Ninguno,Sin centro de Costos,PLAN DE CUENTAS CONTASIS.xlsx,PLAN DE CUENTAS,964
39333,COSTO DE FINANCIACIÓN - Maquinarias y Equipos de Explotación - Deprec Acumul Prop Planta Eq - Arrend,3,A164,,,Activo,Ninguno,Sin centro de Costos,PLAN DE CUENTAS CONTASIS.xlsx,PLAN DE CUENTAS,965
3934,UNIDADES DE TRANSPORTE - Depreciación Acumulada Prop Planta Eq - Arrendamiento Financiero,2,,,,Activo,,,PLAN DE CUENTAS CONTASIS.xlsx,PLAN DE CUENTAS,966
39341,COSTO - Unidades de Transporte -  Depreciación Acumulada Propied Planta Equip- Arrendamiento Financi,3,A164,,,Activo,Ninguno,Sin centro de Costos,PLAN DE CUENTAS CONTASIS.xlsx,PLAN DE CUENTAS,967
39342,REVALUACIÓN - Unidades de Transporte -  Deprec Acumul Prop Planta Equip - Arrendamiento Financiero,3,A164,,,Activo,Ninguno,Sin centro de Costos,PLAN DE CUENTAS CONTASIS.xlsx,PLAN DE CUENTAS,968
3935,MUEBLES Y ENSERES - Depreciación Acumulada Prop Planta Equipo - Arrendamiento Financiero,2,,,,Activo,,,PLAN DE CUENTAS CONTASIS.xlsx,PLAN DE CUENTAS,969
39351,COSTO - Muebles y Enseres -  Deprec Acumul Prop Planta Equipo - Arrendamiento Financiero,3,A164,,,Activo,Ninguno,Sin centro de Costos,PLAN DE CUENTAS CONTASIS.xlsx,PLAN DE CUENTAS,970
39352,REVALUACIÓN - Muebles y Enseres -  Depreciación Acumulada Prop Planta Equipo - Arrendamiento Financi,3,A164,,,Activo,Ninguno,Sin centro de Costos,PLAN DE CUENTAS CONTASIS.xlsx,PLAN DE CUENTAS,971
3936,EQUIPOS DIVERSOS - Depreciación Acumulada Propiedad Planta Equipo - Arrendamiento Financiero,2,,,,Activo,,,PLAN DE CUENTAS CONTASIS.xlsx,PLAN DE CUENTAS,972
39361,COSTO - Equipos Diversos - Depreciación Acumulada Propiedad Planta Eq - Arrendamiento Financiero,3,A164,,,Activo,Ninguno,Sin centro de Costos,PLAN DE CUENTAS CONTASIS.xlsx,PLAN DE CUENTAS,973
39362,REVALUACIÓN - Equipos Diversos - Depreciación Acumulada Prop Planta Eq - Arrendamiento Financiero,3,A164,,,Activo,Ninguno,Sin centro de Costos,PLAN DE CUENTAS CONTASIS.xlsx,PLAN DE CUENTAS,974
394,DEPRECIACIÓN ACUMULADA - Arrendamiento Operativo,2,,,,Activo,,,PLAN DE CUENTAS CONTASIS.xlsx,PLAN DE CUENTAS,975
3941,ACTIVOS POR DERECHO DE USO - Arrendamiento Operativo,2,,,,Activo,,,PLAN DE CUENTAS CONTASIS.xlsx,PLAN DE CUENTAS,976
39410,PLANTAS PRODUCTORAS - Activos por Derecho de Uso - Arrendamiento Operativo,3,A164,,,Activo,Ninguno,Sin centro de Costos,PLAN DE CUENTAS CONTASIS.xlsx,PLAN DE CUENTAS,977
39411,TERRENOS  - Activos por Derecho de Uso - Arrendamiento Operativo,3,A164,,,Activo,Ninguno,Sin centro de Costos,PLAN DE CUENTAS CONTASIS.xlsx,PLAN DE CUENTAS,978
39412,EDIFICACIONES  - Activos por Derecho de Uso - Arrendamiento Operativo,3,A164,,,Activo,Ninguno,Sin centro de Costos,PLAN DE CUENTAS CONTASIS.xlsx,PLAN DE CUENTAS,979
39413,MAQUINARIAS Y EQUIPOS DE EXPLOTACIÓN  - Activos por Derecho de Uso - Arrendamiento Operativo,3,A164,,,Activo,Ninguno,Sin centro de Costos,PLAN DE CUENTAS CONTASIS.xlsx,PLAN DE CUENTAS,980
39414,UNIDADES DE TRANSPORTE  - Activos por Derecho de Uso - Arrendamiento Operativo,3,A164,,,Activo,Ninguno,Sin centro de Costos,PLAN DE CUENTAS CONTASIS.xlsx,PLAN DE CUENTAS,981
39415,EQUIPOS DIVERSOS  - Activos por Derecho de Uso - Arrendamiento Operativo,3,A164,,,Activo,Ninguno,Sin centro de Costos,PLAN DE CUENTAS CONTASIS.xlsx,PLAN DE CUENTAS,982
395,"DEPRECIACIÓN ACUMULADA DE PROPIEDAD, PLANTA Y EQUIPO",2,,,,Activo,,,PLAN DE CUENTAS CONTASIS.xlsx,PLAN DE CUENTAS,983
3952,DEPRECIACIÓN ACUMULADA - COSTO,2,,,,Activo,,,PLAN DE CUENTAS CONTASIS.xlsx,PLAN DE CUENTAS,984
39520,PLANTAS PRODUCTORAS - Depreciación Acumulada - Costo,3,A164,,,Activo,Ninguno,Sin centro de Costos,PLAN DE CUENTAS CONTASIS.xlsx,PLAN DE CUENTAS,985
39521,EDIFICACIONES - Depreciación Acumulada - Costo,3,A164,,,Activo,Ninguno,Sin centro de Costos,PLAN DE CUENTAS CONTASIS.xlsx,PLAN DE CUENTAS,986
39522,INSTALACIONES - Depreciación Acumulada - Costo,3,A164,,,Activo,Ninguno,Sin centro de Costos,PLAN DE CUENTAS CONTASIS.xlsx,PLAN DE CUENTAS,987
39523,MEJORAS EN LOCALES ARRENDADOS - Depreciación Acumulada - Costo,3,A164,,,Activo,Ninguno,Sin centro de Costos,PLAN DE CUENTAS CONTASIS.xlsx,PLAN DE CUENTAS,988
39524,MAQUINARIAS Y EQUIPOS DE EXPLOTACIÓN - Depreciación Acumulada - Costo,3,A164,,,Activo,Ninguno,Sin centro de Costos,PLAN DE CUENTAS CONTASIS.xlsx,PLAN DE CUENTAS,989
39525,UNIDADES DE TRANSPORTE - Depreciación Acumulada - Costo,3,A164,,,Activo,Ninguno,Sin centro de Costos,PLAN DE CUENTAS CONTASIS.xlsx,PLAN DE CUENTAS,990
39526,MUEBLES Y ENSERES - Depreciación Acumulada - Costo,3,A164,,,Activo,Ninguno,Sin centro de Costos,PLAN DE CUENTAS CONTASIS.xlsx,PLAN DE CUENTAS,991
39527,EQUIPOS DIVERSOS - Depreciación Acumulada - Costo,3,A164,,,Activo,Ninguno,Sin centro de Costos,PLAN DE CUENTAS CONTASIS.xlsx,PLAN DE CUENTAS,992
39528,HERRAMIENTAS - Depreciación Acumulada - Costo,3,A164,,,Activo,Ninguno,Sin centro de Costos,PLAN DE CUENTAS CONTASIS.xlsx,PLAN DE CUENTAS,993
39529,UNIDADES DE REEMPLAZO - Depreciación Acumulada - Costo,3,A164,,,Activo,Ninguno,Sin centro de Costos,PLAN DE CUENTAS CONTASIS.xlsx,PLAN DE CUENTAS,994
3953,DEPRECIACION ACUMULADA - REVALUACION,2,,,,Activo,,,PLAN DE CUENTAS CONTASIS.xlsx,PLAN DE CUENTAS,995
39530,PLANTAS PRODUCTORAS - Depreciación Acumulada - Revaluación,3,A164,,,Activo,Ninguno,Sin centro de Costos,PLAN DE CUENTAS CONTASIS.xlsx,PLAN DE CUENTAS,996
39531,EDIFICACIONES  - Depreciación Acumulada - Revaluación,3,A164,,,Activo,Ninguno,Sin centro de Costos,PLAN DE CUENTAS CONTASIS.xlsx,PLAN DE CUENTAS,997
39532,INSTALACIONES  - Depreciación Acumulada - Revaluación,3,A164,,,Activo,Ninguno,Sin centro de Costos,PLAN DE CUENTAS CONTASIS.xlsx,PLAN DE CUENTAS,998
39533,MEJORAS EN LOCALES ARRENDADOS  - Depreciación Acumulada - Revaluación,3,A164,,,Activo,Ninguno,Sin centro de Costos,PLAN DE CUENTAS CONTASIS.xlsx,PLAN DE CUENTAS,999
39534,MAQUINARIAS Y EQUIPOS DE EXPLOTACIÓN  - Depreciación Acumulada - Revaluación,3,A164,,,Activo,Ninguno,Sin centro de Costos,PLAN DE CUENTAS CONTASIS.xlsx,PLAN DE CUENTAS,1000
39535,UNIDADES DE TRANSPORTE  - Depreciación Acumulada - Revaluación,3,A164,,,Activo,Ninguno,Sin centro de Costos,PLAN DE CUENTAS CONTASIS.xlsx,PLAN DE CUENTAS,1001
39536,MUEBLES Y ENSERES  - Depreciación Acumulada - Revaluación,3,A164,,,Activo,Ninguno,Sin centro de Costos,PLAN DE CUENTAS CONTASIS.xlsx,PLAN DE CUENTAS,1002
39537,EQUIPOS DIVERSOS  - Depreciación Acumulada - Revaluación,3,A164,,,Activo,Ninguno,Sin centro de Costos,PLAN DE CUENTAS CONTASIS.xlsx,PLAN DE CUENTAS,1003
39538,HERRAMIENTAS Y UNIDADES DE REEMPLAZO - Depreciación Acumulada - Revaluación,3,A164,,,Activo,Ninguno,Sin centro de Costos,PLAN DE CUENTAS CONTASIS.xlsx,PLAN DE CUENTAS,1004
3954,DEPRECIACION ACUMULADA - COSTO DE FINANCIACION,2,,,,Activo,,,PLAN DE CUENTAS CONTASIS.xlsx,PLAN DE CUENTAS,1005
39540,PLANTAS PRODUCTORAS - Depreciación Acumulada - Costo de Financiación,3,A164,,,Activo,Ninguno,Sin centro de Costos,PLAN DE CUENTAS CONTASIS.xlsx,PLAN DE CUENTAS,1006
39541,EDIFICACIONES - Depreciación Acumulada - Costo de Financiación,3,A164,,,Activo,Ninguno,Sin centro de Costos,PLAN DE CUENTAS CONTASIS.xlsx,PLAN DE CUENTAS,1007
39542,MAQUINARIAS Y EQUIPOS DE EXPLOTACIÓN - Depreciación Acumulada - Costo de Financiación,3,A164,,,Activo,Ninguno,Sin centro de Costos,PLAN DE CUENTAS CONTASIS.xlsx,PLAN DE CUENTAS,1008
3955,DEPRECIACION ACUMULADA - VALOR RAZONABLE,2,,,,Activo,,,PLAN DE CUENTAS CONTASIS.xlsx,PLAN DE CUENTAS,1009
39550,PLANTAS PRODUCTORAS - Depreciación Acumulada - Valor Razonable,3,A164,,,Activo,Ninguno,Sin centro de Costos,PLAN DE CUENTAS CONTASIS.xlsx,PLAN DE CUENTAS,1010
396,AMORTIZACIÓN ACUMULADA,2,,,,Activo,,,PLAN DE CUENTAS CONTASIS.xlsx,PLAN DE CUENTAS,1011
3961,INTANGIBLES - Costo - Amortización Acumulada,2,,,,Activo,,,PLAN DE CUENTAS CONTASIS.xlsx,PLAN DE CUENTAS,1012
39611,"CONCESIONES, LICENCIAS Y OTROS DERECHOS - Intangibles - Costo - Amortización Acumulada",3,A178,,,Activo,Ninguno,Sin centro de Costos,PLAN DE CUENTAS CONTASIS.xlsx,PLAN DE CUENTAS,1013
39612,PATENTES Y PROPIEDAD INDUSTRIAL - Intangibles - Costo - Amortización Acumulada,3,A178,,,Activo,Ninguno,Sin centro de Costos,PLAN DE CUENTAS CONTASIS.xlsx,PLAN DE CUENTAS,1014
39613,PROGRAMAS DE COMPUTADORA (software) - Intangibles - Costo - Amortización Acumulada,3,A178,,,Activo,Ninguno,Sin centro de Costos,PLAN DE CUENTAS CONTASIS.xlsx,PLAN DE CUENTAS,1015
39614,COSTOS DE EXPLORACIÓN Y DESARROLLO  - Intangibles - Costo - Amortización Acumulada,3,A178,,,Activo,Ninguno,Sin centro de Costos,PLAN DE CUENTAS CONTASIS.xlsx,PLAN DE CUENTAS,1016
39615,"FORMULAS, DISEÑOS Y PROTOTIPOS  - Intangibles - Costo - Amortización Acumulada",3,A178,,,Activo,Ninguno,Sin centro de Costos,PLAN DE CUENTAS CONTASIS.xlsx,PLAN DE CUENTAS,1017
39619,OTROS ACTIVOS INTANGIBLES  - Intangibles - Costo - Amortización Acumulada,3,A178,,,Activo,Ninguno,Sin centro de Costos,PLAN DE CUENTAS CONTASIS.xlsx,PLAN DE CUENTAS,1018
3962,INTANGIBLES - Revaluación - Amortización Acumulada,2,,,,Activo,,,PLAN DE CUENTAS CONTASIS.xlsx,PLAN DE CUENTAS,1019
39621,"CONCESIONES, LICENCIAS Y OTROS DERECHOS - Intangibles - Revaluación - Amortización Acumulada",3,A178,,,Activo,Ninguno,Sin centro de Costos,PLAN DE CUENTAS CONTASIS.xlsx,PLAN DE CUENTAS,1020
39622,PATENTES Y PROPIEDAD INDUSTRIAL - Intangibles - Revaluación - Amortización Acumulada,3,A178,,,Activo,Ninguno,Sin centro de Costos,PLAN DE CUENTAS CONTASIS.xlsx,PLAN DE CUENTAS,1021
39623,PROGRAMAS DE COMPUTADORAS (software) - Intangibles - Revaluación - Amortización Acumulada,3,A178,,,Activo,Ninguno,Sin centro de Costos,PLAN DE CUENTAS CONTASIS.xlsx,PLAN DE CUENTAS,1022
39624,COSTOS DE EXPLORACIÓN Y DESARROLLO - Intangibles - Revaluación - Amortización Acumulada,3,A178,,,Activo,Ninguno,Sin centro de Costos,PLAN DE CUENTAS CONTASIS.xlsx,PLAN DE CUENTAS,1023
39625,"FORMULAS, DISEÑOS Y PROTOTIPO - Intangibles - Revaluación - Amortización Acumuladaa",3,A178,,,Activo,Ninguno,Sin centro de Costos,PLAN DE CUENTAS CONTASIS.xlsx,PLAN DE CUENTAS,1024
39629,OTROS ACTIVOS INTANGIBLES - Intangibles - Revaluación - Amortización Acumulada,3,A178,,,Activo,Ninguno,Sin centro de Costos,PLAN DE CUENTAS CONTASIS.xlsx,PLAN DE CUENTAS,1025
3963,INTANGIBLES - Costo de Financiación - Amortización Acumulada,2,,,,Activo,,,PLAN DE CUENTAS CONTASIS.xlsx,PLAN DE CUENTAS,1026
39633,PROGRAMAS COMPUTADORA - Intangibles - Costo de Financiación - Amortización Acumulada,3,A178,,,Activo,Ninguno,Sin centro de Costos,PLAN DE CUENTAS CONTASIS.xlsx,PLAN DE CUENTAS,1027
39634,COSTOS DE EXPLORACIÓN - Intangibles - Costo de Financiación - Amortización Acumulada,3,A178,,,Activo,Ninguno,Sin centro de Costos,PLAN DE CUENTAS CONTASIS.xlsx,PLAN DE CUENTAS,1028
39635,COSTOS DE DESARROLLO - Intangibles - Costo de Financiación - Amortización Acumulada,3,A178,,,Activo,Ninguno,Sin centro de Costos,PLAN DE CUENTAS CONTASIS.xlsx,PLAN DE CUENTAS,1029
398,DEPRECIACIÓN ACUMULADA - Activos Biológicos en Producción,2,,,,Activo,,,PLAN DE CUENTAS CONTASIS.xlsx,PLAN DE CUENTAS,1030
3981,ACTIVOS BIOLOGICOS EN PRODUCCIÓN - Costo - Depreciación Acumulada,2,,,,Activo,,,PLAN DE CUENTAS CONTASIS.xlsx,PLAN DE CUENTAS,1031
39811,ACTIVOS BIOLOGICOS EN PRODUCCIÓN - Costo  - Depreciación Acumulada,3,A178,,,Activo,Ninguno,Sin centro de Costos,PLAN DE CUENTAS CONTASIS.xlsx,PLAN DE CUENTAS,1032
40,"TRIBUTOS, CONTRAPRESTACIONES Y APORTES AL SISTEMA DE PENSIONES Y DE SALUD POR PAGAR",1,,,,Pasivo,Ninguno,,PLAN DE CUENTAS CONTASIS.xlsx,PLAN DE CUENTAS,1033
401,GOBIERNO CENTRAL,2,,,,Pasivo,Ninguno,,PLAN DE CUENTAS CONTASIS.xlsx,PLAN DE CUENTAS,1034
4011,IMPUESTO GENERAL A LAS VENTAS,2,,,,Pasivo,Ninguno,,PLAN DE CUENTAS CONTASIS.xlsx,PLAN DE CUENTAS,1035
40111,IGV - CUENTA PROPIA - Por Pagar - Gobierno Central,2,,,,Pasivo,,,PLAN DE CUENTAS CONTASIS.xlsx,PLAN DE CUENTAS,1036
401111,IGV - CUENTA PROPIA - Por Pagar - Gobierno Central,3,P110,,,Pasivo,Ninguno,Sin centro de Costos,PLAN DE CUENTAS CONTASIS.xlsx,PLAN DE CUENTAS,1037
401115,IGV - PAGO SUNAT - Gobierno Central,3,P110,,,Pasivo,Ninguno,Sin centro de Costos,PLAN DE CUENTAS CONTASIS.xlsx,PLAN DE CUENTAS,1038
401119,IGV - POR REGULARIZAR -  Gobierno Central,3,P110,,,Pasivo,Ninguno,Sin centro de Costos,PLAN DE CUENTAS CONTASIS.xlsx,PLAN DE CUENTAS,1039
40112,IGV - SERVIC. PRESTADOS POR NO DOMICILIADOS - Por pagar - Gobierno Central,3,P110,,,Pasivo,Ninguno,Sin centro de Costos,PLAN DE CUENTAS CONTASIS.xlsx,PLAN DE CUENTAS,1040
40113,IGV - REGIMEN DE PERCEPCIONES - Por pagar - Gobierno Central,3,P110,,,Pasivo,Ninguno,Sin centro de Costos,PLAN DE CUENTAS CONTASIS.xlsx,PLAN DE CUENTAS,1041
40114,IGV - REGIMEN DE RETENCIONES - Por pagar - Gobierno Central,3,P110,,,Pasivo,Ninguno,Sin centro de Costos,PLAN DE CUENTAS CONTASIS.xlsx,PLAN DE CUENTAS,1042
40115,IGV - IMPORTACIONES - Gobierno Centra,3,P110,,,Pasivo,Ninguno,Sin centro de Costos,PLAN DE CUENTAS CONTASIS.xlsx,PLAN DE CUENTAS,1043
40116,IGV - DESTINADO A OPERACIONES NO GRAVADAS - Gobierno Central,3,P110,,,Pasivo,Ninguno,Sin centro de Costos,PLAN DE CUENTAS CONTASIS.xlsx,PLAN DE CUENTAS,1044
40117,IGV - DESTINADO A OPERACIONES COMUNES - Gobierno Centra,3,P110,,,Pasivo,Ninguno,Sin centro de Costos,PLAN DE CUENTAS CONTASIS.xlsx,PLAN DE CUENTAS,1045
4012,IMPUESTO SELECTIVO AL CONSUMO - Por pagar - Gobierno Central,2,,,,Pasivo,,,PLAN DE CUENTAS CONTASIS.xlsx,PLAN DE CUENTAS,1046
40121,IMPUESTO SELECTIVO AL CONSUMO - Por pagar - Gobierno Central,3,P110,,,Pasivo,Ninguno,Sin centro de Costos,PLAN DE CUENTAS CONTASIS.xlsx,PLAN DE CUENTAS,1047
4015,DERECHOS ADUANEROS,2,,,,Pasivo,,,PLAN DE CUENTAS CONTASIS.xlsx,PLAN DE CUENTAS,1048
40151,DERECHOS ARANCELARIOS - Tributos por pagar - Gobierno Central,3,P110,,,Pasivo,Ninguno,Sin centro de Costos,PLAN DE CUENTAS CONTASIS.xlsx,PLAN DE CUENTAS,1049
40152,OTROS DERECHOS ARANCELARIOS - Tributos por pagar - Gobierno Central,3,P110,,,Pasivo,Ninguno,Sin centro de Costos,PLAN DE CUENTAS CONTASIS.xlsx,PLAN DE CUENTAS,1050
4017,IMPUESTO A LA RENTA,2,,,,Pasivo,Ninguno,,PLAN DE CUENTAS CONTASIS.xlsx,PLAN DE CUENTAS,1051
40171,RENTA TERCERA CATEGORIA - Impuesto por pagar - Gobierno Central,3,P110,,,Pasivo,Ninguno,Sin centro de Costos,PLAN DE CUENTAS CONTASIS.xlsx,PLAN DE CUENTAS,1052
40172,RENTA CUARTA CATEGORIA - Impuesto por pagar   - Gobierno Central,3,P110,,,Pasivo,Ninguno,Sin centro de Costos,PLAN DE CUENTAS CONTASIS.xlsx,PLAN DE CUENTAS,1053
40173,RENTA QUINTA CATEGORIA - Impuesto por pagar - Gobierno Central,3,P110,,,Pasivo,Ninguno,Sin centro de Costos,PLAN DE CUENTAS CONTASIS.xlsx,PLAN DE CUENTAS,1054
40174,RENTA DE NO DOMICILIADOS - Impuesto por pagar  - Gobierno Central,3,P110,,,Pasivo,Ninguno,Sin centro de Costos,PLAN DE CUENTAS CONTASIS.xlsx,PLAN DE CUENTAS,1055
40175,OTRAS RETENCIONES - Impuesto por pagar - Gobierno Central,3,P110,,,Pasivo,Ninguno,Sin centro de Costos,PLAN DE CUENTAS CONTASIS.xlsx,PLAN DE CUENTAS,1056
4018,OTROS IMPUESTOS Y CONTRAPRESTACIONES- Gobierno Central,2,,,,Pasivo,,,PLAN DE CUENTAS CONTASIS.xlsx,PLAN DE CUENTAS,1057
40181,IMPUESTO A LAS TRANSACCIONES FINANCIERAS - Otros impuestos por pagar - Gobierno Central,3,P110,,,Pasivo,Ninguno,Sin centro de Costos,PLAN DE CUENTAS CONTASIS.xlsx,PLAN DE CUENTAS,1058
40182,IMP. A LOS JUEGOS DE CASINO Y TRAGAMON. - Otros impuestos por pagar - Gobierno Central,3,P110,,,Pasivo,Ninguno,Sin centro de Costos,PLAN DE CUENTAS CONTASIS.xlsx,PLAN DE CUENTAS,1059
40183,TASAS POR LA PRESTACION DE SERV. PUBLIC. - Otros impuestos por pagar - Gobierno Central,3,P110,,,Pasivo,Ninguno,Sin centro de Costos,PLAN DE CUENTAS CONTASIS.xlsx,PLAN DE CUENTAS,1060
40184,REGALIAS - Otros impuestos por pagar - Gobierno Central,3,P110,,,Pasivo,Ninguno,Sin centro de Costos,PLAN DE CUENTAS CONTASIS.xlsx,PLAN DE CUENTAS,1061
40185,IMPUESTO A LOS DIVIDENDOS - Otros impuestos por pagar - Gobierno Central,3,P110,,,Pasivo,Ninguno,Sin centro de Costos,PLAN DE CUENTAS CONTASIS.xlsx,PLAN DE CUENTAS,1062
40186,ACTIVO TEMPORAL A LOS ACTIVOS NETOS - Otros impuestos por pagar - Gobierno Central,3,P110,,,Pasivo,Ninguno,Sin centro de Costos,PLAN DE CUENTAS CONTASIS.xlsx,PLAN DE CUENTAS,1063
40189,OTROS IMPUESTOS - Otros impuestos por pagar - Gobierno Central,3,P110,,,Pasivo,Ninguno,Sin centro de Costos,PLAN DE CUENTAS CONTASIS.xlsx,PLAN DE CUENTAS,1064
402,CERTIFICADOS TRIBUTARIOS,2,,,,Pasivo,,,PLAN DE CUENTAS CONTASIS.xlsx,PLAN DE CUENTAS,1065
4021,CERTIFICADOS TRIBUTARIOS - Tributos por pagar,3,P110,,,Pasivo,Ninguno,Sin centro de Costos,PLAN DE CUENTAS CONTASIS.xlsx,PLAN DE CUENTAS,1066
403,INSTITUCIONES PUBLICAS,2,,,,Pasivo,Ninguno,,PLAN DE CUENTAS CONTASIS.xlsx,PLAN DE CUENTAS,1067
4031,ESSALUD - RPS - Por pagar,3,P110,,,Pasivo,Ninguno,Sin centro de Costos,PLAN DE CUENTAS CONTASIS.xlsx,PLAN DE CUENTAS,1068
4032,ONP - SNP - Por pagar,3,P110,,,Pasivo,Ninguno,Sin centro de Costos,PLAN DE CUENTAS CONTASIS.xlsx,PLAN DE CUENTAS,1069
4033,CONTRIBUCION AL SENATI - Por pagar,3,P110,,,Pasivo,Ninguno,Sin centro de Costos,PLAN DE CUENTAS CONTASIS.xlsx,PLAN DE CUENTAS,1070
4034,CONTRIBUCION AL SENCICO - Por pagar,3,P110,,,Pasivo,Ninguno,Sin centro de Costos,PLAN DE CUENTAS CONTASIS.xlsx,PLAN DE CUENTAS,1071
4039,OTRAS INSTITUCIONES - Por pagar,3,P110,,,Pasivo,Ninguno,Sin centro de Costos,PLAN DE CUENTAS CONTASIS.xlsx,PLAN DE CUENTAS,1072
405,GOBIERNOS REGIONALES,2,,,,Pasivo,Ninguno,,PLAN DE CUENTAS CONTASIS.xlsx,PLAN DE CUENTAS,1073
4051,GOBIERNOS REGIONALES - Tributos por pagar,3,P110,,,Pasivo,Ninguno,Sin centro de Costos,PLAN DE CUENTAS CONTASIS.xlsx,PLAN DE CUENTAS,1074
406,GOBIERNOS LOCALES,2,,,,Pasivo,,,PLAN DE CUENTAS CONTASIS.xlsx,PLAN DE CUENTAS,1075
4061,IMPUESTOS - Gobiernos Locales,2,,,,Pasivo,,,PLAN DE CUENTAS CONTASIS.xlsx,PLAN DE CUENTAS,1076
40611,IMPUESTO AL PATRIMONIO VEHICULAR - Impuestos de gobiernos locales,3,P110,,,Pasivo,Ninguno,Sin centro de Costos,PLAN DE CUENTAS CONTASIS.xlsx,PLAN DE CUENTAS,1077
40612,IMPUESTO A LAS APUESTAS - Impuestos de gobiernos locales,3,P110,,,Pasivo,Ninguno,Sin centro de Costos,PLAN DE CUENTAS CONTASIS.xlsx,PLAN DE CUENTAS,1078
40613,IMPUESTO A LOS JUEGOS - Impuestos de gobiernos locales,3,P110,,,Pasivo,Ninguno,Sin centro de Costos,PLAN DE CUENTAS CONTASIS.xlsx,PLAN DE CUENTAS,1079
40614,IMPUESTO DE ALCABALA - Impuestos de gobiernos locales,3,P110,,,Pasivo,Ninguno,Sin centro de Costos,PLAN DE CUENTAS CONTASIS.xlsx,PLAN DE CUENTAS,1080
40615,IMPUESTO PREDIAL - Impuestos de gobiernos locales,3,P110,,,Pasivo,Ninguno,Sin centro de Costos,PLAN DE CUENTAS CONTASIS.xlsx,PLAN DE CUENTAS,1081
40616,IMPUESTO A LOS ESPECTÁCULOS PÚBLICOS NO DEPORTIVOS - Impuestos de gobiernos locales,3,P110,,,Pasivo,Ninguno,Sin centro de Costos,PLAN DE CUENTAS CONTASIS.xlsx,PLAN DE CUENTAS,1082
4062,CONTRIBUCIONES - Impuestos de gobiernos locales,2,,,,Pasivo,,,PLAN DE CUENTAS CONTASIS.xlsx,PLAN DE CUENTAS,1083
40621,CONTRIBUCIONES - Impuestos de gobiernos locales,3,P110,,,Pasivo,Ninguno,Sin centro de Costos,PLAN DE CUENTAS CONTASIS.xlsx,PLAN DE CUENTAS,1084
4063,TASAS - Gobiernos Locales,2,,,,Pasivo,,,PLAN DE CUENTAS CONTASIS.xlsx,PLAN DE CUENTAS,1085
40631,LICENCIA DE APERTURA DE ESTABLECIMIENTO - Tasas por pagar - Gobiernos Locales,3,P110,,,Pasivo,Ninguno,Sin centro de Costos,PLAN DE CUENTAS CONTASIS.xlsx,PLAN DE CUENTAS,1086
40632,TRANSPORTE PUBLICO - Tasas por pagar - Gobiernos Locales,3,P110,,,Pasivo,Ninguno,Sin centro de Costos,PLAN DE CUENTAS CONTASIS.xlsx,PLAN DE CUENTAS,1087
40633,ESTACIONAMIENTO DE VEHICULOS - Tasas por pagar - Gobiernos Locales,3,P110,,,Pasivo,Ninguno,Sin centro de Costos,PLAN DE CUENTAS CONTASIS.xlsx,PLAN DE CUENTAS,1088
40634,SERVICIOS PUBLICOS O ARBITRIOS - Tasas por pagar - Gobiernos Locales,3,P110,,,Pasivo,Ninguno,Sin centro de Costos,PLAN DE CUENTAS CONTASIS.xlsx,PLAN DE CUENTAS,1089
40635,SERVICIOS ADMINISTRATIVOS O DERECHOS - Tasas por pagar - Gobiernos Locales,3,P110,,,Pasivo,Ninguno,Sin centro de Costos,PLAN DE CUENTAS CONTASIS.xlsx,PLAN DE CUENTAS,1090
409,OTROS COSTOS ADMINISTRATIVOS E INTERESES,2,,,,Pasivo,,,PLAN DE CUENTAS CONTASIS.xlsx,PLAN DE CUENTAS,1091
4091,OTROS COSTOS ADMINISTRATIVOS E INTERESES,3,P110,,,Pasivo,Ninguno,Sin centro de Costos,PLAN DE CUENTAS CONTASIS.xlsx,PLAN DE CUENTAS,1092
41,REMUNERACIONES Y PARTICIPACIONES POR PAGAR,1,,,,Pasivo,Ninguno,,PLAN DE CUENTAS CONTASIS.xlsx,PLAN DE CUENTAS,1093
411,REMUNERACIONES POR PAGAR,2,,,,Pasivo,,,PLAN DE CUENTAS CONTASIS.xlsx,PLAN DE CUENTAS,1094
4111,SUELDOS Y SALARIOS POR PAGAR,3,P115,,,Pasivo,Documentos,Sin centro de Costos,PLAN DE CUENTAS CONTASIS.xlsx,PLAN DE CUENTAS,1095
4112,COMISIONES POR PAGAR,3,P115,,,Pasivo,Documentos,Sin centro de Costos,PLAN DE CUENTAS CONTASIS.xlsx,PLAN DE CUENTAS,1096
4113,REMUNERACIONES EN ESPECIE POR PAGAR,3,P115,,,Pasivo,Documentos,Sin centro de Costos,PLAN DE CUENTAS CONTASIS.xlsx,PLAN DE CUENTAS,1097
4114,GRATIFICACIONES POR PAGAR,3,P115,,,Pasivo,Documentos,Sin centro de Costos,PLAN DE CUENTAS CONTASIS.xlsx,PLAN DE CUENTAS,1098
4115,VACACIONES POR PAGAR,3,P115,,,Pasivo,Documentos,Sin centro de Costos,PLAN DE CUENTAS CONTASIS.xlsx,PLAN DE CUENTAS,1099
413,PARTICIPACIONES DE LOS TRABAJADORES POR PAGAR,2,,,,Pasivo,,,PLAN DE CUENTAS CONTASIS.xlsx,PLAN DE CUENTAS,1100
4131,PARTICIPACIONES DE LOS TRABAJADORES POR PAGAR,3,P115,,,Pasivo,Documentos,Sin centro de Costos,PLAN DE CUENTAS CONTASIS.xlsx,PLAN DE CUENTAS,1101
415,BENEFICIOS SOCIALES DE LOS TRABAJADORES POR PAGAR,2,,,,Pasivo,,,PLAN DE CUENTAS CONTASIS.xlsx,PLAN DE CUENTAS,1102
4151,COMPENSACIÓN  POR TIEMPO DE SERVICIOS - Beneficios Sociales De Los Trabajadores Por Pagar,3,P115,,,Pasivo,Documentos,Sin centro de Costos,PLAN DE CUENTAS CONTASIS.xlsx,PLAN DE CUENTAS,1103
4152,ADELANTO DE CTS - Beneficios Sociales De Los Trabajadores Por Pagar,3,P115,,,Pasivo,Documentos,Sin centro de Costos,PLAN DE CUENTAS CONTASIS.xlsx,PLAN DE CUENTAS,1104
4153,PENSIONES Y JUBILACIONES - Beneficios Sociales De Los Trabajadores Por Pagar,3,P115,,,Pasivo,Documentos,Sin centro de Costos,PLAN DE CUENTAS CONTASIS.xlsx,PLAN DE CUENTAS,1105
417,ADMINISTRADORAS DE FONDOS DE PENSIONES,2,,,,Pasivo,,,PLAN DE CUENTAS CONTASIS.xlsx,PLAN DE CUENTAS,1106
4171,ADMINISTRADORAS DE FONDOS DE PENSIONES,3,P110,,,Pasivo,Documentos,Sin centro de Costos,PLAN DE CUENTAS CONTASIS.xlsx,PLAN DE CUENTAS,1107
419,OTRAS REMUNERACIONES Y PARTICIONES POR PAGAR,2,,,,Pasivo,,,PLAN DE CUENTAS CONTASIS.xlsx,PLAN DE CUENTAS,1108
4191,OTRAS REMUNERACIONES Y PARTICIONES POR PAGAR,3,P115,,,Pasivo,Documentos,Sin centro de Costos,PLAN DE CUENTAS CONTASIS.xlsx,PLAN DE CUENTAS,1109
42,CUENTAS POR PAGAR COMERCIALES TERCEROS,1,,,,Pasivo,Ninguno,,PLAN DE CUENTAS CONTASIS.xlsx,PLAN DE CUENTAS,1110
421,"FACTURAS, BOLETAS Y OTROS COMPROBANTES POR PAGAR - Terceros",2,,,,Pasivo,,,PLAN DE CUENTAS CONTASIS.xlsx,PLAN DE CUENTAS,1111
4211,"NO EMITIDAS - Facturas, Boletas y otros Comprobantes Por Pagar - Terceros",3,P120,,,Pasivo,Documentos,Sin centro de Costos,PLAN DE CUENTAS CONTASIS.xlsx,PLAN DE CUENTAS,1112
4212,"EMITIDAS - Facturas, Boletas y Otros Comprobantes Por Pagar - Terceros",3,P120,,,Pasivo,Documentos,Sin centro de Costos,PLAN DE CUENTAS CONTASIS.xlsx,PLAN DE CUENTAS,1113
422,ANTICIPOS OTORGADOS A PROVEEDORES - Terceros,2,,,,Pasivo,,,PLAN DE CUENTAS CONTASIS.xlsx,PLAN DE CUENTAS,1114
4221,ANTICIPOS OTORGADOS A PROVEEDORES - Terceros,3,P120,,,Pasivo,Documentos,Sin centro de Costos,PLAN DE CUENTAS CONTASIS.xlsx,PLAN DE CUENTAS,1115
423,LETRAS POR PAGAR - Terceros,2,,,,Pasivo,,,PLAN DE CUENTAS CONTASIS.xlsx,PLAN DE CUENTAS,1116
4231,LETRAS POR PAGAR - Terceros,3,P120,,,Pasivo,Documentos,Sin centro de Costos,PLAN DE CUENTAS CONTASIS.xlsx,PLAN DE CUENTAS,1117
424,HONORARIOS POR PAGAR - Terceros,2,,,,Pasivo,,,PLAN DE CUENTAS CONTASIS.xlsx,PLAN DE CUENTAS,1118
4241,HONORARIOS POR PAGAR - Terceros,3,P120,,,Pasivo,Documentos,Sin centro de Costos,PLAN DE CUENTAS CONTASIS.xlsx,PLAN DE CUENTAS,1119
43,CUENTAS POR PAGAR COMERCIALES - RELACIONADAS,1,,,,Pasivo,,,PLAN DE CUENTAS CONTASIS.xlsx,PLAN DE CUENTAS,1120
431,"FACTURAS, BOLETAS Y OTROS COMPROBANTES POR PAGAR - Relacionadas",2,,,,Pasivo,,,PLAN DE CUENTAS CONTASIS.xlsx,PLAN DE CUENTAS,1121
4311,"NO EMITIDAS - Facturas, Boletas y Otros Comprobantes Por Pagar - Relacionadas",3,P121,,,Pasivo,Documentos,Sin centro de Costos,PLAN DE CUENTAS CONTASIS.xlsx,PLAN DE CUENTAS,1122
4312,"EMITIDAS - Facturas, Boletas y Otros Comprobantes Por Pagar - Relacionadas",3,P121,,,Pasivo,Documentos,Sin centro de Costos,PLAN DE CUENTAS CONTASIS.xlsx,PLAN DE CUENTAS,1123
432,ANTICIPOS OTORGADOS,2,,,,Pasivo,,,PLAN DE CUENTAS CONTASIS.xlsx,PLAN DE CUENTAS,1124
4321,ANTICIPOS OTORGADOS - Relacionadas,3,P121,,,Pasivo,Documentos,Sin centro de Costos,PLAN DE CUENTAS CONTASIS.xlsx,PLAN DE CUENTAS,1125
433,LETRAS POR PAGAR,2,,,,Pasivo,,,PLAN DE CUENTAS CONTASIS.xlsx,PLAN DE CUENTAS,1126
4331,LETRAS POR PAGAR - Relacionadas,3,P121,,,Pasivo,Documentos,Sin centro de Costos,PLAN DE CUENTAS CONTASIS.xlsx,PLAN DE CUENTAS,1127
434,HONORARIOS POR PAGAR,2,,,,Pasivo,,,PLAN DE CUENTAS CONTASIS.xlsx,PLAN DE CUENTAS,1128
4341,HONORARIOS POR PAGAR - Relacionadas,3,P121,,,Pasivo,Documentos,Sin centro de Costos,PLAN DE CUENTAS CONTASIS.xlsx,PLAN DE CUENTAS,1129
44,"CUENTAS POR PAGAR A  LOS ACCIONISTAS (SOCIOS, PARTÍCIPES) Y DIRECTORES",1,,,,Pasivo,,,PLAN DE CUENTAS CONTASIS.xlsx,PLAN DE CUENTAS,1130
441,ACCIONISTAS (Socios o Partícipes) - Cuentas por Pagar,2,,,,Pasivo,,,PLAN DE CUENTAS CONTASIS.xlsx,PLAN DE CUENTAS,1131
4411,PRESTAMOS - Cuentas Por Pagar - Accionistas (Socios o Partícipes),3,P122,,,Pasivo,Documentos,Sin centro de Costos,PLAN DE CUENTAS CONTASIS.xlsx,PLAN DE CUENTAS,1132
4412,DIVIDENDOS - Cuentas Por Pagar - Accionistas (Socios o Partícipes),3,P122,,,Pasivo,Documentos,Sin centro de Costos,PLAN DE CUENTAS CONTASIS.xlsx,PLAN DE CUENTAS,1133
4419,OTRAS CUENTAS POR PAGAR - Accionistas (Socios o Partícipes),3,P122,,,Pasivo,Documentos,Sin centro de Costos,PLAN DE CUENTAS CONTASIS.xlsx,PLAN DE CUENTAS,1134
442,DIRECTORES - Cuentas por pagar,2,,,,Pasivo,,,PLAN DE CUENTAS CONTASIS.xlsx,PLAN DE CUENTAS,1135
4421,DIETAS - Cuentas Por Pagar - Directores,3,P122,,,Pasivo,Documentos,Sin centro de Costos,PLAN DE CUENTAS CONTASIS.xlsx,PLAN DE CUENTAS,1136
4429,OTRAS CUENTAS POR PAGAR - Directores,3,P122,,,Pasivo,Documentos,Sin centro de Costos,PLAN DE CUENTAS CONTASIS.xlsx,PLAN DE CUENTAS,1137
45,OBLIGACIONES FINANCIERAS,1,,,,Pasivo,Ninguno,,PLAN DE CUENTAS CONTASIS.xlsx,PLAN DE CUENTAS,1138
451,PRÉSTAMOS DE INSTITUCIONES FINANCIERAS Y OTRAS ENTIDADES - Obligaciones Financieras,2,,,,Pasivo,,,PLAN DE CUENTAS CONTASIS.xlsx,PLAN DE CUENTAS,1139
4511,INSTITUCIONES FINANCIERAS - Préstamos - Obligaciones Financieras,3,P133,,,Pasivo,Documentos,Sin centro de Costos,PLAN DE CUENTAS CONTASIS.xlsx,PLAN DE CUENTAS,1140
4512,OTRAS ENTIDADES - Préstamos - Obligaciones Financieras,3,P133,,,Pasivo,Documentos,Sin centro de Costos,PLAN DE CUENTAS CONTASIS.xlsx,PLAN DE CUENTAS,1141
452,CONTRATOS DE ARRENDAMIENTO FINANCIERO - Obligaciones Financieras,2,,,,Pasivo,,,PLAN DE CUENTAS CONTASIS.xlsx,PLAN DE CUENTAS,1142
4521,CONTRATOS DE ARRENDAMIENTO FINANCIERO  - Obligaciones Financieras,3,P133,,,Pasivo,Documentos,Sin centro de Costos,PLAN DE CUENTAS CONTASIS.xlsx,PLAN DE CUENTAS,1143
453,OBLIGACIONES EMITIDAS - Obligaciones Financieras,2,,,,Pasivo,,,PLAN DE CUENTAS CONTASIS.xlsx,PLAN DE CUENTAS,1144
4531,BONOS EMITIDOS - Obligaciones Emitidas - Obligaciones Financieras,3,P133,,,Pasivo,Documentos,Sin centro de Costos,PLAN DE CUENTAS CONTASIS.xlsx,PLAN DE CUENTAS,1145
4532,BONOS TITULIZADOS - Obligaciones Emitidas - Obligaciones Financieras,3,P133,,,Pasivo,Documentos,Sin centro de Costos,PLAN DE CUENTAS CONTASIS.xlsx,PLAN DE CUENTAS,1146
4533,PAPELES COMERCIALES - Obligaciones Emitidas - Obligaciones Financieras,3,P133,,,Pasivo,Documentos,Sin centro de Costos,PLAN DE CUENTAS CONTASIS.xlsx,PLAN DE CUENTAS,1147
4539,OTROS OBLIGACIONES - Obligaciones Emitidas - Obligaciones Financieras,3,P133,,,Pasivo,Documentos,Sin centro de Costos,PLAN DE CUENTAS CONTASIS.xlsx,PLAN DE CUENTAS,1148
454,OTROS INSTRUMENTOS FINANCIEROS POR PAGAR - Obligaciones Financieras,2,,,,Pasivo,,,PLAN DE CUENTAS CONTASIS.xlsx,PLAN DE CUENTAS,1149
4541,LETRAS - Otros Instrumentos Financieros Por Pagar - Obligaciones Financieras,3,P133,,,Pasivo,Documentos,Sin centro de Costos,PLAN DE CUENTAS CONTASIS.xlsx,PLAN DE CUENTAS,1150
4542,PAPELES COMERCIALES - Otros Instrumentos Financieros Por Pagar - Obligaciones Financieras,3,P133,,,Pasivo,Documentos,Sin centro de Costos,PLAN DE CUENTAS CONTASIS.xlsx,PLAN DE CUENTAS,1151
4543,BONOS - Otros Instrumentos Financieros Por Pagar - Obligaciones Financieras,3,P133,,,Pasivo,Documentos,Sin centro de Costos,PLAN DE CUENTAS CONTASIS.xlsx,PLAN DE CUENTAS,1152
4544,PAGARES - Otros Instrumentos Financieros Por Pagar - Obligaciones Financieras,3,P133,,,Pasivo,Documentos,Sin centro de Costos,PLAN DE CUENTAS CONTASIS.xlsx,PLAN DE CUENTAS,1153
4545,FACTURAS CONFORMADAS - Otros Instrumentos Financieros Por Pagar - Obligaciones Financieras,3,P133,,,Pasivo,Documentos,Sin centro de Costos,PLAN DE CUENTAS CONTASIS.xlsx,PLAN DE CUENTAS,1154
4549,OTRAS OBLIGACIONES FINANCIERAS - Otros Instrumentos Financieros Por Pagar - Obligaciones Financieras,3,P133,,,Pasivo,Documentos,Sin centro de Costos,PLAN DE CUENTAS CONTASIS.xlsx,PLAN DE CUENTAS,1155
455,COSTOS DE FINANCIACION POR PAGAR - Obligaciones Financieras,2,,,,Pasivo,,,PLAN DE CUENTAS CONTASIS.xlsx,PLAN DE CUENTAS,1156
4551,PRESTAMOS DE INSTITUCIONES FINANCIERAS Y OTRAS ENTIDADES - Costo de Financiación,2,,,,Pasivo,,,PLAN DE CUENTAS CONTASIS.xlsx,PLAN DE CUENTAS,1157
45511,INSTITUCIONES FINANCIERAS - Préstamos - Costo De Financiacion Por Pagar  - Obligaciones Financieras,3,P133,,,Pasivo,Documentos,Sin centro de Costos,PLAN DE CUENTAS CONTASIS.xlsx,PLAN DE CUENTAS,1158
45512,OTRAS ENTIDADES - Préstamos  - Costo De Financiacion Por Pagar - Obligaciones Financieras,3,P133,,,Pasivo,Documentos,Sin centro de Costos,PLAN DE CUENTAS CONTASIS.xlsx,PLAN DE CUENTAS,1159
4552,CONTRATOS DE ARRENDAMIENTO FINANCIERO - Préstamos - Costos De Financiacion Por Pagar,2,,,,Pasivo,,,PLAN DE CUENTAS CONTASIS.xlsx,PLAN DE CUENTAS,1160
45521,CONTRATOS DE ARRENDAMIENTO FINANCIERO - Préstamos - Costos De Financiacion Por Pagar,3,P133,,,Pasivo,Documentos,Sin centro de Costos,PLAN DE CUENTAS CONTASIS.xlsx,PLAN DE CUENTAS,1161
4553,OBLIGACIONES EMITIDAS - Obligaciones Financieras,2,,,,Pasivo,,,PLAN DE CUENTAS CONTASIS.xlsx,PLAN DE CUENTAS,1162
45531,BONOS EMITIDOS - Obligaciones Emitidas - Costos De Financiación Por Pagar - Obligaciones Financieras,3,P133,,,Pasivo,Documentos,Sin centro de Costos,PLAN DE CUENTAS CONTASIS.xlsx,PLAN DE CUENTAS,1163
45532,BONOS TITULIZADOS - Obligaciones Emitidas - Costos De Financiación Por Pagar,3,P133,,,Pasivo,Documentos,Sin centro de Costos,PLAN DE CUENTAS CONTASIS.xlsx,PLAN DE CUENTAS,1164
45533,PAPELES COMERCIALES -Obligaciones Emitidas - Costos De Financiación Por Pagar,3,P133,,,Pasivo,Documentos,Sin centro de Costos,PLAN DE CUENTAS CONTASIS.xlsx,PLAN DE CUENTAS,1165
45539,OTRAS OBLIGACIONES Obligaciones Emitidas - Costos De Financiación Por Pagar,3,P133,,,Pasivo,Documentos,Sin centro de Costos,PLAN DE CUENTAS CONTASIS.xlsx,PLAN DE CUENTAS,1166
4554,OTROS INSTRUMENTOS FINANCIEROS POR PAGAR,2,,,,Pasivo,,,PLAN DE CUENTAS CONTASIS.xlsx,PLAN DE CUENTAS,1167
45541,LETRAS - Otros Instrumentos Financieros Por Pagar - Costos De Financiación Por Pagar,3,P133,,,Pasivo,Documentos,Sin centro de Costos,PLAN DE CUENTAS CONTASIS.xlsx,PLAN DE CUENTAS,1168
45542,PAPELES COMERCIALES - Otros Instrumentos Financieros Por Pagar - Costos De Financiación Por Pagarj,3,P133,,,Pasivo,Documentos,Sin centro de Costos,PLAN DE CUENTAS CONTASIS.xlsx,PLAN DE CUENTAS,1169
45543,BONOS - Otros Instrumentos Financieros Por Pagar - Costos De Financiación Por Pagar,3,P133,,,Pasivo,Documentos,Sin centro de Costos,PLAN DE CUENTAS CONTASIS.xlsx,PLAN DE CUENTAS,1170
45544,PAGARÉS - Otros Instrumentos Financieros Por Pagar - Costos De Financiación Por Pagar,3,P133,,,Pasivo,Documentos,Sin centro de Costos,PLAN DE CUENTAS CONTASIS.xlsx,PLAN DE CUENTAS,1171
45545,FACTURAS CONFORMADAS - Otros Instrumentos Financieros Por Pagar - Costos De Financiación Por Pagar,3,P133,,,Pasivo,Documentos,Sin centro de Costos,PLAN DE CUENTAS CONTASIS.xlsx,PLAN DE CUENTAS,1172
45549,OTRAS OBLIGACIONES FINANCIERAS - Otros Instrumentos Financieros Por Pagar - Costos De Financiación,3,P133,,,Pasivo,Documentos,Sin centro de Costos,PLAN DE CUENTAS CONTASIS.xlsx,PLAN DE CUENTAS,1173
456,PRESTAMOS CON COMPROMISOS DE RECOMPRA,2,,,,Pasivo,,,PLAN DE CUENTAS CONTASIS.xlsx,PLAN DE CUENTAS,1174
4561,PRESTAMOS CON COMPROMISOS DE RECOMPRA - Obligaciones Financieras,3,P133,,,Pasivo,Documentos,Sin centro de Costos,PLAN DE CUENTAS CONTASIS.xlsx,PLAN DE CUENTAS,1175
46,CUENTAS POR PAGAR DIVERSAS - TERCEROS,1,,,,Pasivo,Ninguno,,PLAN DE CUENTAS CONTASIS.xlsx,PLAN DE CUENTAS,1176
461,RECLAMACIONES DE TERCEROS,2,,,,Pasivo,,,PLAN DE CUENTAS CONTASIS.xlsx,PLAN DE CUENTAS,1177
4611,RECLAMACIONES DE TERCEROS - Por Pagar  -Terceros,3,P128,,,Pasivo,Documentos,Sin centro de Costos,PLAN DE CUENTAS CONTASIS.xlsx,PLAN DE CUENTAS,1178
464,PASIVOS POR INSTRUMENTOS FINANCIEROS,2,,,,Pasivo,,,PLAN DE CUENTAS CONTASIS.xlsx,PLAN DE CUENTAS,1179
4641,INSTRUMENTOS FINANCIEROS PRIMARIOS - Por Pagar -Terceros,2,,,,Pasivo,,,PLAN DE CUENTAS CONTASIS.xlsx,PLAN DE CUENTAS,1180
46411,INSTRUMENTOS FINANCIEROS PRIMARIOS - Por Pagar -Terceros,3,P128,,,Pasivo,Documentos,Sin centro de Costos,PLAN DE CUENTAS CONTASIS.xlsx,PLAN DE CUENTAS,1181
4642,INSTRUMENTOS FINANCIEROS DERIVADOS,2,,,,Pasivo,,,PLAN DE CUENTAS CONTASIS.xlsx,PLAN DE CUENTAS,1182
46421,CARTERA DE NEGOCIACION  - Por Pagar -Terceros,3,P128,,,Pasivo,Documentos,Sin centro de Costos,PLAN DE CUENTAS CONTASIS.xlsx,PLAN DE CUENTAS,1183
46422,INSTRUMENTOS DE COBERTURA  - Por Pagar -Terceros,3,P128,,,Pasivo,Documentos,Sin centro de Costos,PLAN DE CUENTAS CONTASIS.xlsx,PLAN DE CUENTAS,1184
465,PASIVOS POR COMPRA DE ACTIVOS INMOVILIZADOS,2,,,,Pasivo,,,PLAN DE CUENTAS CONTASIS.xlsx,PLAN DE CUENTAS,1185
4651,INVERSIONES MOBILIARIAS - Por Pagar -Terceros,3,P128,,,Pasivo,Documentos,Sin centro de Costos,PLAN DE CUENTAS CONTASIS.xlsx,PLAN DE CUENTAS,1186
4652,PROPIEDADES DE INVERSIÓN - Por Pagar -Terceros,3,P128,,,Pasivo,Documentos,Sin centro de Costos,PLAN DE CUENTAS CONTASIS.xlsx,PLAN DE CUENTAS,1187
4653,ACTIVOS ADQUIRIDOS EN ARRENDAMIENTO FINANCIERO - Por Pagar -Terceros,3,P128,,,Pasivo,Ninguno,Sin centro de Costos,PLAN DE CUENTAS CONTASIS.xlsx,PLAN DE CUENTAS,1188
4654,"PROPIEDAD, PLANTA Y EQUIPO - Por Pagar -Terceros",3,P128,,,Pasivo,Documentos,Sin centro de Costos,PLAN DE CUENTAS CONTASIS.xlsx,PLAN DE CUENTAS,1189
4655,INTANGIBLES - Por Pagar -Terceros,3,P128,,,Pasivo,Documentos,Sin centro de Costos,PLAN DE CUENTAS CONTASIS.xlsx,PLAN DE CUENTAS,1190
4656,ACTIVOS BIOLÓGICOS - Por Pagar -Terceros,3,P128,,,Pasivo,Documentos,Sin centro de Costos,PLAN DE CUENTAS CONTASIS.xlsx,PLAN DE CUENTAS,1191
466,PARTICIPACIÓN DE TERCEROS EN ACUERDOS CONJUNTOS - Por Pagar,2,,,,Pasivo,,,PLAN DE CUENTAS CONTASIS.xlsx,PLAN DE CUENTAS,1192
4661,PARTICIPACIÓN DE TERCEROS EN ACUERDOS CONJUNTOS - Por Pagar,3,P128,,,Pasivo,Documentos,Sin centro de Costos,PLAN DE CUENTAS CONTASIS.xlsx,PLAN DE CUENTAS,1193
467,DEPOSITOS RECIBIDOS EN GARANTIA,2,,,,Pasivo,,,PLAN DE CUENTAS CONTASIS.xlsx,PLAN DE CUENTAS,1194
4671,DEPOSITOS RECIBIDOS EN GARANTIA -Terceros,3,P128,,,Pasivo,Documentos,Sin centro de Costos,PLAN DE CUENTAS CONTASIS.xlsx,PLAN DE CUENTAS,1195
469,OTRAS CUENTAS POR PAGAR DIVERSAS - Terceros,2,,,,Pasivo,,,PLAN DE CUENTAS CONTASIS.xlsx,PLAN DE CUENTAS,1196
4691,SUBSIDIOS GUBERNAMENTALES - Cuentas por Pagar Diversas -Terceros,3,P128,,,Pasivo,Documentos,Sin centro de Costos,PLAN DE CUENTAS CONTASIS.xlsx,PLAN DE CUENTAS,1197
4692,DONACIONES CONDICIONADAS - Cuentas por Pagar Diversas -Terceros,3,P128,,,Pasivo,Documentos,Sin centro de Costos,PLAN DE CUENTAS CONTASIS.xlsx,PLAN DE CUENTAS,1198
4699,OTRAS CUENTAS POR PAGAR - Cuentas por Pagar Diversas -Terceros,3,P128,,,Pasivo,Documentos,Sin centro de Costos,PLAN DE CUENTAS CONTASIS.xlsx,PLAN DE CUENTAS,1199
47,CUENTAS POR PAGAR DIVERSAS  - RELACIONADAS,1,,,,Pasivo,Ninguno,,PLAN DE CUENTAS CONTASIS.xlsx,PLAN DE CUENTAS,1200
471,PRESTAMOS - Relacionadas,2,,,,Pasivo,,,PLAN DE CUENTAS CONTASIS.xlsx,PLAN DE CUENTAS,1201
4711,PRESTAMOS - Relacionadas,3,P129,,,Pasivo,Documentos,Sin centro de Costos,PLAN DE CUENTAS CONTASIS.xlsx,PLAN DE CUENTAS,1202
472,COSTOS DE FINANCIACION - Relacionadas,2,,,,Pasivo,,,PLAN DE CUENTAS CONTASIS.xlsx,PLAN DE CUENTAS,1203
4721,COSTOS DE FINANCIACION - Relacionadas,3,P129,,,Pasivo,Documentos,Sin centro de Costos,PLAN DE CUENTAS CONTASIS.xlsx,PLAN DE CUENTAS,1204
473,ANTICIPOS RECIBIDOS - Relacionadas,2,,,,Pasivo,,,PLAN DE CUENTAS CONTASIS.xlsx,PLAN DE CUENTAS,1205
4731,ANTICIPOS RECIBIDOS - Relacionadas,3,P129,,,Pasivo,Documentos,Sin centro de Costos,PLAN DE CUENTAS CONTASIS.xlsx,PLAN DE CUENTAS,1206
474,REGALIAS - Relacionadas,2,,,,Pasivo,,,PLAN DE CUENTAS CONTASIS.xlsx,PLAN DE CUENTAS,1207
4741,REGALIAS - Relacionadas,3,P129,,,Pasivo,Documentos,Sin centro de Costos,PLAN DE CUENTAS CONTASIS.xlsx,PLAN DE CUENTAS,1208
475,DIVIDENDOS - Relacionadas,2,,,,Pasivo,,,PLAN DE CUENTAS CONTASIS.xlsx,PLAN DE CUENTAS,1209
4751,DIVIDENDOS - Relacionadas,3,P129,,,Pasivo,Documentos,Sin centro de Costos,PLAN DE CUENTAS CONTASIS.xlsx,PLAN DE CUENTAS,1210
476,DEPOSITOS RECIBIDOS EN GARANTIA - Relacionadas,2,,,,Pasivo,,,PLAN DE CUENTAS CONTASIS.xlsx,PLAN DE CUENTAS,1211
4761,DEPOSITOS RECIBIDOS EN GARANTIA - Relacionadas,3,P129,,,Pasivo,Documentos,Sin centro de Costos,PLAN DE CUENTAS CONTASIS.xlsx,PLAN DE CUENTAS,1212
477,PASIVO POR COMPRA DE ACTIVO INMOVILIZADO  - Relacionadas,2,,,,Pasivo,,,PLAN DE CUENTAS CONTASIS.xlsx,PLAN DE CUENTAS,1213
4771,INVERSIONES MOBILIARIAS  - Pasivo por compra de activo inmovilizado - Relacionadas,3,P129,,,Pasivo,Documentos,Sin centro de Costos,PLAN DE CUENTAS CONTASIS.xlsx,PLAN DE CUENTAS,1214
4772,INVERSIONES INMOBILIARIAS - Pasivo por compra de activo inmovilizado - Relacionadas,3,P129,,,Pasivo,Documentos,Sin centro de Costos,PLAN DE CUENTAS CONTASIS.xlsx,PLAN DE CUENTAS,1215
4773,ACTIVOS ADQUIRIDOS EN ARRENDAMIENTO FINANCIERO - Relacionadas,3,P129,,,Pasivo,Documentos,Sin centro de Costos,PLAN DE CUENTAS CONTASIS.xlsx,PLAN DE CUENTAS,1216
4774,"PROPIEDAD, PLANTA Y EQUIPO - Relacionadas",3,P129,,,Pasivo,Documentos,Sin centro de Costos,PLAN DE CUENTAS CONTASIS.xlsx,PLAN DE CUENTAS,1217
4775,INTANGIBLES  - Relacionadas,3,P129,,,Pasivo,Documentos,Sin centro de Costos,PLAN DE CUENTAS CONTASIS.xlsx,PLAN DE CUENTAS,1218
4776,ACTIVOS BIOLÓGICOS  - Relacionadas,3,P129,,,Pasivo,Documentos,Sin centro de Costos,PLAN DE CUENTAS CONTASIS.xlsx,PLAN DE CUENTAS,1219
479,OTRAS CUENTAS POR PAGAR DIVERSAS,2,,,,Pasivo,,,PLAN DE CUENTAS CONTASIS.xlsx,PLAN DE CUENTAS,1220
4791,OTRAS CUENTAS POR PAGAR DIVERSAS  - Relacionadas,3,P129,,,Pasivo,Documentos,Sin centro de Costos,PLAN DE CUENTAS CONTASIS.xlsx,PLAN DE CUENTAS,1221
48,PROVISIONES,1,,,,Pasivo,Ninguno,,PLAN DE CUENTAS CONTASIS.xlsx,PLAN DE CUENTAS,1222
481,PROVISION PARA LITIGIOS,2,,,,Pasivo,,,PLAN DE CUENTAS CONTASIS.xlsx,PLAN DE CUENTAS,1223
4811,PROVISION PARA LITIGIOS,3,P135,,,Pasivo,Ninguno,Sin centro de Costos,PLAN DE CUENTAS CONTASIS.xlsx,PLAN DE CUENTAS,1224
482,"PROVISIÓN POR DESMANTELAMIENTO, RETIRO O REHABILITACIÓN DEL INMOVILIZADO",2,,,,Pasivo,,,PLAN DE CUENTAS CONTASIS.xlsx,PLAN DE CUENTAS,1225
4821,"PROVISIÓN POR DESMANTELAMIENTO, RETIRO O REHABILITACIÓN DEL INMOVILIZADO",3,P135,,,Pasivo,Ninguno,Sin centro de Costos,PLAN DE CUENTAS CONTASIS.xlsx,PLAN DE CUENTAS,1226
483,PROVISION PARA REESTRUCTURACIONES,2,,,,Pasivo,,,PLAN DE CUENTAS CONTASIS.xlsx,PLAN DE CUENTAS,1227
4831,PROVISION PARA REESTRUCTURACIONES,3,P135,,,Pasivo,Ninguno,Sin centro de Costos,PLAN DE CUENTAS CONTASIS.xlsx,PLAN DE CUENTAS,1228
484,PROVISIÓN PARA PROTECCIÓN Y REMEDIACIÓN DEL MEDIO AMBIENTE,2,,,,Pasivo,,,PLAN DE CUENTAS CONTASIS.xlsx,PLAN DE CUENTAS,1229
4841,PROVISIÓN PARA PROTECCIÓN Y REMEDIACIÓN DEL MEDIO AMBIENTE,3,P135,,,Pasivo,Ninguno,Sin centro de Costos,PLAN DE CUENTAS CONTASIS.xlsx,PLAN DE CUENTAS,1230
485,PROVISIÓN PARA GASTOS DE RESPONSABILIDAD SOCIAL,2,,,,Pasivo,,,PLAN DE CUENTAS CONTASIS.xlsx,PLAN DE CUENTAS,1231
4851,PROVISIÓN PARA GASTOS DE RESPONSABILIDAD SOCIAL,3,P135,,,Pasivo,Ninguno,Sin centro de Costos,PLAN DE CUENTAS CONTASIS.xlsx,PLAN DE CUENTAS,1232
486,PROVISIÓN PARA GARANTIAS,2,,,,Pasivo,,,PLAN DE CUENTAS CONTASIS.xlsx,PLAN DE CUENTAS,1233
4861,PROVISIÓN PARA GARANTIAS,3,P135,,,Pasivo,Ninguno,Sin centro de Costos,PLAN DE CUENTAS CONTASIS.xlsx,PLAN DE CUENTAS,1234
487,PROVISIÓN DE ACTIVOS POR DERECHO DE USO,2,,,,Pasivo,,,PLAN DE CUENTAS CONTASIS.xlsx,PLAN DE CUENTAS,1235
4871,PROVISIÓN DE ACTIVOS POR DERECHO DE USO,3,P135,,,Pasivo,Documentos,Sin centro de Costos,PLAN DE CUENTAS CONTASIS.xlsx,PLAN DE CUENTAS,1236
489,OTRAS PROVISIONES,2,,,,Pasivo,,,PLAN DE CUENTAS CONTASIS.xlsx,PLAN DE CUENTAS,1237
4891,OTRAS PROVISIONES,3,P135,,,Pasivo,Ninguno,Sin centro de Costos,PLAN DE CUENTAS CONTASIS.xlsx,PLAN DE CUENTAS,1238
49,PASIVO DIFERIDO,1,,,,Pasivo,,,PLAN DE CUENTAS CONTASIS.xlsx,PLAN DE CUENTAS,1239
491,IMPUESTO A LA RENTA DIFERIDO,2,,,,Pasivo,,,PLAN DE CUENTAS CONTASIS.xlsx,PLAN DE CUENTAS,1240
4911,IMPUESTO A LA RENTA DIFERIDO - PATRIMONIO - Pasivo Diferido,3,P141,,,Pasivo,Ninguno,Sin centro de Costos,PLAN DE CUENTAS CONTASIS.xlsx,PLAN DE CUENTAS,1241
4912,IMPUESTO A LA RENTA DIFERIDO - RESULTADOS - Pasivo Diferido,3,P141,,,Pasivo,Ninguno,Sin centro de Costos,PLAN DE CUENTAS CONTASIS.xlsx,PLAN DE CUENTAS,1242
492,PARTICIPACIONES DE LOS TRABAJADORES DIFERIDAS,2,,,,Pasivo,,,PLAN DE CUENTAS CONTASIS.xlsx,PLAN DE CUENTAS,1243
4921,PARTICIPACIONES DE LOS TRABAJADORES DIFERIDAS - PATRIMONIO - Pasivo Diferido,3,P141,,,Pasivo,Ninguno,Sin centro de Costos,PLAN DE CUENTAS CONTASIS.xlsx,PLAN DE CUENTAS,1244
4922,PARTICIPACIONES DE LOS TRABAJADORES DIFERIDAS - RESULTADOS - Pasivo Diferido,3,P141,,,Pasivo,Ninguno,Sin centro de Costos,PLAN DE CUENTAS CONTASIS.xlsx,PLAN DE CUENTAS,1245
493,INTERESES DIFERIDOS,2,,,,Pasivo,,,PLAN DE CUENTAS CONTASIS.xlsx,PLAN DE CUENTAS,1246
4931,INTERESES NO DEVENGADOS EN TRANSACCIONES CON TERCEROS - Intereses Diferidos - Pasivo Diferido,3,P141,,,Pasivo,Ninguno,Sin centro de Costos,PLAN DE CUENTAS CONTASIS.xlsx,PLAN DE CUENTAS,1247
4932,INTERESES NO DEVENGADOS EN MEDICIÓN A VALOR DESCONTADO - Intereses Diferidos - Pasivo Diferido,3,P141,,,Pasivo,Ninguno,Sin centro de Costos,PLAN DE CUENTAS CONTASIS.xlsx,PLAN DE CUENTAS,1248
494,GANANCIA EN VENTA CON ARRENDAMIENTO FINANCIERO PARALELO,2,,,,Pasivo,,,PLAN DE CUENTAS CONTASIS.xlsx,PLAN DE CUENTAS,1249
4941,GANANCIA EN VENTA CON ARRENDAMIENTO FINANCIERO PARALELO  - Pasivo Diferido,3,P141,,,Pasivo,Ninguno,Sin centro de Costos,PLAN DE CUENTAS CONTASIS.xlsx,PLAN DE CUENTAS,1250
495,SUBSIDIOS RECIBIDOS DIFERIDOS,2,,,,Pasivo,,,PLAN DE CUENTAS CONTASIS.xlsx,PLAN DE CUENTAS,1251
4951,SUBSIDIOS RECIBIDOS DIFERIDOS  - Pasivo Diferido,3,P141,,,Pasivo,Ninguno,Sin centro de Costos,PLAN DE CUENTAS CONTASIS.xlsx,PLAN DE CUENTAS,1252
496,INGRESOS DIFERIDOS,2,,,,Pasivo,,,PLAN DE CUENTAS CONTASIS.xlsx,PLAN DE CUENTAS,1253
4961,INGRESOS DIFERIDOS  - Pasivo Diferido,3,P141,,,Pasivo,Ninguno,Sin centro de Costos,PLAN DE CUENTAS CONTASIS.xlsx,PLAN DE CUENTAS,1254
497,COSTOS DIFERIDOS,2,,,,Pasivo,,,PLAN DE CUENTAS CONTASIS.xlsx,PLAN DE CUENTAS,1255
4971,COSTOS DIFERIDOS  - Pasivo Diferido,3,P141,,,Pasivo,Ninguno,Sin centro de Costos,PLAN DE CUENTAS CONTASIS.xlsx,PLAN DE CUENTAS,1256
50,CAPITAL,1,,,,Pasivo,Ninguno,,PLAN DE CUENTAS CONTASIS.xlsx,PLAN DE CUENTAS,1257
501,CAPITAL SOCIAL,2,,,,Pasivo,,,PLAN DE CUENTAS CONTASIS.xlsx,PLAN DE CUENTAS,1258
5011,ACCIONES - Capital Social,3,P505,,,Pasivo,Documentos,Sin centro de Costos,PLAN DE CUENTAS CONTASIS.xlsx,PLAN DE CUENTAS,1259
5012,PARTICIPACIONES - Capital Social,3,P505,,,Pasivo,Documentos,Sin centro de Costos,PLAN DE CUENTAS CONTASIS.xlsx,PLAN DE CUENTAS,1260
502,ACCIONES EN TESORERIA,2,,,,Pasivo,,,PLAN DE CUENTAS CONTASIS.xlsx,PLAN DE CUENTAS,1261
5021,ACCIONES EN TESORERIA,3,P505,,,Pasivo,Ninguno,Sin centro de Costos,PLAN DE CUENTAS CONTASIS.xlsx,PLAN DE CUENTAS,1262
51,ACCIONES DE INVERSION,1,,,,Pasivo,,,PLAN DE CUENTAS CONTASIS.xlsx,PLAN DE CUENTAS,1263
511,ACCIONES DE INVERSION,2,,,,Pasivo,,,PLAN DE CUENTAS CONTASIS.xlsx,PLAN DE CUENTAS,1264
5111,ACCIONES DE INVERSION,3,P507,,,Pasivo,Ninguno,Sin centro de Costos,PLAN DE CUENTAS CONTASIS.xlsx,PLAN DE CUENTAS,1265
512,ACCIONES DE INVERSION EN TESORERIA,2,,,,Pasivo,,,PLAN DE CUENTAS CONTASIS.xlsx,PLAN DE CUENTAS,1266
5121,ACCIONES DE INVERSION EN TESORERIA,3,P507,,,Pasivo,Ninguno,Sin centro de Costos,PLAN DE CUENTAS CONTASIS.xlsx,PLAN DE CUENTAS,1267
52,CAPITAL ADICIONAL,1,,,,Pasivo,,,PLAN DE CUENTAS CONTASIS.xlsx,PLAN DE CUENTAS,1268
521,PRIMAS (DESCUENTO) DE ACCIONES,2,,,,Pasivo,,,PLAN DE CUENTAS CONTASIS.xlsx,PLAN DE CUENTAS,1269
5211,PRIMAS (DESCUENTO) DE ACCIONES,3,P510,,,Pasivo,Ninguno,Sin centro de Costos,PLAN DE CUENTAS CONTASIS.xlsx,PLAN DE CUENTAS,1270
522,CAPITALIZACIONES EN TRAMITE,2,,,,Pasivo,,,PLAN DE CUENTAS CONTASIS.xlsx,PLAN DE CUENTAS,1271
5221,APORTES - Capitalizaciones en Trámite,3,P510,,,Pasivo,Ninguno,Sin centro de Costos,PLAN DE CUENTAS CONTASIS.xlsx,PLAN DE CUENTAS,1272
5222,RESERVAS - Capitalizaciones en Trámite,3,P510,,,Pasivo,Ninguno,Sin centro de Costos,PLAN DE CUENTAS CONTASIS.xlsx,PLAN DE CUENTAS,1273
5223,ACREENCIAS - Capitalizaciones en Trámite,3,P510,,,Pasivo,Ninguno,Sin centro de Costos,PLAN DE CUENTAS CONTASIS.xlsx,PLAN DE CUENTAS,1274
5224,UTILIDADES - Capitalizaciones en Trámite,3,P510,,,Pasivo,Ninguno,Sin centro de Costos,PLAN DE CUENTAS CONTASIS.xlsx,PLAN DE CUENTAS,1275
523,REDUCCIONES DE CAPITAL PENDIENTES DE FORMALIZACION,2,,,,Pasivo,,,PLAN DE CUENTAS CONTASIS.xlsx,PLAN DE CUENTAS,1276
5231,REDUCCIONES DE CAPITAL PENDIENTES DE FORMALIZACION,3,P510,,,Pasivo,Ninguno,Sin centro de Costos,PLAN DE CUENTAS CONTASIS.xlsx,PLAN DE CUENTAS,1277
56,RESULTADOS NO REALIZADOS,1,,,,Pasivo,Ninguno,,PLAN DE CUENTAS CONTASIS.xlsx,PLAN DE CUENTAS,1278
561,DIFERENCIA EN CAMBIO DE INVERSIONES PERMANENTES EN ENTIDADES EXTRANJERAS,2,,,,Pasivo,,,PLAN DE CUENTAS CONTASIS.xlsx,PLAN DE CUENTAS,1279
5611,DIFERENCIA EN CAMBIO DE INVERSIONES PERMANENTES EN ENTIDADES EXTRANJERAS,3,P511,,,Pasivo,Ninguno,Sin centro de Costos,PLAN DE CUENTAS CONTASIS.xlsx,PLAN DE CUENTAS,1280
562,INSTRUMENTOS FINANCIEROS - COBERTURAS,2,,,,Pasivo,,,PLAN DE CUENTAS CONTASIS.xlsx,PLAN DE CUENTAS,1281
5621,INSTRUMENTOS FINANCIEROS - COBERTURAS,3,P511,,,Pasivo,Ninguno,Sin centro de Costos,PLAN DE CUENTAS CONTASIS.xlsx,PLAN DE CUENTAS,1282
563,RESULTADOS EN ACTIVOS O PASIVOS FINANCIEROS MANTENIDOS PARA NEGOCIACIÓN,2,,,,Pasivo,,,PLAN DE CUENTAS CONTASIS.xlsx,PLAN DE CUENTAS,1283
5631,GANANCIA - En Activos o Pasivos Financieros Mantenidos para Negociación,3,P511,,,Pasivo,Ninguno,Sin centro de Costos,PLAN DE CUENTAS CONTASIS.xlsx,PLAN DE CUENTAS,1284
5632,PERDIDA -  En Activos o Pasivos Financieros Mantenidos para Negociación,3,P511,,,Pasivo,Ninguno,Sin centro de Costos,PLAN DE CUENTAS CONTASIS.xlsx,PLAN DE CUENTAS,1285
564,RESULTADO EN OTROS ACTIVOS O PASIVOS POR INVERSIONES FINANCIERAS,2,,,,Pasivo,,,PLAN DE CUENTAS CONTASIS.xlsx,PLAN DE CUENTAS,1286
5641,GANANCIA - En otros Activos o Pasivos por Inversiones Financieras,3,P511,,,Pasivo,Ninguno,Sin centro de Costos,PLAN DE CUENTAS CONTASIS.xlsx,PLAN DE CUENTAS,1287
5642,PERDIDA - En otros Activos o Pasivos por Inversiones Financieras,3,P511,,,Pasivo,Ninguno,Sin centro de Costos,PLAN DE CUENTAS CONTASIS.xlsx,PLAN DE CUENTAS,1288
565,RESULT EN ACT O PAS FINANC MANTENIDOS PARA LA NEGOCIACIÓN - COMPRA O VENTA CONVENC FECHA LIQUIDACION,2,,,,Pasivo,,,PLAN DE CUENTAS CONTASIS.xlsx,PLAN DE CUENTAS,1289
5651,GANANCIA - En activo o pasivo financiero mant para la venta o compra convencional fecha de liquidaci,3,P511,,,Pasivo,Ninguno,Sin centro de Costos,PLAN DE CUENTAS CONTASIS.xlsx,PLAN DE CUENTAS,1290
5652,PERDIDA - En activo o pasivo financiero mant para la venta o compra convencional fecha de liquidaci,3,P511,,,Pasivo,Ninguno,Sin centro de Costos,PLAN DE CUENTAS CONTASIS.xlsx,PLAN DE CUENTAS,1291
57,EXCEDENTE DE REVALUACION,1,,,,Pasivo,Ninguno,,PLAN DE CUENTAS CONTASIS.xlsx,PLAN DE CUENTAS,1292
571,EXCEDENTE DE REVALUACION,2,,,,Pasivo,,,PLAN DE CUENTAS CONTASIS.xlsx,PLAN DE CUENTAS,1293
5711,PROPIEDAD DE INVERSIÓN - Excedente de Revaluación,2,,,,Pasivo,,,PLAN DE CUENTAS CONTASIS.xlsx,PLAN DE CUENTAS,1294
57111,ADQUISICIÓN DIRECTA - Propiedades de Inversión - Excedente de Revaluación,3,P515,,,Pasivo,Ninguno,Sin centro de Costos,PLAN DE CUENTAS CONTASIS.xlsx,PLAN DE CUENTAS,1295
57112,ARRENDAMIENTO FINANCIERO -  Propiedades de Inversión - Excedente de Revaluación,3,P515,,,Pasivo,Ninguno,Sin centro de Costos,PLAN DE CUENTAS CONTASIS.xlsx,PLAN DE CUENTAS,1296
5712,"PROPIEDAD, PLANTA Y EQUIPO - Excedente de Revaluación",2,,,,Pasivo,,,PLAN DE CUENTAS CONTASIS.xlsx,PLAN DE CUENTAS,1297
57121,"ADQUISICIÓN DIRECTA -  Propiedad, Planta y Equipo - Excedente de Revaluación",3,P515,,,Pasivo,Ninguno,Sin centro de Costos,PLAN DE CUENTAS CONTASIS.xlsx,PLAN DE CUENTAS,1298
57122,"ARRENDAMIENTO FINANCIERO - Propiedad, Planta y Equipo - Excedente de Revaluación",3,P515,,,Pasivo,Ninguno,Sin centro de Costos,PLAN DE CUENTAS CONTASIS.xlsx,PLAN DE CUENTAS,1299
5713,INTANGIBLES - Excedente de Revaluación,2,,,,Pasivo,,,PLAN DE CUENTAS CONTASIS.xlsx,PLAN DE CUENTAS,1300
57131,INTANGIBLES - Excedente de Revaluación,3,P515,,,Pasivo,Documentos,Sin centro de Costos,PLAN DE CUENTAS CONTASIS.xlsx,PLAN DE CUENTAS,1301
5714,ACTIVOS POR DERECHO DE USO - Arrendamiento Operativo - Excedentes de Revaluación,2,,,,Pasivo,,,PLAN DE CUENTAS CONTASIS.xlsx,PLAN DE CUENTAS,1302
57141,ACTIVOS POR DERECHO DE USO - Arrendamiento Operativo - Excedentes de Revaluación,3,P515,,,Pasivo,Documentos,Sin centro de Costos,PLAN DE CUENTAS CONTASIS.xlsx,PLAN DE CUENTAS,1303
572,EXCEDENTE DE REVALUACIÓN - ACCIONES LIBERADAS RECIBIDAS,2,,,,Pasivo,,,PLAN DE CUENTAS CONTASIS.xlsx,PLAN DE CUENTAS,1304
5721,EXCEDENTE DE REVALUACIÓN - ACCIONES LIBERADAS RECIBIDAS,3,P515,,,Pasivo,Ninguno,Sin centro de Costos,PLAN DE CUENTAS CONTASIS.xlsx,PLAN DE CUENTAS,1305
573,PARTICIPACIÓN EN EXCEDENTE DE REVALUACIÓN - INVERSIONES EN ENTIDADES RELACIONADAS,2,,,,Pasivo,,,PLAN DE CUENTAS CONTASIS.xlsx,PLAN DE CUENTAS,1306
5731,PARTICIPACIÓN EN EXCEDENTE DE REVALUACIÓN - INVERSIONES EN ENTIDADES RELACIONADAS,3,P515,,,Pasivo,Ninguno,Sin centro de Costos,PLAN DE CUENTAS CONTASIS.xlsx,PLAN DE CUENTAS,1307
58,RESERVAS,1,,,,Pasivo,Ninguno,,PLAN DE CUENTAS CONTASIS.xlsx,PLAN DE CUENTAS,1308
581,REINVERSION - Reservas,2,,,,Pasivo,,,PLAN DE CUENTAS CONTASIS.xlsx,PLAN DE CUENTAS,1309
5811,REINVERSION - Reservas,3,P520,,,Pasivo,Ninguno,Sin centro de Costos,PLAN DE CUENTAS CONTASIS.xlsx,PLAN DE CUENTAS,1310
582,LEGAL - Reservas,2,,,,Pasivo,,,PLAN DE CUENTAS CONTASIS.xlsx,PLAN DE CUENTAS,1311
5821,LEGAL - Reservas,3,P520,,,Pasivo,Ninguno,Sin centro de Costos,PLAN DE CUENTAS CONTASIS.xlsx,PLAN DE CUENTAS,1312
583,CONTRACTUALES - Reservas,2,,,,Pasivo,,,PLAN DE CUENTAS CONTASIS.xlsx,PLAN DE CUENTAS,1313
5831,CONTRACTUALES - Reservas,3,P520,,,Pasivo,Ninguno,Sin centro de Costos,PLAN DE CUENTAS CONTASIS.xlsx,PLAN DE CUENTAS,1314
584,ESTATUARIAS - Reservas,2,,,,Pasivo,,,PLAN DE CUENTAS CONTASIS.xlsx,PLAN DE CUENTAS,1315
5841,ESTATUARIAS - Reservas,3,P520,,,Pasivo,Ninguno,Sin centro de Costos,PLAN DE CUENTAS CONTASIS.xlsx,PLAN DE CUENTAS,1316
585,FACULTATIVAS - Reservas,2,,,,Pasivo,,,PLAN DE CUENTAS CONTASIS.xlsx,PLAN DE CUENTAS,1317
5851,FACULTATIVAS - Reservas,3,P520,,,Pasivo,Ninguno,Sin centro de Costos,PLAN DE CUENTAS CONTASIS.xlsx,PLAN DE CUENTAS,1318
589,OTRAS RESERVAS,2,,,,Pasivo,,,PLAN DE CUENTAS CONTASIS.xlsx,PLAN DE CUENTAS,1319
5891,OTRAS RESERVAS,3,P520,,,Pasivo,Ninguno,Sin centro de Costos,PLAN DE CUENTAS CONTASIS.xlsx,PLAN DE CUENTAS,1320
59,RESULTADOS ACUMULADOS,1,,,,Pasivo,Ninguno,,PLAN DE CUENTAS CONTASIS.xlsx,PLAN DE CUENTAS,1321
591,UTILIDADES NO DISTRIBUIDAS,2,,,,Pasivo,,,PLAN DE CUENTAS CONTASIS.xlsx,PLAN DE CUENTAS,1322
5911,UTILIDADES ACUMULADAS,2,,,,Pasivo,,,PLAN DE CUENTAS CONTASIS.xlsx,PLAN DE CUENTAS,1323
59111,UTILIDADES ACUMULADAS,3,P530,,,Pasivo,Ninguno,Sin centro de Costos,PLAN DE CUENTAS CONTASIS.xlsx,PLAN DE CUENTAS,1324
59114,RESULTADO MENSUAL - Control,3,P540,,,Pasivo,Ninguno,Sin centro de Costos,PLAN DE CUENTAS CONTASIS.xlsx,PLAN DE CUENTAS,1325
59119,PATRIMONIO - Control,3,P530,,,Pasivo,Ninguno,Sin centro de Costos,PLAN DE CUENTAS CONTASIS.xlsx,PLAN DE CUENTAS,1326
5912,INGRESOS DE AÑOS ANTERIORES,2,,,,Pasivo,,,PLAN DE CUENTAS CONTASIS.xlsx,PLAN DE CUENTAS,1327
59121,INGRESOS DE AÑOS ANTERIORES,3,P530,,,Pasivo,Documentos,Sin centro de Costos,PLAN DE CUENTAS CONTASIS.xlsx,PLAN DE CUENTAS,1328
592,PERDIDAS ACUMULADAS,2,,,,Pasivo,,,PLAN DE CUENTAS CONTASIS.xlsx,PLAN DE CUENTAS,1329
5921,PERDIDAS ACUMULADAS,3,P531,,,Pasivo,Ninguno,Sin centro de Costos,PLAN DE CUENTAS CONTASIS.xlsx,PLAN DE CUENTAS,1330
5922,GASTOS DE AÑOS ANTERIORES,3,P531,,,Pasivo,Ninguno,Sin centro de Costos,PLAN DE CUENTAS CONTASIS.xlsx,PLAN DE CUENTAS,1331
60,COMPRAS,1,,,,Naturaleza,Ninguno,,PLAN DE CUENTAS CONTASIS.xlsx,PLAN DE CUENTAS,1332
601,MERCADERIAS,2,,,,Naturaleza,,,PLAN DE CUENTAS CONTASIS.xlsx,PLAN DE CUENTAS,1333
6011,MERCADERIAS,2,,,,Naturaleza,,,PLAN DE CUENTAS CONTASIS.xlsx,PLAN DE CUENTAS,1334
6011020,MERCADERIAS  - Compras,3,,20111,6111020,Naturaleza,Ninguno,Sin centro de Costos,PLAN DE CUENTAS CONTASIS.xlsx,PLAN DE CUENTAS,1335
602,MATERIAS PRIMAS,2,,,,Naturaleza,,,PLAN DE CUENTAS CONTASIS.xlsx,PLAN DE CUENTAS,1336
6021,MATERIAS PRIMAS - Compras,2,,,,Naturaleza,,,PLAN DE CUENTAS CONTASIS.xlsx,PLAN DE CUENTAS,1337
6021024,MATERIAS PRIMAS - Compras,3,,24111,6121024,Naturaleza,Ninguno,Sin centro de Costos,PLAN DE CUENTAS CONTASIS.xlsx,PLAN DE CUENTAS,1338
603,"MATERIALES AUXILIARES,SUMINISTROS Y REPUESTOS",2,,,,Naturaleza,,,PLAN DE CUENTAS CONTASIS.xlsx,PLAN DE CUENTAS,1339
6031,MATERIALES AUXILIARES,2,,,,Naturaleza,,,PLAN DE CUENTAS CONTASIS.xlsx,PLAN DE CUENTAS,1340
6031025,MATERIALES AUXILIARES - Compras,3,,2511,6131025,Naturaleza,Ninguno,Sin centro de Costos,PLAN DE CUENTAS CONTASIS.xlsx,PLAN DE CUENTAS,1341
6032,SUMINISTROS,2,,,,Naturaleza,,,PLAN DE CUENTAS CONTASIS.xlsx,PLAN DE CUENTAS,1342
603202521,SUMINISTROS COMBUSTIBLES - Compras,3,,2521,6132025,Naturaleza,Ninguno,Sin centro de Costos,PLAN DE CUENTAS CONTASIS.xlsx,PLAN DE CUENTAS,1343
603202522,SUMINISTROS LUBRICANTES - Compras,3,,2522,6132025,Naturaleza,Ninguno,Sin centro de Costos,PLAN DE CUENTAS CONTASIS.xlsx,PLAN DE CUENTAS,1344
603202523,SUMINISTROS ENERGIA - Compras,3,,2523,6132025,Naturaleza,Ninguno,Sin centro de Costos,PLAN DE CUENTAS CONTASIS.xlsx,PLAN DE CUENTAS,1345
603202524,OTROS SUMINISTROS - Compras,3,,2524,6132025,Naturaleza,Ninguno,Sin centro de Costos,PLAN DE CUENTAS CONTASIS.xlsx,PLAN DE CUENTAS,1346
6033,REPUESTOS,2,,,,Naturaleza,,,PLAN DE CUENTAS CONTASIS.xlsx,PLAN DE CUENTAS,1347
6033025,REPUESTOS - Compras,3,,2531,6133025,Naturaleza,Ninguno,Sin centro de Costos,PLAN DE CUENTAS CONTASIS.xlsx,PLAN DE CUENTAS,1348
604,ENVASES Y EMBALAJES,2,,,,Naturaleza,,,PLAN DE CUENTAS CONTASIS.xlsx,PLAN DE CUENTAS,1349
6041,ENVASES,2,,,,Naturaleza,,,PLAN DE CUENTAS CONTASIS.xlsx,PLAN DE CUENTAS,1350
6041026,ENVASES - Compras,3,,2611,6141026,Naturaleza,Ninguno,Sin centro de Costos,PLAN DE CUENTAS CONTASIS.xlsx,PLAN DE CUENTAS,1351
6042,EMBALAJES,2,,,,Naturaleza,,,PLAN DE CUENTAS CONTASIS.xlsx,PLAN DE CUENTAS,1352
6042026,EMBALAJES - Compras,3,,2621,6142026,Naturaleza,Ninguno,Sin centro de Costos,PLAN DE CUENTAS CONTASIS.xlsx,PLAN DE CUENTAS,1353
609,COSTOS VINCULADOS CON LAS COMPRAS,2,,,,Naturaleza,,,PLAN DE CUENTAS CONTASIS.xlsx,PLAN DE CUENTAS,1354
6091,COSTOS VINCULADOS CON LAS COMPRAS DE MERCADERIAS,2,,,,Naturaleza,,,PLAN DE CUENTAS CONTASIS.xlsx,PLAN DE CUENTAS,1355
60911,TRANSPORTE  - Costos Vinculados Con las Compras,2,,,,Naturaleza,,,PLAN DE CUENTAS CONTASIS.xlsx,PLAN DE CUENTAS,1356
60911201,TRANSPORTE - Costos Vinculados Con las Compras  - mercaderia,3,,20111,6111020,Naturaleza,Ninguno,Sin centro de Costos,PLAN DE CUENTAS CONTASIS.xlsx,PLAN DE CUENTAS,1357
60912,SEGUROS  - Costos Vinculados Con las Compras,2,,,,Naturaleza,,,PLAN DE CUENTAS CONTASIS.xlsx,PLAN DE CUENTAS,1358
60912201,SEGUROS - Costos Vinculados Con las Compras  - mercadería,3,,20111,6111020,Naturaleza,Ninguno,Sin centro de Costos,PLAN DE CUENTAS CONTASIS.xlsx,PLAN DE CUENTAS,1359
60913,DERECHOS ADUANEROS  - Costos Vinculados Con las Compras,2,,,,Naturaleza,,,PLAN DE CUENTAS CONTASIS.xlsx,PLAN DE CUENTAS,1360
60913201,DERECHOS ADUANEROS - Costos Vinculados Con las Compras  - mercadería,3,,20111,6111020,Naturaleza,Ninguno,Sin centro de Costos,PLAN DE CUENTAS CONTASIS.xlsx,PLAN DE CUENTAS,1361
60914,COMISIONES  - Costos Vinculados Con las Compras,2,,,,Naturaleza,,,PLAN DE CUENTAS CONTASIS.xlsx,PLAN DE CUENTAS,1362
60914201,COMISIONES - Costos Vinculados Con las Compras  - mercadería,3,,20111,6111020,Naturaleza,Ninguno,Sin centro de Costos,PLAN DE CUENTAS CONTASIS.xlsx,PLAN DE CUENTAS,1363
60919,OTROS COSTOS VINCULADOS CON LAS COMPRAS MERCADERIA - mercaderia,2,,,,Naturaleza,,,PLAN DE CUENTAS CONTASIS.xlsx,PLAN DE CUENTAS,1364
60919201,OTROS COSTOS VINCULADOS CON LAS COMPRAS MERCADERIA - mercaderia,3,,20111,6111020,Naturaleza,Ninguno,Sin centro de Costos,PLAN DE CUENTAS CONTASIS.xlsx,PLAN DE CUENTAS,1365
6092,COSTOS VINCULADOS CON LAS COMPRAS DE MATERIAS PRIMAS,2,,,,Naturaleza,,,PLAN DE CUENTAS CONTASIS.xlsx,PLAN DE CUENTAS,1366
60921,TRANSPORTE - Costos Vinculados con las Compras de Materias Primas,2,,,,Naturaleza,,,PLAN DE CUENTAS CONTASIS.xlsx,PLAN DE CUENTAS,1367
60921241,TRANSPORTE - Costos Vinculados con las Compras de Materia Prima,3,,24111,6121024,Naturaleza,Ninguno,Sin centro de Costos,PLAN DE CUENTAS CONTASIS.xlsx,PLAN DE CUENTAS,1368
60922,SEGUROS - Costos Vinculados con las Compras de Materias Primas,2,,,,Naturaleza,,,PLAN DE CUENTAS CONTASIS.xlsx,PLAN DE CUENTAS,1369
60922241,SEGUROS - Costos Vinculados con las Compras de Materia Prima,3,,24111,6121024,Naturaleza,Ninguno,Sin centro de Costos,PLAN DE CUENTAS CONTASIS.xlsx,PLAN DE CUENTAS,1370
60923,DERECHOS ADUANEROS - Costos Vinculados con las Compras de Materias Primas,2,,,,Naturaleza,,,PLAN DE CUENTAS CONTASIS.xlsx,PLAN DE CUENTAS,1371
60923241,DERECHOS ADUANEROS - Costos Vinculados con las Compras de Materia Prima,3,,24111,6121024,Naturaleza,Ninguno,Sin centro de Costos,PLAN DE CUENTAS CONTASIS.xlsx,PLAN DE CUENTAS,1372
60924,COMISIONES - Costos Vinculados con las Compras de Materias Primas,2,,,,Naturaleza,,,PLAN DE CUENTAS CONTASIS.xlsx,PLAN DE CUENTAS,1373
60924241,COMISIONES - Costos Vinculados con las Compras de Materia Prima,3,,24111,6121024,Naturaleza,Ninguno,Sin centro de Costos,PLAN DE CUENTAS CONTASIS.xlsx,PLAN DE CUENTAS,1374
60925,OTROS COSTOS VINCULADOS CON LAS COMPRAS DE  MATERIAS PRIMAS,2,,,,Naturaleza,,,PLAN DE CUENTAS CONTASIS.xlsx,PLAN DE CUENTAS,1375
60925241,OTROS COSTOS VINCULADOS CON LAS COMPRAS DE  MATERIAS PRIMAS,3,,24111,6121024,Naturaleza,Ninguno,Sin centro de Costos,PLAN DE CUENTAS CONTASIS.xlsx,PLAN DE CUENTAS,1376
6093,"COSTOS VINCULADOS CON LAS COMPRAS DE MATERIALES, SUMINISTROS Y REPUESTOS",2,,,,Naturaleza,,,PLAN DE CUENTAS CONTASIS.xlsx,PLAN DE CUENTAS,1377
60931,"TRANSPORTE - Costos Vinculados con las Compras de Materiales, Suministros y Repuestos",2,,,,Naturaleza,,,PLAN DE CUENTAS CONTASIS.xlsx,PLAN DE CUENTAS,1378
60931251,TRANSPORTE - Costos Vinculados con las Compras de Materiales Auxiliares,3,,2511,6131025,Naturaleza,Ninguno,Sin centro de Costos,PLAN DE CUENTAS CONTASIS.xlsx,PLAN DE CUENTAS,1379
609312521,TRANSPORTE - Costos Vinculados con las Compras de Suministros - Combustibles,3,,2521,6132025,Naturaleza,Ninguno,Sin centro de Costos,PLAN DE CUENTAS CONTASIS.xlsx,PLAN DE CUENTAS,1380
609312522,TRANSPORTE - Costos Vinculados con las Compras de Suministros - Lubricantes,3,,2522,6132025,Naturaleza,Ninguno,Sin centro de Costos,PLAN DE CUENTAS CONTASIS.xlsx,PLAN DE CUENTAS,1381
609312523,TRANSPORTE - Costos Vinculados con las Compras de Suministros - Energía,3,,2523,6132025,Naturaleza,Ninguno,Sin centro de Costos,PLAN DE CUENTAS CONTASIS.xlsx,PLAN DE CUENTAS,1382
609312524,TRANSPORTE - Costos Vinculados con las Compras de Otros Suministros,3,,2524,6132025,Naturaleza,Ninguno,Sin centro de Costos,PLAN DE CUENTAS CONTASIS.xlsx,PLAN DE CUENTAS,1383
60931253,TRANSPORTE - Costos Vinculados con las Compras de Repuestos,3,,2531,6133025,Naturaleza,Ninguno,Sin centro de Costos,PLAN DE CUENTAS CONTASIS.xlsx,PLAN DE CUENTAS,1384
60932,"SEGUROS  - Costos Vinculados con las Compras de Materiales, Suministros y Repuestos",2,,,,Naturaleza,,,PLAN DE CUENTAS CONTASIS.xlsx,PLAN DE CUENTAS,1385
60932251,SEGUROS - Costos Vinculados con las Compras de Materiales Auxiliares,3,,2511,6131025,Naturaleza,Ninguno,Sin centro de Costos,PLAN DE CUENTAS CONTASIS.xlsx,PLAN DE CUENTAS,1386
609322521,SEGUROS - Costos Vinculados con las Compras de Suministros - Combustibles,3,,2521,6132025,Naturaleza,Ninguno,Sin centro de Costos,PLAN DE CUENTAS CONTASIS.xlsx,PLAN DE CUENTAS,1387
609322522,SEGUROS - Costos Vinculados con las Compras de Suministros - Lubricantes,3,,2522,6132025,Naturaleza,Ninguno,Sin centro de Costos,PLAN DE CUENTAS CONTASIS.xlsx,PLAN DE CUENTAS,1388
609322523,SEGUROS - Costos Vinculados con las Compras de Suministros - Energía,3,,2523,6132025,Naturaleza,Ninguno,Sin centro de Costos,PLAN DE CUENTAS CONTASIS.xlsx,PLAN DE CUENTAS,1389
609322524,SEGUROS - Costos Vinculados con las Compras de Otros Suministros,3,,2524,6132025,Naturaleza,Ninguno,Sin centro de Costos,PLAN DE CUENTAS CONTASIS.xlsx,PLAN DE CUENTAS,1390
60932253,SEGUROS - Costos Vinculados con las Compras de Repuestos,3,,2531,6133025,Naturaleza,Ninguno,Sin centro de Costos,PLAN DE CUENTAS CONTASIS.xlsx,PLAN DE CUENTAS,1391
60933,"DERECHOS ADUANEROS  - Costos Vinculados con las Compras de Materiales, Suministros y Repuestos",2,,,,Naturaleza,,,PLAN DE CUENTAS CONTASIS.xlsx,PLAN DE CUENTAS,1392
60933251,DERECHOS ADUANEROS - Costos Vinculados con las Compras de Materiales Auxiliares,3,,2511,6131025,Naturaleza,Ninguno,Sin centro de Costos,PLAN DE CUENTAS CONTASIS.xlsx,PLAN DE CUENTAS,1393
609332521,DERECHOS ADUANEROS - Costos Vinculados con las Compras de Suministros - Combustibles,3,,2521,6132025,Naturaleza,Ninguno,Sin centro de Costos,PLAN DE CUENTAS CONTASIS.xlsx,PLAN DE CUENTAS,1394
609332522,DERECHOS ADUANEROS - Costos Vinculados con las Compras de Suministros - Lubricantes,3,,2522,6132025,Naturaleza,Ninguno,Sin centro de Costos,PLAN DE CUENTAS CONTASIS.xlsx,PLAN DE CUENTAS,1395
609332523,DERECHOS ADUANEROS - Costos Vinculados con las Compras de Suministros - Energía,3,,2523,6132025,Naturaleza,Ninguno,Sin centro de Costos,PLAN DE CUENTAS CONTASIS.xlsx,PLAN DE CUENTAS,1396
609332524,DERECHOS ADUANEROS - Costos Vinculados con las Compras de Otros Suministros,3,,2524,6132025,Naturaleza,Ninguno,Sin centro de Costos,PLAN DE CUENTAS CONTASIS.xlsx,PLAN DE CUENTAS,1397
60933253,DERECHOS ADUANEROS - Costos Vinculados con las Compras de Repuestos,3,,2531,6133025,Naturaleza,Ninguno,Sin centro de Costos,PLAN DE CUENTAS CONTASIS.xlsx,PLAN DE CUENTAS,1398
60934,"COMISIONES  - Costos Vinculados con las Compras de Materiales, Suministros y Repuestos",2,,,,Naturaleza,,,PLAN DE CUENTAS CONTASIS.xlsx,PLAN DE CUENTAS,1399
60934251,COMISIONES - Costos Vinculados con las Compras de Materiales Auxiliares,3,,2511,6131025,Naturaleza,Ninguno,Sin centro de Costos,PLAN DE CUENTAS CONTASIS.xlsx,PLAN DE CUENTAS,1400
609342521,COMISIONES - Costos Vinculados con las Compras de Suministros - Combustibles,3,,2521,6132025,Naturaleza,Ninguno,Sin centro de Costos,PLAN DE CUENTAS CONTASIS.xlsx,PLAN DE CUENTAS,1401
609342522,COMISIONES - Costos Vinculados con las Compras de Suministros - Lubricantes,3,,2522,6132025,Naturaleza,Ninguno,Sin centro de Costos,PLAN DE CUENTAS CONTASIS.xlsx,PLAN DE CUENTAS,1402
609342523,COMISIONES - Costos Vinculados con las Compras de Suministros - Energía,3,,2523,6132025,Naturaleza,Ninguno,Sin centro de Costos,PLAN DE CUENTAS CONTASIS.xlsx,PLAN DE CUENTAS,1403
609342524,COMISIONES - Costos Vinculados con las Compras de Otros Suministros,3,,2524,6132025,Naturaleza,Ninguno,Sin centro de Costos,PLAN DE CUENTAS CONTASIS.xlsx,PLAN DE CUENTAS,1404
60934253,COMISIONES  - Costos Vinculados con las Compras de Repuestos,3,,2531,6133025,Naturaleza,Ninguno,Sin centro de Costos,PLAN DE CUENTAS CONTASIS.xlsx,PLAN DE CUENTAS,1405
60935,"OTROS COSTOS VINCULADOS CON LAS COMPRAS DE MATERIALES, SUMINISTROS Y REPUESTOS",2,,,,Naturaleza,,,PLAN DE CUENTAS CONTASIS.xlsx,PLAN DE CUENTAS,1406
60935251,OTROS COSTOS VINCULADOS CON LAS COMPRAS DE MATERIALES AUXILIARES,3,,2511,6131025,Naturaleza,Ninguno,Sin centro de Costos,PLAN DE CUENTAS CONTASIS.xlsx,PLAN DE CUENTAS,1407
609352521,OTROS COSTOS VINCULADOS CON LAS COMPRAS DE SUMINISTROS - Combustibles,3,,2521,6132025,Naturaleza,Ninguno,Sin centro de Costos,PLAN DE CUENTAS CONTASIS.xlsx,PLAN DE CUENTAS,1408
609352522,OTROS COSTOS VINCULADOS CON LAS COMPRAS DE SUMINISTROS - Lubricantes,3,,2522,6132025,Naturaleza,Ninguno,Sin centro de Costos,PLAN DE CUENTAS CONTASIS.xlsx,PLAN DE CUENTAS,1409
609352523,OTROS COSTOS VINCULADOS CON LAS COMPRAS DE SUMINISTROS - Energía,3,,2523,6132025,Naturaleza,Ninguno,Sin centro de Costos,PLAN DE CUENTAS CONTASIS.xlsx,PLAN DE CUENTAS,1410
609352524,OTROS COSTOS VINCULADOS CON LAS COMPRAS DE OTROS SUMINISTROS,3,,2524,6132025,Naturaleza,Ninguno,Sin centro de Costos,PLAN DE CUENTAS CONTASIS.xlsx,PLAN DE CUENTAS,1411
60935253,OTROS COSTOS VINCULADOS CON LAS COMPRAS DE REPUESTOS,3,,2531,6133025,Naturaleza,Ninguno,Sin centro de Costos,PLAN DE CUENTAS CONTASIS.xlsx,PLAN DE CUENTAS,1412
6094,COSTOS VINCULADOS CON LAS COMPRAS DE ENVASES Y EMBALAJES,2,,,,Naturaleza,,,PLAN DE CUENTAS CONTASIS.xlsx,PLAN DE CUENTAS,1413
60941,TRANSPORTE  - Costos Vinculados Con Las Compras De Envases Y Embalajes,2,,,,Naturaleza,,,PLAN DE CUENTAS CONTASIS.xlsx,PLAN DE CUENTAS,1414
60941261,TRANSPORTE - Costos Vinculados Con Las Compras De Envases,3,,2611,6141026,Naturaleza,Ninguno,Sin centro de Costos,PLAN DE CUENTAS CONTASIS.xlsx,PLAN DE CUENTAS,1415
60941262,TRANSPORTE - Costos Vinculados Con Las Compras De Embalajes,3,,2621,6142026,Naturaleza,Ninguno,Sin centro de Costos,PLAN DE CUENTAS CONTASIS.xlsx,PLAN DE CUENTAS,1416
60942,SEGUROS  - Costos Vinculados Con Las Compras De Envases Y Embalajes,2,,,,Naturaleza,,,PLAN DE CUENTAS CONTASIS.xlsx,PLAN DE CUENTAS,1417
60942261,SEGUROS - Costos Vinculados Con Las Compras De Envases,3,,2611,6141026,Naturaleza,Ninguno,Sin centro de Costos,PLAN DE CUENTAS CONTASIS.xlsx,PLAN DE CUENTAS,1418
60942262,SEGUROS - Costos Vinculados Con Las Compras De Embalajes,3,,2611,6141026,Naturaleza,Ninguno,Sin centro de Costos,PLAN DE CUENTAS CONTASIS.xlsx,PLAN DE CUENTAS,1419
60943,DERECHOS ADUANEROS   - Costos Vinculados Con Las Compras De Envases Y Embalajes,2,,,,Naturaleza,,,PLAN DE CUENTAS CONTASIS.xlsx,PLAN DE CUENTAS,1420
60943261,DERECHOS ADUANEROS - Costos Vinculados Con Las Compras De Envases,3,,2611,6141026,Naturaleza,Ninguno,Sin centro de Costos,PLAN DE CUENTAS CONTASIS.xlsx,PLAN DE CUENTAS,1421
60943262,DERECHOS ADUANEROS - Costos Vinculados Con Las Compras De Embalajes,3,,2621,6142026,Naturaleza,Ninguno,Sin centro de Costos,PLAN DE CUENTAS CONTASIS.xlsx,PLAN DE CUENTAS,1422
60944,COMISIONES  - Costos Vinculados Con Las Compras De Envases Y Embalajes,2,,,,Naturaleza,,,PLAN DE CUENTAS CONTASIS.xlsx,PLAN DE CUENTAS,1423
60944261,COMISIONES - Costos Vinculados Con Las Compras De Envases,3,,2611,6141026,Naturaleza,Ninguno,Sin centro de Costos,PLAN DE CUENTAS CONTASIS.xlsx,PLAN DE CUENTAS,1424
60944262,COMISIONES - Costos Vinculados Con Las Compras De Embalajes,3,,2621,6142026,Naturaleza,Ninguno,Sin centro de Costos,PLAN DE CUENTAS CONTASIS.xlsx,PLAN DE CUENTAS,1425
60945,OTROS COSTOS VINCULADOS CON LAS COMPRAS DE ENVASES Y EMBALAJES,2,,,,Naturaleza,,,PLAN DE CUENTAS CONTASIS.xlsx,PLAN DE CUENTAS,1426
60945261,OTROS COSTOS VINCULADOS CON LAS COMPRAS DE ENVASES,3,,2611,6141026,Naturaleza,Ninguno,Sin centro de Costos,PLAN DE CUENTAS CONTASIS.xlsx,PLAN DE CUENTAS,1427
60945262,OTROS COSTOS VINCULADOS CON LAS COMPRAS DE EMBALAJES,3,,2621,6142026,Naturaleza,Ninguno,Sin centro de Costos,PLAN DE CUENTAS CONTASIS.xlsx,PLAN DE CUENTAS,1428
61,VARIACION DE INVENTARIOS,1,,,,Naturaleza,Ninguno,,PLAN DE CUENTAS CONTASIS.xlsx,PLAN DE CUENTAS,1429
611,MERCADERIAS - Variación de Inventarios,2,,,,Naturaleza,Ninguno,,PLAN DE CUENTAS CONTASIS.xlsx,PLAN DE CUENTAS,1430
6111020,MERCADERIAS  - Variación de Inventarios,3,,,,Naturaleza,Ninguno,Sin centro de Costos,PLAN DE CUENTAS CONTASIS.xlsx,PLAN DE CUENTAS,1431
612,MATERIAS PRIMAS - Variación de Inventarios,2,,,,Naturaleza,,,PLAN DE CUENTAS CONTASIS.xlsx,PLAN DE CUENTAS,1432
6121,MATERIAS PRIMAS  - Variación de Inventarios,2,,,,Naturaleza,,,PLAN DE CUENTAS CONTASIS.xlsx,PLAN DE CUENTAS,1433
6121024,MATERIAS PRIMAS  - INVENTARIO.,3,,,,Naturaleza,Ninguno,Sin centro de Costos,PLAN DE CUENTAS CONTASIS.xlsx,PLAN DE CUENTAS,1434
6121090,CONSUMO DE MATERIA PRIMA - INVENTARIOS - PRODUCCIÓN,3,,,,Naturaleza,Ninguno,Sin centro de Costos,PLAN DE CUENTAS CONTASIS.xlsx,PLAN DE CUENTAS,1435
613,"MATERIALES AUXILIARES,SUMINISTROS Y REPUESTOS - Variación de Inventarios",2,,,,Naturaleza,,,PLAN DE CUENTAS CONTASIS.xlsx,PLAN DE CUENTAS,1436
6131,MATERIALES AUXILIARES - Variación de Inventarios,2,,,,Naturaleza,,,PLAN DE CUENTAS CONTASIS.xlsx,PLAN DE CUENTAS,1437
6131025,VARIACIÓN MATERIALES AUXILIARES - INV.,3,,,,Naturaleza,Ninguno,Sin centro de Costos,PLAN DE CUENTAS CONTASIS.xlsx,PLAN DE CUENTAS,1438
6131090,CONSUMO MATERIALES AUXILIARES - PROD,3,,,,Naturaleza,Ninguno,Sin centro de Costos,PLAN DE CUENTAS CONTASIS.xlsx,PLAN DE CUENTAS,1439
6131093,CONSUMO MATERIALES AUXILIARES - CDS.,3,,9311,7911,Naturaleza,Ninguno,Sin centro de Costos,PLAN DE CUENTAS CONTASIS.xlsx,PLAN DE CUENTAS,1440
6131094,CONSUMO MATERIALES AUXILIARES - ADM.,3,,9411,7911,Naturaleza,Ninguno,Sin centro de Costos,PLAN DE CUENTAS CONTASIS.xlsx,PLAN DE CUENTAS,1441
6131095,CONSUMO MATERIALES  AUXILIARES -VTAS.,3,,9511,7911,Naturaleza,Ninguno,Sin centro de Costos,PLAN DE CUENTAS CONTASIS.xlsx,PLAN DE CUENTAS,1442
6132,SUMINISTROS - Variación de Inventarios,2,,,,Naturaleza,,,PLAN DE CUENTAS CONTASIS.xlsx,PLAN DE CUENTAS,1443
6132025,VARIACIÓN DE SUMINISTROS - INV.,3,,,,Naturaleza,Ninguno,Sin centro de Costos,PLAN DE CUENTAS CONTASIS.xlsx,PLAN DE CUENTAS,1444
6132090,CONSUMO DE SUMINISTROS - PROD - DIRECTO.,3,,,,Naturaleza,Ninguno,Sin centro de Costos,PLAN DE CUENTAS CONTASIS.xlsx,PLAN DE CUENTAS,1445
6132091,CONSUMO DE SUMINISTROS - PROD - INDIRECTO.,3,,,,Naturaleza,Ninguno,Sin centro de Costos,PLAN DE CUENTAS CONTASIS.xlsx,PLAN DE CUENTAS,1446
6132093,CONSUMO DE SUMINISTROS - CDS.,3,,9311,7911,Naturaleza,Ninguno,Sin centro de Costos,PLAN DE CUENTAS CONTASIS.xlsx,PLAN DE CUENTAS,1447
6132094,CONSUMO DE SUMINISTROS - ADM.,3,,9411,7911,Naturaleza,Ninguno,Sin centro de Costos,PLAN DE CUENTAS CONTASIS.xlsx,PLAN DE CUENTAS,1448
6132095,CONSUMO DE SUMINISTROS -VTAS.,3,,9511,7911,Naturaleza,Ninguno,Sin centro de Costos,PLAN DE CUENTAS CONTASIS.xlsx,PLAN DE CUENTAS,1449
6133,REPUESTOS - Variación de Inventarios,2,,,,Naturaleza,,,PLAN DE CUENTAS CONTASIS.xlsx,PLAN DE CUENTAS,1450
6133025,VARIACIÓN DE REPUESTOS - INV.,3,,,,Naturaleza,Ninguno,Sin centro de Costos,PLAN DE CUENTAS CONTASIS.xlsx,PLAN DE CUENTAS,1451
6133090,CONSUMO DE REPUESTOS - PROD - DIRECTO.,3,,,,Naturaleza,Ninguno,Sin centro de Costos,PLAN DE CUENTAS CONTASIS.xlsx,PLAN DE CUENTAS,1452
6133091,CONSUMO DE REPUESTOS - PROD - INDIRECTO.,3,,,,Naturaleza,Ninguno,Sin centro de Costos,PLAN DE CUENTAS CONTASIS.xlsx,PLAN DE CUENTAS,1453
6133093,CONSUMO DE REPUESTOS - CDS.,3,,9311,7911,Naturaleza,Ninguno,Sin centro de Costos,PLAN DE CUENTAS CONTASIS.xlsx,PLAN DE CUENTAS,1454
6133094,CONSUMO DE REPUESTOS - ADM.,3,,9411,7911,Naturaleza,Ninguno,Sin centro de Costos,PLAN DE CUENTAS CONTASIS.xlsx,PLAN DE CUENTAS,1455
6133095,CONSUMO DE REPUESTOS - VTAS.,3,,9511,7911,Naturaleza,Ninguno,Sin centro de Costos,PLAN DE CUENTAS CONTASIS.xlsx,PLAN DE CUENTAS,1456
614,ENVASES Y EMBALAJES - Variación de Inventarios,2,,,,Naturaleza,Ninguno,,PLAN DE CUENTAS CONTASIS.xlsx,PLAN DE CUENTAS,1457
6141,ENVASES - Variación de Inventarios,2,,,,Naturaleza,,,PLAN DE CUENTAS CONTASIS.xlsx,PLAN DE CUENTAS,1458
6141026,VARIACIÓN DE ENVASES - INV.,3,,,,Naturaleza,Ninguno,Sin centro de Costos,PLAN DE CUENTAS CONTASIS.xlsx,PLAN DE CUENTAS,1459
6141090,CONSUMO DE ENVASES - PROD.,3,,,,Naturaleza,Ninguno,Sin centro de Costos,PLAN DE CUENTAS CONTASIS.xlsx,PLAN DE CUENTAS,1460
6141093,CONSUMO DE ENVASES - CDS.,3,,9311,7911,Naturaleza,Ninguno,Sin centro de Costos,PLAN DE CUENTAS CONTASIS.xlsx,PLAN DE CUENTAS,1461
6141094,CONSUMO DE ENVASES - ADM.,3,,9411,7911,Naturaleza,Ninguno,Sin centro de Costos,PLAN DE CUENTAS CONTASIS.xlsx,PLAN DE CUENTAS,1462
6141095,CONSUMO DE ENVASES - VTAS.,3,,9511,7911,Naturaleza,Ninguno,Sin centro de Costos,PLAN DE CUENTAS CONTASIS.xlsx,PLAN DE CUENTAS,1463
6142,EMBALAJES - Variación de Inventarios,2,,,,Naturaleza,,,PLAN DE CUENTAS CONTASIS.xlsx,PLAN DE CUENTAS,1464
6142026,VARIACIÓN DE EMBALAJES - INV.,3,,,,Naturaleza,Ninguno,Sin centro de Costos,PLAN DE CUENTAS CONTASIS.xlsx,PLAN DE CUENTAS,1465
6142090,CONSUMO DE EMBALAJES - PROD.,3,,9011,7911,Naturaleza,Ninguno,Sin centro de Costos,PLAN DE CUENTAS CONTASIS.xlsx,PLAN DE CUENTAS,1466
6142093,CONSUMO DE EMBALAJES - CDS.,3,,9311,7911,Naturaleza,Ninguno,Sin centro de Costos,PLAN DE CUENTAS CONTASIS.xlsx,PLAN DE CUENTAS,1467
6142094,CONSUMO DE EMBALAJES - ADM.,3,,9411,7911,Naturaleza,Ninguno,Sin centro de Costos,PLAN DE CUENTAS CONTASIS.xlsx,PLAN DE CUENTAS,1468
6142095,CONSUMO DE EMBALAJES - VTAS.,3,,9511,7911,Naturaleza,Ninguno,Sin centro de Costos,PLAN DE CUENTAS CONTASIS.xlsx,PLAN DE CUENTAS,1469
62,GASTOS DE PERSONAL Y DIRECTORES,1,,,,Naturaleza,Ninguno,,PLAN DE CUENTAS CONTASIS.xlsx,PLAN DE CUENTAS,1470
621,REMUNERACIONES,2,,,,Naturaleza,Ninguno,,PLAN DE CUENTAS CONTASIS.xlsx,PLAN DE CUENTAS,1471
6211,SUELDOS Y SALARIOS - Remuneraciones  - Gastos de Personal y Directores,2,,,,Naturaleza,,,PLAN DE CUENTAS CONTASIS.xlsx,PLAN DE CUENTAS,1472
6211090,SUELDOS Y SALARIOS - PROD - DIRECTO - Remuneraciones  - Gastos de Personal y Directores,3,,,,Naturaleza,Ninguno,Sin centro de Costos,PLAN DE CUENTAS CONTASIS.xlsx,PLAN DE CUENTAS,1473
6211091,SUELDOS Y SALARIOS - PROD - INDIRECTO - Remuneraciones  - Gastos de Personal y Directores,3,,,,Naturaleza,Ninguno,Sin centro de Costos,PLAN DE CUENTAS CONTASIS.xlsx,PLAN DE CUENTAS,1474
6211093,SUELDOS Y SALARIOS - CDS - Remuneraciones  - Gastos de Personal y Directores,3,,9311,7911,Naturaleza,Ninguno,Sin centro de Costos,PLAN DE CUENTAS CONTASIS.xlsx,PLAN DE CUENTAS,1475
6211094,SUELDOS Y SALARIOS - ADM - Remuneraciones  - Gastos de Personal y Directores,3,,9411,7911,Naturaleza,Ninguno,Sin centro de Costos,PLAN DE CUENTAS CONTASIS.xlsx,PLAN DE CUENTAS,1476
6211095,SUELDOS Y SALARIOS - VTAS - Remuneraciones  - Gastos de Personal y Directores,3,,9511,7911,Naturaleza,Ninguno,Sin centro de Costos,PLAN DE CUENTAS CONTASIS.xlsx,PLAN DE CUENTAS,1477
6212,COMISIONES - Remuneraciones  - Gastos de Personal y Directores,2,,,,Naturaleza,,,PLAN DE CUENTAS CONTASIS.xlsx,PLAN DE CUENTAS,1478
6212090,COMISIONES - PROD - Remuneraciones  - Gastos de Personal y Directores,3,,9011,7911,Naturaleza,Ninguno,Sin centro de Costos,PLAN DE CUENTAS CONTASIS.xlsx,PLAN DE CUENTAS,1479
6212093,COMISIONES - CDS - Remuneraciones  - Gastos de Personal y Directores,3,,9311,7911,Naturaleza,Ninguno,Sin centro de Costos,PLAN DE CUENTAS CONTASIS.xlsx,PLAN DE CUENTAS,1480
6212094,COMISIONES - ADM - Remuneraciones  - Gastos de Personal y Directores,3,,9411,7911,Naturaleza,Ninguno,Sin centro de Costos,PLAN DE CUENTAS CONTASIS.xlsx,PLAN DE CUENTAS,1481
6212095,COMISIONES - VTAS - Remuneraciones  - Gastos de Personal y Directores,3,,9511,7911,Naturaleza,Ninguno,Sin centro de Costos,PLAN DE CUENTAS CONTASIS.xlsx,PLAN DE CUENTAS,1482
6213,REMUNERACIONES EN ESPECIE - Remuneraciones  - Gastos de Personal y Directores,2,,,,Naturaleza,,,PLAN DE CUENTAS CONTASIS.xlsx,PLAN DE CUENTAS,1483
6213090,REMUNERACIONES EN ESPECIE - PROD - Remuneraciones  - Gastos de Personal y Directores,3,,9011,7911,Naturaleza,Ninguno,Sin centro de Costos,PLAN DE CUENTAS CONTASIS.xlsx,PLAN DE CUENTAS,1484
6213093,REMUNERACIONES EN ESPECIE - CDS - Remuneraciones  - Gastos de Personal y Directores,3,,9311,7911,Naturaleza,Ninguno,Sin centro de Costos,PLAN DE CUENTAS CONTASIS.xlsx,PLAN DE CUENTAS,1485
6213094,REMUNERACIONES EN ESPECIE - ADM - Remuneraciones  - Gastos de Personal y Directores,3,,9411,7911,Naturaleza,Ninguno,Sin centro de Costos,PLAN DE CUENTAS CONTASIS.xlsx,PLAN DE CUENTAS,1486
6213095,REMUNERACIONES EN ESPECIE  - VTAS - Remuneraciones  - Gastos de Personal y Directores,3,,9511,7911,Naturaleza,Ninguno,Sin centro de Costos,PLAN DE CUENTAS CONTASIS.xlsx,PLAN DE CUENTAS,1487
6214,GRATIFICACIONES - Remuneraciones  - Gastos de Personal y Directores,2,,,,Naturaleza,,,PLAN DE CUENTAS CONTASIS.xlsx,PLAN DE CUENTAS,1488
6214090,GRATIFICACIONES - PROD  - Remuneraciones  - Gastos de Personal y Directores,3,,,,Naturaleza,Ninguno,Sin centro de Costos,PLAN DE CUENTAS CONTASIS.xlsx,PLAN DE CUENTAS,1489
6214091,GRATIFICACIONES - PROD INDIRECTAS  - Remuneraciones  - Gastos de Personal y Directores,3,,,,Naturaleza,Ninguno,Sin centro de Costos,PLAN DE CUENTAS CONTASIS.xlsx,PLAN DE CUENTAS,1490
6214093,GRATIFICACIONES - CDS - Remuneraciones  - Gastos de Personal y Directores,3,,9311,7911,Naturaleza,Ninguno,Sin centro de Costos,PLAN DE CUENTAS CONTASIS.xlsx,PLAN DE CUENTAS,1491
6214094,GRATIFICACIONES - ADM - Remuneraciones  - Gastos de Personal y Directores,3,,9411,7911,Naturaleza,Ninguno,Sin centro de Costos,PLAN DE CUENTAS CONTASIS.xlsx,PLAN DE CUENTAS,1492
6214095,GRATIFICACIONES - VTAS - Remuneraciones  - Gastos de Personal y Directores,3,,9511,7911,Naturaleza,Ninguno,Sin centro de Costos,PLAN DE CUENTAS CONTASIS.xlsx,PLAN DE CUENTAS,1493
6215,VACACIONES - Remuneraciones  - Gastos de Personal y Directores,2,,,,Naturaleza,,,PLAN DE CUENTAS CONTASIS.xlsx,PLAN DE CUENTAS,1494
6215090,VACACIONES  - PROD - Remuneraciones  - Gastos de Personal y Directores,3,,,,Naturaleza,Ninguno,Sin centro de Costos,PLAN DE CUENTAS CONTASIS.xlsx,PLAN DE CUENTAS,1495
6215091,VACACIONES  - PROD INDIRECTOS - Remuneraciones  - Gastos de Personal y Directores,3,,,,Naturaleza,Ninguno,Sin centro de Costos,PLAN DE CUENTAS CONTASIS.xlsx,PLAN DE CUENTAS,1496
6215093,VACACIONES  - CDS - Remuneraciones  - Gastos de Personal y Directores,3,,9311,7911,Naturaleza,Ninguno,Sin centro de Costos,PLAN DE CUENTAS CONTASIS.xlsx,PLAN DE CUENTAS,1497
6215094,VACACIONES  - ADM - Remuneraciones  - Gastos de Personal y Directores,3,,9411,7911,Naturaleza,Ninguno,Sin centro de Costos,PLAN DE CUENTAS CONTASIS.xlsx,PLAN DE CUENTAS,1498
6215095,VACACIONES  - VTAS - Remuneraciones  - Gastos de Personal y Directores,3,,9511,7911,Naturaleza,Ninguno,Sin centro de Costos,PLAN DE CUENTAS CONTASIS.xlsx,PLAN DE CUENTAS,1499
622,OTRAS REMUNERACIONES - Gastos de Personal y Directores,2,,,,Naturaleza,Ninguno,,PLAN DE CUENTAS CONTASIS.xlsx,PLAN DE CUENTAS,1500
6220090,OTRAS REMUNERACIONES - PROD - Gastos de Personal y Directores,3,,,,Naturaleza,Ninguno,Sin centro de Costos,PLAN DE CUENTAS CONTASIS.xlsx,PLAN DE CUENTAS,1501
6220091,OTRAS REMUNERACIONES INDIRECTAS - Gastos de Personal y Directores,3,,,,Naturaleza,Ninguno,Sin centro de Costos,PLAN DE CUENTAS CONTASIS.xlsx,PLAN DE CUENTAS,1502
6220093,OTRAS REMUNERACIONES - CDS - Gastos de Personal y Directores,3,,9311,7911,Naturaleza,Ninguno,Sin centro de Costos,PLAN DE CUENTAS CONTASIS.xlsx,PLAN DE CUENTAS,1503
6220094,OTRAS REMUNERACIONES - ADM - Gastos de Personal y Directores,3,,9411,7911,Naturaleza,Ninguno,Sin centro de Costos,PLAN DE CUENTAS CONTASIS.xlsx,PLAN DE CUENTAS,1504
6220095,OTRAS REMUNERACIONES - VTAS - Gastos de Personal y Directores,3,,9511,7911,Naturaleza,Ninguno,Sin centro de Costos,PLAN DE CUENTAS CONTASIS.xlsx,PLAN DE CUENTAS,1505
623,INDEMNIZACIONES AL PERSONAL - Gastos de Personal y Directores,2,,,,Naturaleza,,,PLAN DE CUENTAS CONTASIS.xlsx,PLAN DE CUENTAS,1506
6230090,INDEMNIZACIONES AL PERSONAL - PROD - Gastos de Personal y Directores,3,,9011,7911,Naturaleza,Ninguno,Sin centro de Costos,PLAN DE CUENTAS CONTASIS.xlsx,PLAN DE CUENTAS,1507
6230093,INDEMNIZACIONES AL PERSONAL - CDS - Gastos de Personal y Directores,3,,9311,7911,Naturaleza,Ninguno,Sin centro de Costos,PLAN DE CUENTAS CONTASIS.xlsx,PLAN DE CUENTAS,1508
6230094,INDEMNIZACIONES AL PERSONAL - ADM - Gastos de Personal y Directores,3,,9411,7911,Naturaleza,Ninguno,Sin centro de Costos,PLAN DE CUENTAS CONTASIS.xlsx,PLAN DE CUENTAS,1509
6230095,INDEMNIZACIONES AL PERSONAL - VTAS - Gastos de Personal y Directores,3,,9511,7911,Naturaleza,Ninguno,Sin centro de Costos,PLAN DE CUENTAS CONTASIS.xlsx,PLAN DE CUENTAS,1510
624,CAPACITACION - Gastos de Personal y Directores,2,,,,Naturaleza,Ninguno,,PLAN DE CUENTAS CONTASIS.xlsx,PLAN DE CUENTAS,1511
6240090,CAPACITACION  - PROD - Gastos de Personal y Directores,3,,9011,7911,Naturaleza,Ninguno,Sin centro de Costos,PLAN DE CUENTAS CONTASIS.xlsx,PLAN DE CUENTAS,1512
6240093,CAPACITACION  - CDS - Gastos de Personal y Directores,3,,9311,7911,Naturaleza,Ninguno,Sin centro de Costos,PLAN DE CUENTAS CONTASIS.xlsx,PLAN DE CUENTAS,1513
6240094,CAPACITACION  - ADM - Gastos de Personal y Directores,3,,9411,7911,Naturaleza,Ninguno,Sin centro de Costos,PLAN DE CUENTAS CONTASIS.xlsx,PLAN DE CUENTAS,1514
6240095,CAPACITACION  - VTAS - Gastos de Personal y Directores,3,,9511,7911,Naturaleza,Ninguno,Sin centro de Costos,PLAN DE CUENTAS CONTASIS.xlsx,PLAN DE CUENTAS,1515
625,ATENCION AL PERSONAL - Gastos de Personal y Directores,2,,,,Naturaleza,Ninguno,,PLAN DE CUENTAS CONTASIS.xlsx,PLAN DE CUENTAS,1516
6250090,ATENCION AL PERSONAL  - PROD - Gastos de Personal y Directores,3,,9011,7911,Naturaleza,Ninguno,Sin centro de Costos,PLAN DE CUENTAS CONTASIS.xlsx,PLAN DE CUENTAS,1517
6250093,ATENCION AL PERSONAL   - CDS - Gastos de Personal y Directores,3,,9311,7911,Naturaleza,Ninguno,Sin centro de Costos,PLAN DE CUENTAS CONTASIS.xlsx,PLAN DE CUENTAS,1518
6250094,ATENCION AL PERSONAL   - ADM - Gastos de Personal y Directores,3,,9411,7911,Naturaleza,Ninguno,Sin centro de Costos,PLAN DE CUENTAS CONTASIS.xlsx,PLAN DE CUENTAS,1519
6250095,ATENCION AL PERSONAL   - VTAS - Gastos de Personal y Directores,3,,9511,7911,Naturaleza,Ninguno,Sin centro de Costos,PLAN DE CUENTAS CONTASIS.xlsx,PLAN DE CUENTAS,1520
627,"SEGURIDAD, PREVISIÓN SOCIAL Y OTRAS  CONTRIBUCIONES - Gastos de Personal y Directores",2,,,,Naturaleza,Ninguno,,PLAN DE CUENTAS CONTASIS.xlsx,PLAN DE CUENTAS,1521
6271,REGIMEN DE PRESTACIONES DE SALUD  - Seguridad y Previsión Social,2,,,,Naturaleza,Ninguno,,PLAN DE CUENTAS CONTASIS.xlsx,PLAN DE CUENTAS,1522
6271090,REGIMEN DE PRESTACIONES DE SALUD  - PROD - DIRECTO - Seguridad y Previsión Social,3,,,,Naturaleza,Ninguno,Sin centro de Costos,PLAN DE CUENTAS CONTASIS.xlsx,PLAN DE CUENTAS,1523
6271091,REGIMEN DE PRESTACIONES DE SALUD  - PROD - INDIRECTO - Seguridad y Previsión Social,3,,,,Naturaleza,Ninguno,Sin centro de Costos,PLAN DE CUENTAS CONTASIS.xlsx,PLAN DE CUENTAS,1524
6271093,REGIMEN DE PRESTACIONES DE SALUD  - CDS - Seguridad y Previsión Social,3,,9311,7911,Naturaleza,Ninguno,Sin centro de Costos,PLAN DE CUENTAS CONTASIS.xlsx,PLAN DE CUENTAS,1525
6271094,REGIMEN DE PRESTACIONES DE SALUD  - ADM - Seguridad y Previsión Social,3,,9411,7911,Naturaleza,Ninguno,Sin centro de Costos,PLAN DE CUENTAS CONTASIS.xlsx,PLAN DE CUENTAS,1526
6271095,REGIMEN DE PRESTACIONES DE SALUD  - VTAS - Seguridad y Previsión Social,3,,9511,7911,Naturaleza,Ninguno,Sin centro de Costos,PLAN DE CUENTAS CONTASIS.xlsx,PLAN DE CUENTAS,1527
6272,REGIMEN DE PENSIONES  - APORTE DE EMPRESA - Seguridad y Previsión Social,2,,,,Naturaleza,Ninguno,,PLAN DE CUENTAS CONTASIS.xlsx,PLAN DE CUENTAS,1528
6272090,REGIMEN DE PENSIONES - PROD - APORTE DE EMPRESA - Seguridad y Previsión Social,3,,9011,7911,Naturaleza,Ninguno,Sin centro de Costos,PLAN DE CUENTAS CONTASIS.xlsx,PLAN DE CUENTAS,1529
6272093,REGIMEN DE PENSIONES - CDS  - APORTE DE EMPRESA -  Seguridad y Previsión Social,3,,9311,7911,Naturaleza,Ninguno,Sin centro de Costos,PLAN DE CUENTAS CONTASIS.xlsx,PLAN DE CUENTAS,1530
6272094,REGIMEN DE PENSIONES - ADM - APORTE DE EMPRESA - Seguridad y Previsión Social,3,,9411,7911,Naturaleza,Ninguno,Sin centro de Costos,PLAN DE CUENTAS CONTASIS.xlsx,PLAN DE CUENTAS,1531
6272095,REGIMEN DE PENSIONES- VTAS -  APORTE DE EMPRESA - Seguridad y Previsión Social,3,,9511,7911,Naturaleza,Ninguno,Sin centro de Costos,PLAN DE CUENTAS CONTASIS.xlsx,PLAN DE CUENTAS,1532
6273,"SCTR, ACCIDENTES DE TRABAJO Y ENFERMEDADES PROFESIONALES   - Seguridad y Previsión Social",2,,,,Naturaleza,Ninguno,,PLAN DE CUENTAS CONTASIS.xlsx,PLAN DE CUENTAS,1533
6273090,"SCTR, ACCIDENTES DE TRABAJO Y ENFERMEDADES PROFESIONALES - PROD - Seguridad y Previsión Social",3,,,,Naturaleza,Ninguno,Sin centro de Costos,PLAN DE CUENTAS CONTASIS.xlsx,PLAN DE CUENTAS,1534
6273093,"SCTR, ACCIDENTES DE TRABAJO Y ENFERMEDADES PROFESIONALES - CDS - Seguridad y Previsión Social",3,,9311,7911,Naturaleza,Ninguno,Sin centro de Costos,PLAN DE CUENTAS CONTASIS.xlsx,PLAN DE CUENTAS,1535
6273094,"SCTR, ACCIDENTES DE TRABAJO Y ENFERMEDADES PROFESIONALES - ADM - Seguridad y Previsión Social",3,,9411,7911,Naturaleza,Ninguno,Sin centro de Costos,PLAN DE CUENTAS CONTASIS.xlsx,PLAN DE CUENTAS,1536
6273095,"SCTR, ACCIDENTES DE TRABAJO Y ENFERMEDADES PROFESIONALES - VTAS - Seguridad y Previsión Social",3,,9511,7911,Naturaleza,Ninguno,Sin centro de Costos,PLAN DE CUENTAS CONTASIS.xlsx,PLAN DE CUENTAS,1537
6274,SEGURO DE VIDA  - Seguridad y Previsión Social,2,,,,Naturaleza,Ninguno,,PLAN DE CUENTAS CONTASIS.xlsx,PLAN DE CUENTAS,1538
6274090,SEGURO DE VIDA - PROD - Seguridad y Previsión Social,3,,9011,7911,Naturaleza,Ninguno,Sin centro de Costos,PLAN DE CUENTAS CONTASIS.xlsx,PLAN DE CUENTAS,1539
6274093,SEGURO DE VIDA - CDS - Seguridad y Previsión Social,3,,9311,7911,Naturaleza,Ninguno,Sin centro de Costos,PLAN DE CUENTAS CONTASIS.xlsx,PLAN DE CUENTAS,1540
6274094,SEGURO DE VIDA - ADM - Seguridad y Previsión Social,3,,9411,7911,Naturaleza,Ninguno,Sin centro de Costos,PLAN DE CUENTAS CONTASIS.xlsx,PLAN DE CUENTAS,1541
6274095,SEGURO DE VIDA - VTAS - Seguridad y Previsión Social,3,,9511,7911,Naturaleza,Ninguno,Sin centro de Costos,PLAN DE CUENTAS CONTASIS.xlsx,PLAN DE CUENTAS,1542
6275,SEGUROS PARTICULARES DE PRESTACIÓN DE SALUD - EPS Y OTROS PARTICULARES - Seguridad y Previsión Socia,2,,,,Naturaleza,Ninguno,,PLAN DE CUENTAS CONTASIS.xlsx,PLAN DE CUENTAS,1543
6275090,SEGUROS PARTICULARES DE PRESTACIÓN DE SALUD - EPS Y OTROS PART - PROD - Seguridad y Previsión social,3,,9011,7911,Naturaleza,Ninguno,Sin centro de Costos,PLAN DE CUENTAS CONTASIS.xlsx,PLAN DE CUENTAS,1544
6275093,SEGUROS PARTICULARES DE PRESTACIÓN DE SALUD - EPS Y OTROS PART  - CDS - Seguridad y Previsión Social,3,,9311,7911,Naturaleza,Ninguno,Sin centro de Costos,PLAN DE CUENTAS CONTASIS.xlsx,PLAN DE CUENTAS,1545
6275094,SEGUROS PARTICULARES DE PRESTACIÓN DE SALUD - EPS Y OTROS PART  - ADM - Seguridad y Previsión Social,3,,9411,7911,Naturaleza,Ninguno,Sin centro de Costos,PLAN DE CUENTAS CONTASIS.xlsx,PLAN DE CUENTAS,1546
6275095,SEGUROS PARTICULARES DE PRESTACIÓN DE SALUD - EPS Y OTROS PART - VTAS - Seguridad y Previsión Social,3,,9511,7911,Naturaleza,Ninguno,Sin centro de Costos,PLAN DE CUENTAS CONTASIS.xlsx,PLAN DE CUENTAS,1547
6276,CAJA DE BENEFICIOS DE SEGURIDAD SOCIAL DEL PESCADOR - Seguridad y Previsión Social,2,,,,Naturaleza,,,PLAN DE CUENTAS CONTASIS.xlsx,PLAN DE CUENTAS,1548
6276090,CAJA DE BENEFICIOS DE SEGURIDAD SOCIAL DEL PESCADOR - PROD - Seguridad y Previsión Social,3,,9011,7911,Naturaleza,Ninguno,Sin centro de Costos,PLAN DE CUENTAS CONTASIS.xlsx,PLAN DE CUENTAS,1549
6276093,CAJA DE BENEFICIOS DE SEGURIDAD SOCIAL DEL PESCADOR  - CDS - Seguridad y Previsión Social,3,,9311,7911,Naturaleza,Ninguno,Sin centro de Costos,PLAN DE CUENTAS CONTASIS.xlsx,PLAN DE CUENTAS,1550
6276094,CAJA DE BENEFICIOS DE SEGURIDAD SOCIAL DEL PESCADOR  - ADM - Seguridad y Previsión Social,3,,9411,7911,Naturaleza,Ninguno,Sin centro de Costos,PLAN DE CUENTAS CONTASIS.xlsx,PLAN DE CUENTAS,1551
6276095,CAJA DE BENEFICIOS DE SEGURIDAD SOCIAL DEL PESCADOR  - VTAS - Seguridad y Previsión Social,3,,9511,7911,Naturaleza,Ninguno,Sin centro de Costos,PLAN DE CUENTAS CONTASIS.xlsx,PLAN DE CUENTAS,1552
6277,CONTRIBUCION AL SENATI - Seguridad y Previsión Social,2,,,,Naturaleza,,,PLAN DE CUENTAS CONTASIS.xlsx,PLAN DE CUENTAS,1553
6277090,CONTRIBUCION AL SENATI - PROD - Seguridad y Previsión Social,3,,9011,7911,Naturaleza,Ninguno,Sin centro de Costos,PLAN DE CUENTAS CONTASIS.xlsx,PLAN DE CUENTAS,1554
6277093,CONTRIBUCION  SENATI - CDS - Seguridad y Previsión Social,3,,9311,7911,Naturaleza,Ninguno,Sin centro de Costos,PLAN DE CUENTAS CONTASIS.xlsx,PLAN DE CUENTAS,1555
6277094,CONTRIBUCION AL SENATI - ADM - Seguridad y Previsión Social,3,,9411,7911,Naturaleza,Ninguno,Sin centro de Costos,PLAN DE CUENTAS CONTASIS.xlsx,PLAN DE CUENTAS,1556
6277095,CONTRIBUCION AL SENATI - VTAS - Seguridad y Previsión Social,3,,9511,7911,Naturaleza,Ninguno,Sin centro de Costos,PLAN DE CUENTAS CONTASIS.xlsx,PLAN DE CUENTAS,1557
628,"RETRIBUCIONES AL DIRECTORIO  - Cargas de Personal, Directores",2,,,,Naturaleza,Ninguno,,PLAN DE CUENTAS CONTASIS.xlsx,PLAN DE CUENTAS,1558
6281,"RETRIBUCIONES AL DIRECTORIO  - Cargas de Personal, Directores",2,,,,Naturaleza,,,PLAN DE CUENTAS CONTASIS.xlsx,PLAN DE CUENTAS,1559
6283094,"RETRIBUCIONES AL DIRECTORIO - ADM  - Cargas de Personal, Directores",3,,9411,7911,Naturaleza,Ninguno,Sin centro de Costos,PLAN DE CUENTAS CONTASIS.xlsx,PLAN DE CUENTAS,1560
629,BENEFICIOS SOCIALES DE LOS TRABAJADORES,2,,,,Naturaleza,Ninguno,,PLAN DE CUENTAS CONTASIS.xlsx,PLAN DE CUENTAS,1561
6291,COMPENSACIÓN POR TIEMPO DE SERVICIOS - Beneficios Social de los Trabajadores,2,,,,Naturaleza,,,PLAN DE CUENTAS CONTASIS.xlsx,PLAN DE CUENTAS,1562
6291090,CTS  - PROD - DIRECTO - Beneficios Social de los Trabajadores,3,,,,Naturaleza,Ninguno,Sin centro de Costos,PLAN DE CUENTAS CONTASIS.xlsx,PLAN DE CUENTAS,1563
6291091,CTS  - PROD - INDIRECTO - Beneficios Social de los Trabajadores,3,,,,Naturaleza,Ninguno,Sin centro de Costos,PLAN DE CUENTAS CONTASIS.xlsx,PLAN DE CUENTAS,1564
6291093,CTS  - CDS - Beneficios Social de los Trabajadores,3,,9311,7911,Naturaleza,Ninguno,Sin centro de Costos,PLAN DE CUENTAS CONTASIS.xlsx,PLAN DE CUENTAS,1565
6291094,CTS  - ADM - Beneficios Social de los Trabajadores,3,,9411,7911,Naturaleza,Ninguno,Sin centro de Costos,PLAN DE CUENTAS CONTASIS.xlsx,PLAN DE CUENTAS,1566
6291095,CTS  - VTAS - Beneficios Social de los Trabajadores,3,,9511,7911,Naturaleza,Ninguno,Sin centro de Costos,PLAN DE CUENTAS CONTASIS.xlsx,PLAN DE CUENTAS,1567
6292,PENSIONES Y JUBILACIONES - Beneficios Social de los Trabajadores,2,,,,Naturaleza,,,PLAN DE CUENTAS CONTASIS.xlsx,PLAN DE CUENTAS,1568
6292090,PENSIONES Y JUBILACIONES   - PROD - Beneficios Social de los Trabajadores,3,,9011,7911,Naturaleza,Ninguno,Sin centro de Costos,PLAN DE CUENTAS CONTASIS.xlsx,PLAN DE CUENTAS,1569
6292093,PENSIONES Y JUBILACIONES   - CDS - Beneficios Social de los Trabajadores,3,,9311,7911,Naturaleza,Ninguno,Sin centro de Costos,PLAN DE CUENTAS CONTASIS.xlsx,PLAN DE CUENTAS,1570
6292094,PENSIONES Y JUBILACIONES   - ADM - Beneficios Social de los Trabajadores,3,,9411,7911,Naturaleza,Ninguno,Sin centro de Costos,PLAN DE CUENTAS CONTASIS.xlsx,PLAN DE CUENTAS,1571
6292095,PENSIONES Y JUBILACIONES   - VTAS - Beneficios Social de los Trabajadores,3,,9511,7911,Naturaleza,Ninguno,Sin centro de Costos,PLAN DE CUENTAS CONTASIS.xlsx,PLAN DE CUENTAS,1572
6293,OTROS BENEFICIOS POST-EMPLEO - Beneficios Social de los Trabajadores,2,,,,Naturaleza,,,PLAN DE CUENTAS CONTASIS.xlsx,PLAN DE CUENTAS,1573
6293090,OTROS BENEFICIOS POST-EMPLEO - PROD - Beneficios Social de los Trabajadores,3,,9011,7911,Naturaleza,Ninguno,Sin centro de Costos,PLAN DE CUENTAS CONTASIS.xlsx,PLAN DE CUENTAS,1574
6293093,OTROS BENEFICIOS POST-EMPLEO - CDS - Beneficios Social de los Trabajadores,3,,9311,7911,Naturaleza,Ninguno,Sin centro de Costos,PLAN DE CUENTAS CONTASIS.xlsx,PLAN DE CUENTAS,1575
6293094,OTROS BENEFICIOS POST-EMPLEO - ADM - Beneficios Social de los Trabajadores,3,,9411,7911,Naturaleza,Ninguno,Sin centro de Costos,PLAN DE CUENTAS CONTASIS.xlsx,PLAN DE CUENTAS,1576
6293095,OTROS BENEFICIOS POST-EMPLEO - VTAS - Beneficios Social de los Trabajadores,3,,9511,7911,Naturaleza,Ninguno,Sin centro de Costos,PLAN DE CUENTAS CONTASIS.xlsx,PLAN DE CUENTAS,1577
6294,PARTICIPACIÓN EN LAS UTILIDADES - Beneficios Social de los Trabajadores,2,,,,Naturaleza,,,PLAN DE CUENTAS CONTASIS.xlsx,PLAN DE CUENTAS,1578
62941,PARTICIPACIÓN CORRIENTE - Beneficios Social de los Trabajadores,2,,,,Naturaleza,,,PLAN DE CUENTAS CONTASIS.xlsx,PLAN DE CUENTAS,1579
62941090,PARTICIPACIÓN CORRIENTE - PROD - Beneficios Social de los Trabajadores,3,,9011,7911,Naturaleza,Ninguno,Sin centro de Costos,PLAN DE CUENTAS CONTASIS.xlsx,PLAN DE CUENTAS,1580
62941093,PARTICIPACIÓN CORRIENTE - CDS - Beneficios Social de los Trabajadores,3,,9311,7911,Naturaleza,Ninguno,Sin centro de Costos,PLAN DE CUENTAS CONTASIS.xlsx,PLAN DE CUENTAS,1581
62941094,PARTICIPACIÓN CORRIENTE - ADM - Beneficios Social de los Trabajadores,3,,9411,7911,Naturaleza,Ninguno,Sin centro de Costos,PLAN DE CUENTAS CONTASIS.xlsx,PLAN DE CUENTAS,1582
62941095,PARTICIPACIÓN CORRIENTE - VTAS - Beneficios Social de los Trabajadores,3,,9511,7911,Naturaleza,Ninguno,Sin centro de Costos,PLAN DE CUENTAS CONTASIS.xlsx,PLAN DE CUENTAS,1583
62942,PARTICIPACIÓN DIFERIDA - Beneficios Social de los Trabajadores,2,,,,Naturaleza,,,PLAN DE CUENTAS CONTASIS.xlsx,PLAN DE CUENTAS,1584
62942090,PARTICIPACIÓN DIFERIDA - PROD - Beneficios Social de los Trabajadores,3,,9011,7911,Naturaleza,Ninguno,Sin centro de Costos,PLAN DE CUENTAS CONTASIS.xlsx,PLAN DE CUENTAS,1585
62942093,PARTICIPACIÓN DIFERIDA - CDS - Beneficios Social de los Trabajadores,3,,9311,7911,Naturaleza,Ninguno,Sin centro de Costos,PLAN DE CUENTAS CONTASIS.xlsx,PLAN DE CUENTAS,1586
62942094,PARTICIPACIÓN DIFERIDA - ADM - Beneficios Social de los Trabajadores,3,,9411,7911,Naturaleza,Ninguno,Sin centro de Costos,PLAN DE CUENTAS CONTASIS.xlsx,PLAN DE CUENTAS,1587
62942095,PARTICIPACIÓN DIFERIDA - VTAS - Beneficios Social de los Trabajadores,3,,9511,7911,Naturaleza,Ninguno,Sin centro de Costos,PLAN DE CUENTAS CONTASIS.xlsx,PLAN DE CUENTAS,1588
63,GASTOS DE SERVICIOS PRESTADOS POR TERCEROS,1,,,,Naturaleza,Ninguno,,PLAN DE CUENTAS CONTASIS.xlsx,PLAN DE CUENTAS,1589
631,"TRANSPORTE, CORREOS Y GASTOS DE VIAJE",2,,,,Naturaleza,Ninguno,,PLAN DE CUENTAS CONTASIS.xlsx,PLAN DE CUENTAS,1590
6311,TRANSPORTE,2,,,,Naturaleza,,,PLAN DE CUENTAS CONTASIS.xlsx,PLAN DE CUENTAS,1591
63111,DE CARGA - Gastos de Servicios Prestados por Terceros,2,,,,Naturaleza,,,PLAN DE CUENTAS CONTASIS.xlsx,PLAN DE CUENTAS,1592
6311190,TRANSPORTE DE CARGA - PROD - Gastos de Servicios Prestados por Terceros,3,,9011,7911,Naturaleza,Ninguno,Sin centro de Costos,PLAN DE CUENTAS CONTASIS.xlsx,PLAN DE CUENTAS,1593
6311193,TRANSPORTE DE CARGA - CDS - Gastos de Servicios Prestados por Terceros,3,,9311,7911,Naturaleza,Ninguno,Sin centro de Costos,PLAN DE CUENTAS CONTASIS.xlsx,PLAN DE CUENTAS,1594
6311194,TRANSPORTE DE CARGA - ADM - Gastos de Servicios Prestados por Terceros,3,,9411,7911,Naturaleza,Ninguno,Sin centro de Costos,PLAN DE CUENTAS CONTASIS.xlsx,PLAN DE CUENTAS,1595
6311195,TRANSPORTE DE CARGA - VTAS - Gastos de Servicios Prestados por Terceros,3,,9511,7911,Naturaleza,Ninguno,Sin centro de Costos,PLAN DE CUENTAS CONTASIS.xlsx,PLAN DE CUENTAS,1596
63112,DE PASAJEROS - Gastos de Servicios Prestados por Terceros,2,,,,Naturaleza,,,PLAN DE CUENTAS CONTASIS.xlsx,PLAN DE CUENTAS,1597
6311290,TRANSPORTE DE PASAJEROS - PROD - Gastos de Servicios Prestados por Terceros,3,,9011,7911,Naturaleza,Ninguno,Sin centro de Costos,PLAN DE CUENTAS CONTASIS.xlsx,PLAN DE CUENTAS,1598
6311293,TRANSPORTE DE PASAJEROS - CDS - Gastos de Servicios Prestados por Terceros,3,,9311,7911,Naturaleza,Ninguno,Sin centro de Costos,PLAN DE CUENTAS CONTASIS.xlsx,PLAN DE CUENTAS,1599
6311294,TRANSPORTE DE PASAJEROS - ADM - Gastos de Servicios Prestados por Terceros,3,,9411,7911,Naturaleza,Ninguno,Sin centro de Costos,PLAN DE CUENTAS CONTASIS.xlsx,PLAN DE CUENTAS,1600
6311295,TRANSPORTE DE PASAJEROS - VTAS - Gastos de Servicios Prestados por Terceros,3,,9511,7911,Naturaleza,Ninguno,Sin centro de Costos,PLAN DE CUENTAS CONTASIS.xlsx,PLAN DE CUENTAS,1601
6312,CORREOS - Gastos de Servicios Prestados por Terceros,2,,,,Naturaleza,,,PLAN DE CUENTAS CONTASIS.xlsx,PLAN DE CUENTAS,1602
6312090,CORREOS - PROD - Gastos de Servicios Prestados por Terceros,3,,9011,7911,Naturaleza,Ninguno,Sin centro de Costos,PLAN DE CUENTAS CONTASIS.xlsx,PLAN DE CUENTAS,1603
6312093,CORREOS - CDS - Gastos de Servicios Prestados por Terceros,3,,9311,7911,Naturaleza,Ninguno,Sin centro de Costos,PLAN DE CUENTAS CONTASIS.xlsx,PLAN DE CUENTAS,1604
6312094,CORREOS - ADM - Gastos de Servicios Prestados por Terceros,3,,9411,7911,Naturaleza,Ninguno,Sin centro de Costos,PLAN DE CUENTAS CONTASIS.xlsx,PLAN DE CUENTAS,1605
6312095,CORREOS - VTAS - Gastos de Servicios Prestados por Terceros,3,,9511,7911,Naturaleza,Ninguno,Sin centro de Costos,PLAN DE CUENTAS CONTASIS.xlsx,PLAN DE CUENTAS,1606
6313,ALOJAMIENTO - Gastos de Servicios Prestados por Terceros,2,,,,Naturaleza,,,PLAN DE CUENTAS CONTASIS.xlsx,PLAN DE CUENTAS,1607
6313090,ALOJAMIENTO  - PROD - Gastos de Servicios Prestados por Terceros,3,,9011,7911,Naturaleza,Ninguno,Sin centro de Costos,PLAN DE CUENTAS CONTASIS.xlsx,PLAN DE CUENTAS,1608
6313093,ALOJAMIENTO  - CDS - Gastos de Servicios Prestados por Terceros,3,,9311,7911,Naturaleza,Ninguno,Sin centro de Costos,PLAN DE CUENTAS CONTASIS.xlsx,PLAN DE CUENTAS,1609
6313094,ALOJAMIENTO  - ADM - Gastos de Servicios Prestados por Terceros,3,,9411,7911,Naturaleza,Ninguno,Sin centro de Costos,PLAN DE CUENTAS CONTASIS.xlsx,PLAN DE CUENTAS,1610
6313095,ALOJAMIENTO  - VTAS - Gastos de Servicios Prestados por Terceros,3,,9511,7911,Naturaleza,Ninguno,Sin centro de Costos,PLAN DE CUENTAS CONTASIS.xlsx,PLAN DE CUENTAS,1611
6314,ALIMENTACION - Gastos de Servicios Prestados por Terceros,2,,,,Naturaleza,,,PLAN DE CUENTAS CONTASIS.xlsx,PLAN DE CUENTAS,1612
6314090,ALIMENTACION  - PROD - Gastos de Servicios Prestados por Terceros,3,,9011,7911,Naturaleza,Ninguno,Sin centro de Costos,PLAN DE CUENTAS CONTASIS.xlsx,PLAN DE CUENTAS,1613
6314093,ALIMENTACION  - CDS - Gastos de Servicios Prestados por Terceros,3,,9311,7911,Naturaleza,Ninguno,Sin centro de Costos,PLAN DE CUENTAS CONTASIS.xlsx,PLAN DE CUENTAS,1614
6314094,ALIMENTACION  - ADM - Gastos de Servicios Prestados por Terceros,3,,9411,7911,Naturaleza,Ninguno,Sin centro de Costos,PLAN DE CUENTAS CONTASIS.xlsx,PLAN DE CUENTAS,1615
6314095,ALIMENTACION  - VTAS - Gastos de Servicios Prestados por Terceros,3,,9511,7911,Naturaleza,Ninguno,Sin centro de Costos,PLAN DE CUENTAS CONTASIS.xlsx,PLAN DE CUENTAS,1616
6315,OTROS GASTOS DE VIAJE  - Gastos de Servicios Prestados por Terceros,2,,,,Naturaleza,,,PLAN DE CUENTAS CONTASIS.xlsx,PLAN DE CUENTAS,1617
6315090,OTROS GASTOS DE VIAJE  - PROD - Gastos de Servicios Prestados por Terceros,3,,9011,7911,Naturaleza,Ninguno,Sin centro de Costos,PLAN DE CUENTAS CONTASIS.xlsx,PLAN DE CUENTAS,1618
6315093,OTROS GASTOS DE VIAJE  - CDS  - Gastos de Servicios Prestados por Terceros,3,,9311,7911,Naturaleza,Ninguno,Sin centro de Costos,PLAN DE CUENTAS CONTASIS.xlsx,PLAN DE CUENTAS,1619
6315094,OTROS GASTOS DE VIAJE  - ADM - Gastos de Servicios Prestados por Terceros,3,,9411,7911,Naturaleza,Ninguno,Sin centro de Costos,PLAN DE CUENTAS CONTASIS.xlsx,PLAN DE CUENTAS,1620
6315095,OTROS GASTOS DE VIAJE  - VTAS - Gastos de Servicios Prestados por Terceros,3,,9511,7911,Naturaleza,Ninguno,Sin centro de Costos,PLAN DE CUENTAS CONTASIS.xlsx,PLAN DE CUENTAS,1621
632,ASESORIA Y CONSULTORIA  - Gastos de Servicios Prestados por Terceros,2,,,,Naturaleza,Ninguno,,PLAN DE CUENTAS CONTASIS.xlsx,PLAN DE CUENTAS,1622
6321,ADMINISTRATIVA - Asesoría y Consultoría - Gastos de Servicios Prestados por Terceros,2,,,,Naturaleza,,,PLAN DE CUENTAS CONTASIS.xlsx,PLAN DE CUENTAS,1623
6321090,ADMINISTRATIVA - PROD - Asesoría y Consultoría - Gastos de Servicios Prestados por Terceros,3,,9011,7911,Naturaleza,Ninguno,Sin centro de Costos,PLAN DE CUENTAS CONTASIS.xlsx,PLAN DE CUENTAS,1624
6321093,ADMINISTRATIVA - CDS - Asesoría y Consultoría - Gastos de Servicios Prestados por Terceros,3,,9311,7911,Naturaleza,Ninguno,Sin centro de Costos,PLAN DE CUENTAS CONTASIS.xlsx,PLAN DE CUENTAS,1625
6321094,ADMINISTRATIVA - ADM - Asesoría y Consultoría - Gastos de Servicios Prestados por Terceros,3,,9411,7911,Naturaleza,Ninguno,Sin centro de Costos,PLAN DE CUENTAS CONTASIS.xlsx,PLAN DE CUENTAS,1626
6321095,ADMINISTRATIVA - VTAS - Asesoría y Consultoría - Gastos de Servicios Prestados por Terceros,3,,9511,7911,Naturaleza,Ninguno,Sin centro de Costos,PLAN DE CUENTAS CONTASIS.xlsx,PLAN DE CUENTAS,1627
6322,LEGAL Y TRIBUTARIA - Asesoría y Consultoría - Gastos de Servicios Prestados por Terceros,2,,,,Naturaleza,,,PLAN DE CUENTAS CONTASIS.xlsx,PLAN DE CUENTAS,1628
6322090,LEGAL Y TRIBUTARIA - PROD - Asesoría y Consultoría - Gastos de Servicios Prestados por Terceros,3,,9011,7911,Naturaleza,Ninguno,Sin centro de Costos,PLAN DE CUENTAS CONTASIS.xlsx,PLAN DE CUENTAS,1629
6322093,LEGAL Y TRIBUTARIA - CDS - Asesoría y Consultoría - Gastos de Servicios Prestados por Terceros,3,,9311,7911,Naturaleza,Ninguno,Sin centro de Costos,PLAN DE CUENTAS CONTASIS.xlsx,PLAN DE CUENTAS,1630
6322094,LEGAL Y TRIBUTARIA - ADM - Asesoría y Consultoría - Gastos de Servicios Prestados por Terceros,3,,9411,7911,Naturaleza,Ninguno,Sin centro de Costos,PLAN DE CUENTAS CONTASIS.xlsx,PLAN DE CUENTAS,1631
6322095,LEGAL Y TRIBUTARIA - VTAS - Asesoría y Consultoría - Gastos de Servicios Prestados por Terceros,3,,9511,7911,Naturaleza,Ninguno,Sin centro de Costos,PLAN DE CUENTAS CONTASIS.xlsx,PLAN DE CUENTAS,1632
6323,AUDITORIA Y CONTABLE - Asesoría y Consultoría - Gastos de Servicios Prestados por Terceros,2,,,,Naturaleza,,,PLAN DE CUENTAS CONTASIS.xlsx,PLAN DE CUENTAS,1633
6323090,AUDITORIA Y CONTABLE - PROD - Asesoría y Consultoría - Gastos de Servicios Prestados por Terceros,3,,9011,7911,Naturaleza,Ninguno,Sin centro de Costos,PLAN DE CUENTAS CONTASIS.xlsx,PLAN DE CUENTAS,1634
6323093,AUDITORIA Y CONTABLE - CDS - Asesoría y Consultoría - Gastos de Servicios Prestados por Terceros,3,,9311,7911,Naturaleza,Ninguno,Sin centro de Costos,PLAN DE CUENTAS CONTASIS.xlsx,PLAN DE CUENTAS,1635
6323094,AUDITORIA Y CONTABLE - ADM - Asesoría y Consultoría - Gastos de Servicios Prestados por Terceros,3,,9411,7911,Naturaleza,Ninguno,Sin centro de Costos,PLAN DE CUENTAS CONTASIS.xlsx,PLAN DE CUENTAS,1636
6323095,AUDITORIA Y CONTABLE - VTAS - Asesoría y Consultoría - Gastos de Servicios Prestados por Terceros,3,,9511,7911,Naturaleza,Ninguno,Sin centro de Costos,PLAN DE CUENTAS CONTASIS.xlsx,PLAN DE CUENTAS,1637
6324,MERCADOTECNIA - Asesoría y Consultoría - Gastos de Servicios Prestados por Terceros,2,,,,Naturaleza,,,PLAN DE CUENTAS CONTASIS.xlsx,PLAN DE CUENTAS,1638
6324090,MERCADOTECNIA  - PROD - Asesoría y Consultoría - Gastos de Servicios Prestados por Terceros,3,,9011,7911,Naturaleza,Ninguno,Sin centro de Costos,PLAN DE CUENTAS CONTASIS.xlsx,PLAN DE CUENTAS,1639
6324093,MERCADOTECNIA  - CDS - Asesoría y Consultoría - Gastos de Servicios Prestados por Terceros,3,,9311,7911,Naturaleza,Ninguno,Sin centro de Costos,PLAN DE CUENTAS CONTASIS.xlsx,PLAN DE CUENTAS,1640
6324094,MERCADOTECNIA  - ADM - Asesoría y Consultoría - Gastos de Servicios Prestados por Terceros,3,,9411,7911,Naturaleza,Ninguno,Sin centro de Costos,PLAN DE CUENTAS CONTASIS.xlsx,PLAN DE CUENTAS,1641
6324095,MERCADOTECNIA  - VTAS - Asesoría y Consultoría - Gastos de Servicios Prestados por Terceros,3,,9511,7911,Naturaleza,Ninguno,Sin centro de Costos,PLAN DE CUENTAS CONTASIS.xlsx,PLAN DE CUENTAS,1642
6325,MEDIOAMBIENTAL - Asesoría y Consultoría - Gastos de Servicios Prestados por Terceros,2,,,,Naturaleza,,,PLAN DE CUENTAS CONTASIS.xlsx,PLAN DE CUENTAS,1643
6325090,MEDIOAMBIENTAL - PROD - Asesoría y Consultoría - Gastos de Servicios Prestados por Terceros,3,,9011,7911,Naturaleza,Ninguno,Sin centro de Costos,PLAN DE CUENTAS CONTASIS.xlsx,PLAN DE CUENTAS,1644
6325093,MEDIOAMBIENTAL - CDS - Asesoría y Consultoría - Gastos de Servicios Prestados por Terceros,3,,9311,7911,Naturaleza,Ninguno,Sin centro de Costos,PLAN DE CUENTAS CONTASIS.xlsx,PLAN DE CUENTAS,1645
6325094,MEDIOAMBIENTAL - ADM - Asesoría y Consultoría - Gastos de Servicios Prestados por Terceros,3,,9411,7911,Naturaleza,Ninguno,Sin centro de Costos,PLAN DE CUENTAS CONTASIS.xlsx,PLAN DE CUENTAS,1646
6325095,MEDIOAMBIENTAL - VTAS - Asesoría y Consultoría - Gastos de Servicios Prestados por Terceros,3,,9511,7911,Naturaleza,Ninguno,Sin centro de Costos,PLAN DE CUENTAS CONTASIS.xlsx,PLAN DE CUENTAS,1647
6326,INVESTIGACION Y DESARROLLO - Asesoría y Consultoría - Gastos de Servicios Prestados por Terceros,2,,,,Naturaleza,,,PLAN DE CUENTAS CONTASIS.xlsx,PLAN DE CUENTAS,1648
6326090,INVESTIGACION Y DESARROLLO  - PROD - Asesoría y Consultoría - Gastos de Servicios Prestados por Terc,3,,9011,7911,Naturaleza,Ninguno,Sin centro de Costos,PLAN DE CUENTAS CONTASIS.xlsx,PLAN DE CUENTAS,1649
6326093,INVESTIGACION Y DESARROLLO  - CDS - Asesoría y Consultoría - Gastos de Servicios Prestados por Terce,3,,9311,7911,Naturaleza,Ninguno,Sin centro de Costos,PLAN DE CUENTAS CONTASIS.xlsx,PLAN DE CUENTAS,1650
6326094,INVESTIGACION Y DESARROLLO  - ADM - Asesoría y Consultoría - Gastos de Servicios Prestados por Terce,3,,9411,7911,Naturaleza,Ninguno,Sin centro de Costos,PLAN DE CUENTAS CONTASIS.xlsx,PLAN DE CUENTAS,1651
6326095,INVESTIGACION Y DESARROLLO  - VTAS - Asesoría y Consultoría - Gastos de Servicios Prestados por Terc,3,,9511,7911,Naturaleza,Ninguno,Sin centro de Costos,PLAN DE CUENTAS CONTASIS.xlsx,PLAN DE CUENTAS,1652
6327,PRODUCCION - Asesoría y Consultoría - Gastos de Servicios Prestados por Terceros,2,,,,Naturaleza,,,PLAN DE CUENTAS CONTASIS.xlsx,PLAN DE CUENTAS,1653
6327090,PRODUCCION  - PROD - Asesoría y Consultoría - Gastos de Servicios Prestados por Terceros,3,,9011,7911,Naturaleza,Ninguno,Sin centro de Costos,PLAN DE CUENTAS CONTASIS.xlsx,PLAN DE CUENTAS,1654
6327093,PRODUCCION  - CDS - Asesoría y Consultoría - Gastos de Servicios Prestados por Terceros,3,,9311,7911,Naturaleza,Ninguno,Sin centro de Costos,PLAN DE CUENTAS CONTASIS.xlsx,PLAN DE CUENTAS,1655
6327094,PRODUCCION  - ADM - Asesoría y Consultoría - Gastos de Servicios Prestados por Terceros,3,,9411,7911,Naturaleza,Ninguno,Sin centro de Costos,PLAN DE CUENTAS CONTASIS.xlsx,PLAN DE CUENTAS,1656
6327095,PRODUCCION  - VTAS - Asesoría y Consultoría - Gastos de Servicios Prestados por Terceros,3,,9511,7911,Naturaleza,Ninguno,Sin centro de Costos,PLAN DE CUENTAS CONTASIS.xlsx,PLAN DE CUENTAS,1657
6329,OTROS - Asesoría y Consultoría - Gastos de Servicios Prestados por Terceros,2,,,,Naturaleza,,,PLAN DE CUENTAS CONTASIS.xlsx,PLAN DE CUENTAS,1658
6329090,OTROS SERVICIOS - PROD - Asesoría y Consultoría - Gastos de Servicios Prestados por Terceros,3,,9011,7911,Naturaleza,Ninguno,Sin centro de Costos,PLAN DE CUENTAS CONTASIS.xlsx,PLAN DE CUENTAS,1659
6329093,OTROS SERVICIOS - CDS - Asesoría y Consultoría - Gastos de Servicios Prestados por Terceros,3,,9311,7911,Naturaleza,Ninguno,Sin centro de Costos,PLAN DE CUENTAS CONTASIS.xlsx,PLAN DE CUENTAS,1660
6329094,OTROS SERVICIOS  - ADM - Asesoría y Consultoría - Gastos de Servicios Prestados por Terceros,3,,9411,7911,Naturaleza,Ninguno,Sin centro de Costos,PLAN DE CUENTAS CONTASIS.xlsx,PLAN DE CUENTAS,1661
6329095,OTROS SERVICIOS  - VTAS - Asesoría y Consultoría - Gastos de Servicios Prestados por Terceros,3,,9511,7911,Naturaleza,Ninguno,Sin centro de Costos,PLAN DE CUENTAS CONTASIS.xlsx,PLAN DE CUENTAS,1662
633,PRODUCCION ENCARGADA A TERCEROS - Gastos de Servicios Prestados por Terceros,2,,,,Naturaleza,Ninguno,,PLAN DE CUENTAS CONTASIS.xlsx,PLAN DE CUENTAS,1663
6330090,PRODUCCION ENCARGADA A TERCEROS  - PROD - DIRECTO - Gastos de Servicios Prestados por Terceros,3,,,,Naturaleza,Ninguno,Sin centro de Costos,PLAN DE CUENTAS CONTASIS.xlsx,PLAN DE CUENTAS,1664
6330091,PRODUCCION ENCARGADA A TERCEROS  - PROD - INDIRECTO - Gastos de Servicios Prestados por Terceros,3,,,,Naturaleza,Ninguno,Sin centro de Costos,PLAN DE CUENTAS CONTASIS.xlsx,PLAN DE CUENTAS,1665
6330093,PRODUCCION ENCARGADA A TERCEROS  - CDS - Gastos de Servicios Prestados por Terceros,3,,9311,7911,Naturaleza,Ninguno,Sin centro de Costos,PLAN DE CUENTAS CONTASIS.xlsx,PLAN DE CUENTAS,1666
6330094,PRODUCCION ENCARGADA A TERCEROS  - ADM - Gastos de Servicios Prestados por Terceros,3,,9411,7911,Naturaleza,Ninguno,Sin centro de Costos,PLAN DE CUENTAS CONTASIS.xlsx,PLAN DE CUENTAS,1667
6330095,PRODUCCION ENCARGADA A TERCEROS  - VTAS - Gastos de Servicios Prestados por Terceros,3,,9511,7911,Naturaleza,Ninguno,Sin centro de Costos,PLAN DE CUENTAS CONTASIS.xlsx,PLAN DE CUENTAS,1668
634,MANTENIMIENTO Y REPARACIONES  - Gastos de Servicios Prestados por Terceros,2,,,,Naturaleza,Ninguno,,PLAN DE CUENTAS CONTASIS.xlsx,PLAN DE CUENTAS,1669
6341,PROPIEDAD DE INVERSIÓN - Mantenimiento Y Reparaciones - Gastos de Servicios Prestados por Terceros,2,,,,Naturaleza,,,PLAN DE CUENTAS CONTASIS.xlsx,PLAN DE CUENTAS,1670
6341090,PROPIEDAD DE INVERSIÓN - PROD - Mantenimiento Y Reparaciones - Gastos de Servicios Prestados por Ter,3,,9011,7911,Naturaleza,Ninguno,Sin centro de Costos,PLAN DE CUENTAS CONTASIS.xlsx,PLAN DE CUENTAS,1671
6341093,PROPIEDAD DE INVERSIÓN  - CDS - Mantenimiento Y Reparaciones - Gastos de Servicios Prestados por Ter,3,,9311,7911,Naturaleza,Ninguno,Sin centro de Costos,PLAN DE CUENTAS CONTASIS.xlsx,PLAN DE CUENTAS,1672
6341094,PROPIEDAD DE INVERSIÓN  - ADM - Mantenimiento Y Reparaciones - Gastos de Servicios Prestados por Ter,3,,9411,7911,Naturaleza,Ninguno,Sin centro de Costos,PLAN DE CUENTAS CONTASIS.xlsx,PLAN DE CUENTAS,1673
6341095,PROPIEDAD DE INVERSIÓN - VTAS - Mantenimiento Y Reparaciones - Gastos de Servicios Prestados por Ter,3,,9511,7911,Naturaleza,Ninguno,Sin centro de Costos,PLAN DE CUENTAS CONTASIS.xlsx,PLAN DE CUENTAS,1674
6342,ACTIVOS POR DERECHO DE USO - Manten Y Reparac - Gastos de Servicios Prest por Te,2,,,,Naturaleza,,,PLAN DE CUENTAS CONTASIS.xlsx,PLAN DE CUENTAS,1675
63421,FINANCIERO - Activos por Derecho de Uso - Manten Y Reparac - Gastos de Servicios Prestados por Terce,2,,,,Naturaleza,,,PLAN DE CUENTAS CONTASIS.xlsx,PLAN DE CUENTAS,1676
63421090,FINANCIERO - Activos por Derecho de Uso - PROD - Manten Y Reparac - Gastos de Servicios Prestados po,3,,9011,7911,Naturaleza,Ninguno,Sin centro de Costos,PLAN DE CUENTAS CONTASIS.xlsx,PLAN DE CUENTAS,1677
63421093,FINANCIERO - Activos por Derecho de Uso - CDS - Manten Y Reparac - Gastos de Servicios Prestados po,3,,9311,7911,Naturaleza,Ninguno,Sin centro de Costos,PLAN DE CUENTAS CONTASIS.xlsx,PLAN DE CUENTAS,1678
63421094,FINANCIERO - Activos por Derecho de Uso - ADM - Manten Y Reparac - Gastos de Servicios Prestados po,3,,9411,7911,Naturaleza,Ninguno,Sin centro de Costos,PLAN DE CUENTAS CONTASIS.xlsx,PLAN DE CUENTAS,1679
63421095,FINANCIERO - Activos por Derecho de Uso - VTAS - Manten Y Reparac - Gastos de Servicios Prestados po,3,,9511,7911,Naturaleza,Ninguno,Sin centro de Costos,PLAN DE CUENTAS CONTASIS.xlsx,PLAN DE CUENTAS,1680
63422,OPERATIVO - Activos por Derecho de Uso - Manten Y Reparac - Gastos de Servicios Prestados por Terce,2,,,,Naturaleza,,,PLAN DE CUENTAS CONTASIS.xlsx,PLAN DE CUENTAS,1681
63422090,OPERATIVO - Activos por Derecho de Uso - PROD - Manten Y Reparac - Gastos de Servicios Prestados po,3,,9011,7911,Naturaleza,Ninguno,Sin centro de Costos,PLAN DE CUENTAS CONTASIS.xlsx,PLAN DE CUENTAS,1682
63422093,OPERATIVO - Activos por Derecho de Uso - CDS - Manten Y Reparac - Gastos de Servicios Prestados po,3,,9311,7911,Naturaleza,Ninguno,Sin centro de Costos,PLAN DE CUENTAS CONTASIS.xlsx,PLAN DE CUENTAS,1683
63422094,OPERATIVO - Activos por Derecho de Uso - ADM - Manten Y Reparac - Gastos de Servicios Prestados po,3,,9411,7911,Naturaleza,Ninguno,Sin centro de Costos,PLAN DE CUENTAS CONTASIS.xlsx,PLAN DE CUENTAS,1684
63422095,OPERATIVO - Activos por Derecho de Uso - VTAS - Manten Y Reparac - Gastos de Servicios Prestados po,3,,9511,7911,Naturaleza,Ninguno,Sin centro de Costos,PLAN DE CUENTAS CONTASIS.xlsx,PLAN DE CUENTAS,1685
6343,"PROPIEDAD, PLANTA Y EQUIPO - Mantenimiento Y Reparaciones - Gastos de Servicios Prestados por Ter",2,,,,Naturaleza,,,PLAN DE CUENTAS CONTASIS.xlsx,PLAN DE CUENTAS,1686
6343090,"PROPIEDAD, PLANTA Y EQUIPO - PROD - Manten Y Reparac - Gastos de Servicios Prestados por Terceros",3,,9011,7911,Naturaleza,Ninguno,Sin centro de Costos,PLAN DE CUENTAS CONTASIS.xlsx,PLAN DE CUENTAS,1687
6343093,"PROPIEDAD, PLANTA Y EQUIPO - CDS - Manten Y Reparac - Gastos de Servicios Prestados por Terceros",3,,9311,7911,Naturaleza,Ninguno,Sin centro de Costos,PLAN DE CUENTAS CONTASIS.xlsx,PLAN DE CUENTAS,1688
6343094,"PROPIEDAD, PLANTA Y EQUIPO - ADM - Manten Y Reparac - Gastos de Servicios Prestados por Terceros",3,,9411,7911,Naturaleza,Ninguno,Sin centro de Costos,PLAN DE CUENTAS CONTASIS.xlsx,PLAN DE CUENTAS,1689
6343095,"PROPIEDAD, PLANTA Y EQUIPO - VTAS - Manten Y Reparac - Gastos de Servicios Prestados por Terceros",3,,9511,7911,Naturaleza,Ninguno,Sin centro de Costos,PLAN DE CUENTAS CONTASIS.xlsx,PLAN DE CUENTAS,1690
6344,INTANGIBLES - Mantenimiento Y Reparaciones - Gastos de Servicios Prestados por Terceros,2,,,,Naturaleza,,,PLAN DE CUENTAS CONTASIS.xlsx,PLAN DE CUENTAS,1691
6344090,INTANGIBLES - PROD - Mantenimiento Y Reparaciones - Gastos de Servicios Prestados por Terceros,3,,9011,7911,Naturaleza,Ninguno,Sin centro de Costos,PLAN DE CUENTAS CONTASIS.xlsx,PLAN DE CUENTAS,1692
6344093,INTANGIBLES - CDS - Mantenimiento Y Reparaciones - Gastos de Servicios Prestados por Terceros,3,,9311,7911,Naturaleza,Ninguno,Sin centro de Costos,PLAN DE CUENTAS CONTASIS.xlsx,PLAN DE CUENTAS,1693
6344094,INTANGIBLES - ADM - Mantenimiento Y Reparaciones - Gastos de Servicios Prestados por Terceros,3,,9411,7911,Naturaleza,Ninguno,Sin centro de Costos,PLAN DE CUENTAS CONTASIS.xlsx,PLAN DE CUENTAS,1694
6344095,INTANGIBLES  - VTAS - Mantenimiento Y Reparaciones - Gastos de Servicios Prestados por Terceros,3,,9511,7911,Naturaleza,Ninguno,Sin centro de Costos,PLAN DE CUENTAS CONTASIS.xlsx,PLAN DE CUENTAS,1695
6345,ACTIVOS BIOLOGICOS - Mantenimiento Y Reparaciones - Gastos de Servicios Prestados por Terceros,2,,,,Naturaleza,,,PLAN DE CUENTAS CONTASIS.xlsx,PLAN DE CUENTAS,1696
6345090,ACTIVOS BIOLOGICOS  - PROD - Mantenimiento Y Reparaciones - Gastos de Servicios Prestados por Tercer,3,,9011,7911,Naturaleza,Ninguno,Sin centro de Costos,PLAN DE CUENTAS CONTASIS.xlsx,PLAN DE CUENTAS,1697
6345093,ACTIVOS BIOLOGICOS  - CDS - Mantenimiento Y Reparaciones - Gastos de Servicios Prestados por Tercero,3,,9311,7911,Naturaleza,Ninguno,Sin centro de Costos,PLAN DE CUENTAS CONTASIS.xlsx,PLAN DE CUENTAS,1698
6345094,ACTIVOS BIOLOGICOS  - ADM - Mantenimiento Y Reparaciones - Gastos de Servicios Prestados por Tercero,3,,9411,7911,Naturaleza,Ninguno,Sin centro de Costos,PLAN DE CUENTAS CONTASIS.xlsx,PLAN DE CUENTAS,1699
6345095,ACTIVOS BIOLOGICOS  - VTAS - Mantenimiento Y Reparaciones - Gastos de Servicios Prestados por Tercer,3,,9511,7911,Naturaleza,Ninguno,Sin centro de Costos,PLAN DE CUENTAS CONTASIS.xlsx,PLAN DE CUENTAS,1700
635,ALQUILERES - Gastos de Servicios Prestados por Terceros,2,,,,Naturaleza,Ninguno,,PLAN DE CUENTAS CONTASIS.xlsx,PLAN DE CUENTAS,1701
6351,TERRENOS - Alquileres - Gastos de Servicios Prestados por Terceros,2,,,,Naturaleza,,,PLAN DE CUENTAS CONTASIS.xlsx,PLAN DE CUENTAS,1702
6351090,TERRENOS - PROD - Alquileres - Gastos de Servicios Prestados por Terceros,3,,9011,7911,Naturaleza,Ninguno,Sin centro de Costos,PLAN DE CUENTAS CONTASIS.xlsx,PLAN DE CUENTAS,1703
6351093,TERRENOS - CDS - Alquileres - Gastos de Servicios Prestados por Terceros,3,,9311,7911,Naturaleza,Ninguno,Sin centro de Costos,PLAN DE CUENTAS CONTASIS.xlsx,PLAN DE CUENTAS,1704
6351094,TERRENOS - ADM - Alquileres - Gastos de Servicios Prestados por Terceros,3,,9411,7911,Naturaleza,Ninguno,Sin centro de Costos,PLAN DE CUENTAS CONTASIS.xlsx,PLAN DE CUENTAS,1705
6351095,TERRENOS - VTAS - Alquileres - Gastos de Servicios Prestados por Terceros,3,,9511,7911,Naturaleza,Ninguno,Sin centro de Costos,PLAN DE CUENTAS CONTASIS.xlsx,PLAN DE CUENTAS,1706
6352,EDIFICACIONES - Alquileres - Gastos de Servicios Prestados por Terceros,2,,,,Naturaleza,,,PLAN DE CUENTAS CONTASIS.xlsx,PLAN DE CUENTAS,1707
6352090,EDIFICACIONES - PROD - Alquileres - Gastos de Servicios Prestados por Terceros,3,,9011,7911,Naturaleza,Ninguno,Sin centro de Costos,PLAN DE CUENTAS CONTASIS.xlsx,PLAN DE CUENTAS,1708
6352093,EDIFICACIONES - CDS - Alquileres - Gastos de Servicios Prestados por Terceros,3,,9311,7911,Naturaleza,Ninguno,Sin centro de Costos,PLAN DE CUENTAS CONTASIS.xlsx,PLAN DE CUENTAS,1709
6352094,EDIFICACIONES - ADM - Alquileres - Gastos de Servicios Prestados por Terceros,3,,9411,7911,Naturaleza,Ninguno,Sin centro de Costos,PLAN DE CUENTAS CONTASIS.xlsx,PLAN DE CUENTAS,1710
6352095,EDIFICACIONES - VTAS - Alquileres - Gastos de Servicios Prestados por Terceros,3,,9511,7911,Naturaleza,Ninguno,Sin centro de Costos,PLAN DE CUENTAS CONTASIS.xlsx,PLAN DE CUENTAS,1711
6353,MAQUINARIAS Y EQUIPOS DE EXPLOTACION - Alquileres - Gastos de Servicios Prestados por Terceros,2,,,,Naturaleza,,,PLAN DE CUENTAS CONTASIS.xlsx,PLAN DE CUENTAS,1712
6353090,MAQUINARIAS Y EQUIPOS DE EXPLOTACION  - PROD - DIRECTO - Alquileres - Gastos de Servicios Prestados,3,,,,Naturaleza,Ninguno,Sin centro de Costos,PLAN DE CUENTAS CONTASIS.xlsx,PLAN DE CUENTAS,1713
6353091,MAQUINARIAS Y EQUIPOS DE EXPLOTACION  - PROD - INDIRECTO - Alquileres - Gastos de Servicios Prestado,3,,,,Naturaleza,Ninguno,Sin centro de Costos,PLAN DE CUENTAS CONTASIS.xlsx,PLAN DE CUENTAS,1714
6353093,MAQUINARIAS Y EQUIPOS DE EXPLOTACION - CDS - Alquileres - Gastos de Servicios Prestados por Terceros,3,,9311,7911,Naturaleza,Ninguno,Sin centro de Costos,PLAN DE CUENTAS CONTASIS.xlsx,PLAN DE CUENTAS,1715
6354,EQUIPO DE TRANSPORTE - Alquileres - Gastos de Servicios Prestados por Terceros,2,,,,Naturaleza,,,PLAN DE CUENTAS CONTASIS.xlsx,PLAN DE CUENTAS,1716
6354090,EQUIPO DE TRANSPORTE  - PROD - Alquileres - Gastos de Servicios Prestados por Terceros,3,,9011,7911,Naturaleza,Ninguno,Sin centro de Costos,PLAN DE CUENTAS CONTASIS.xlsx,PLAN DE CUENTAS,1717
6354093,EQUIPO DE TRANSPORTE  - CDS - Alquileres - Gastos de Servicios Prestados por Terceros,3,,9311,7911,Naturaleza,Ninguno,Sin centro de Costos,PLAN DE CUENTAS CONTASIS.xlsx,PLAN DE CUENTAS,1718
6354094,EQUIPO DE TRANSPORTE  - ADM - Alquileres - Gastos de Servicios Prestados por Terceros,3,,9411,7911,Naturaleza,Ninguno,Sin centro de Costos,PLAN DE CUENTAS CONTASIS.xlsx,PLAN DE CUENTAS,1719
6354095,EQUIPO DE TRANSPORTE  - VTAS - Alquileres - Gastos de Servicios Prestados por Terceros,3,,9511,7911,Naturaleza,Ninguno,Sin centro de Costos,PLAN DE CUENTAS CONTASIS.xlsx,PLAN DE CUENTAS,1720
6355,MUEBLES Y ENSERES - Alquileres - Gastos de Servicios Prestados por Terceros,2,,,,Naturaleza,,,PLAN DE CUENTAS CONTASIS.xlsx,PLAN DE CUENTAS,1721
6355090,MUEBLES Y ENSERES - PROD - Alquileres - Gastos de Servicios Prestados por Terceros,3,,9011,7911,Naturaleza,Ninguno,Sin centro de Costos,PLAN DE CUENTAS CONTASIS.xlsx,PLAN DE CUENTAS,1722
6355093,MUEBLES Y ENSERES - CDS - Alquileres - Gastos de Servicios Prestados por Terceros,3,,9311,7911,Naturaleza,Ninguno,Sin centro de Costos,PLAN DE CUENTAS CONTASIS.xlsx,PLAN DE CUENTAS,1723
6355094,MUEBLES Y ENSERES - ADM - Alquileres - Gastos de Servicios Prestados por Terceros,3,,9411,7911,Naturaleza,Ninguno,Sin centro de Costos,PLAN DE CUENTAS CONTASIS.xlsx,PLAN DE CUENTAS,1724
6355095,MUEBLES Y ENSERES - VTAS - Alquileres - Gastos de Servicios Prestados por Terceros,3,,9511,7911,Naturaleza,Ninguno,Sin centro de Costos,PLAN DE CUENTAS CONTASIS.xlsx,PLAN DE CUENTAS,1725
6356,EQUIPOS DIVERSOS - Alquileres - Gastos de Servicios Prestados por Terceros,2,,,,Naturaleza,,,PLAN DE CUENTAS CONTASIS.xlsx,PLAN DE CUENTAS,1726
6356090,EQUIPOS DIVERSOS - PROD - Alquileres - Gastos de Servicios Prestados por Terceros,3,,9011,7911,Naturaleza,Ninguno,Sin centro de Costos,PLAN DE CUENTAS CONTASIS.xlsx,PLAN DE CUENTAS,1727
6356093,EQUIPOS DIVERSOS - CDS - Alquileres - Gastos de Servicios Prestados por Terceros,3,,9311,7911,Naturaleza,Ninguno,Sin centro de Costos,PLAN DE CUENTAS CONTASIS.xlsx,PLAN DE CUENTAS,1728
6356094,EQUIPOS DIVERSOS - ADM - Alquileres - Gastos de Servicios Prestados por Terceros,3,,9411,7911,Naturaleza,Ninguno,Sin centro de Costos,PLAN DE CUENTAS CONTASIS.xlsx,PLAN DE CUENTAS,1729
6356095,EQUIPOS DIVERSOS - VTAS - Alquileres - Gastos de Servicios Prestados por Terceros,3,,9511,7911,Naturaleza,Ninguno,Sin centro de Costos,PLAN DE CUENTAS CONTASIS.xlsx,PLAN DE CUENTAS,1730
636,SERVICIOS BASICOS - Gastos de Servicios Prestados por Terceros,2,,,,Naturaleza,Ninguno,,PLAN DE CUENTAS CONTASIS.xlsx,PLAN DE CUENTAS,1731
6361,ENERGIA ELECTRICA - Servicios Básicos - Gastos de Servicios Prestados por Terceros,2,,,,Naturaleza,,,PLAN DE CUENTAS CONTASIS.xlsx,PLAN DE CUENTAS,1732
6361090,ENERGIA ELECTRICA - PROD - DIRECTO - Servicios Básicos - Gastos de Servicios Prestados por Terceros,3,,,,Naturaleza,Ninguno,Sin centro de Costos,PLAN DE CUENTAS CONTASIS.xlsx,PLAN DE CUENTAS,1733
6361091,ENERGIA ELECTRICA - PROD - INDIRECTO - Servicios Básicos - Gastos de Servicios Prestados por Tercero,3,,,,Naturaleza,Ninguno,Sin centro de Costos,PLAN DE CUENTAS CONTASIS.xlsx,PLAN DE CUENTAS,1734
6361093,ENERGIA ELECTRICA - CDS - Servicios Básicos - Gastos de Servicios Prestados por Terceros,3,,9311,7911,Naturaleza,Ninguno,Sin centro de Costos,PLAN DE CUENTAS CONTASIS.xlsx,PLAN DE CUENTAS,1735
6361094,ENERGIA ELECTRICA - ADM - Servicios Básicos - Gastos de Servicios Prestados por Terceros,3,,9411,7911,Naturaleza,Ninguno,Sin centro de Costos,PLAN DE CUENTAS CONTASIS.xlsx,PLAN DE CUENTAS,1736
6361095,ENERGIA ELECTRICA - VTAS - Servicios Básicos - Gastos de Servicios Prestados por Terceros,3,,9511,7911,Naturaleza,Ninguno,Sin centro de Costos,PLAN DE CUENTAS CONTASIS.xlsx,PLAN DE CUENTAS,1737
6362,GAS - Servicios Básicos - Gastos de Servicios Prestados por Terceros,2,,,,Naturaleza,,,PLAN DE CUENTAS CONTASIS.xlsx,PLAN DE CUENTAS,1738
6362090,GAS  - PROD - Servicios Básicos - Gastos de Servicios Prestados por Terceros,3,,9011,7911,Naturaleza,Ninguno,Sin centro de Costos,PLAN DE CUENTAS CONTASIS.xlsx,PLAN DE CUENTAS,1739
6362093,GAS  - CDS - Servicios Básicos - Gastos de Servicios Prestados por Terceros,3,,9311,7911,Naturaleza,Ninguno,Sin centro de Costos,PLAN DE CUENTAS CONTASIS.xlsx,PLAN DE CUENTAS,1740
6362094,GAS  - ADM - Servicios Básicos - Gastos de Servicios Prestados por Terceros,3,,9411,7911,Naturaleza,Ninguno,Sin centro de Costos,PLAN DE CUENTAS CONTASIS.xlsx,PLAN DE CUENTAS,1741
6362095,GAS  - VTAS - Servicios Básicos - Gastos de Servicios Prestados por Terceros,3,,9511,7911,Naturaleza,Ninguno,Sin centro de Costos,PLAN DE CUENTAS CONTASIS.xlsx,PLAN DE CUENTAS,1742
6363,AGUA - Servicios Básicos - Gastos de Servicios Prestados por Terceros,2,,,,Naturaleza,,,PLAN DE CUENTAS CONTASIS.xlsx,PLAN DE CUENTAS,1743
6363090,AGUA   - PROD - Servicios Básicos - Gastos de Servicios Prestados por Terceros,3,,9011,7911,Naturaleza,Ninguno,Sin centro de Costos,PLAN DE CUENTAS CONTASIS.xlsx,PLAN DE CUENTAS,1744
6363093,AGUA  - CDS - Servicios Básicos - Gastos de Servicios Prestados por Terceros,3,,9311,7911,Naturaleza,Ninguno,Sin centro de Costos,PLAN DE CUENTAS CONTASIS.xlsx,PLAN DE CUENTAS,1745
6363094,AGUA   - ADM - Servicios Básicos - Gastos de Servicios Prestados por Terceros,3,,9411,7911,Naturaleza,Ninguno,Sin centro de Costos,PLAN DE CUENTAS CONTASIS.xlsx,PLAN DE CUENTAS,1746
6363095,AGUA   - VTAS - Servicios Básicos - Gastos de Servicios Prestados por Terceros,3,,9511,7911,Naturaleza,Ninguno,Sin centro de Costos,PLAN DE CUENTAS CONTASIS.xlsx,PLAN DE CUENTAS,1747
6364,TELEFONO - Servicios Básicos - Gastos de Servicios Prestados por Terceros,2,,,,Naturaleza,,,PLAN DE CUENTAS CONTASIS.xlsx,PLAN DE CUENTAS,1748
6364090,TELEFONO - PROD - Servicios Básicos - Gastos de Servicios Prestados por Terceros,3,,9011,7911,Naturaleza,Ninguno,Sin centro de Costos,PLAN DE CUENTAS CONTASIS.xlsx,PLAN DE CUENTAS,1749
6364093,TELEFONO - CDS - Servicios Básicos - Gastos de Servicios Prestados por Terceros,3,,9311,7911,Naturaleza,Ninguno,Sin centro de Costos,PLAN DE CUENTAS CONTASIS.xlsx,PLAN DE CUENTAS,1750
6364094,TELEFONO  - ADM - Servicios Básicos - Gastos de Servicios Prestados por Terceros,3,,9411,7911,Naturaleza,Ninguno,Sin centro de Costos,PLAN DE CUENTAS CONTASIS.xlsx,PLAN DE CUENTAS,1751
6364095,TELEFONO - VTAS - Servicios Básicos - Gastos de Servicios Prestados por Terceros,3,,9511,7911,Naturaleza,Ninguno,Sin centro de Costos,PLAN DE CUENTAS CONTASIS.xlsx,PLAN DE CUENTAS,1752
6365,INTERNET - Servicios Básicos - Gastos de Servicios Prestados por Terceros,2,,,,Naturaleza,,,PLAN DE CUENTAS CONTASIS.xlsx,PLAN DE CUENTAS,1753
6365090,INTERNET - PROD - Servicios Básicos - Gastos de Servicios Prestados por Terceros,3,,9011,7911,Naturaleza,Ninguno,Sin centro de Costos,PLAN DE CUENTAS CONTASIS.xlsx,PLAN DE CUENTAS,1754
6365093,INTERNET - CDS - Servicios Básicos - Gastos de Servicios Prestados por Terceros,3,,9311,7911,Naturaleza,Ninguno,Sin centro de Costos,PLAN DE CUENTAS CONTASIS.xlsx,PLAN DE CUENTAS,1755
6365094,INTERNET  - ADM - Servicios Básicos - Gastos de Servicios Prestados por Terceros,3,,9411,7911,Naturaleza,Ninguno,Sin centro de Costos,PLAN DE CUENTAS CONTASIS.xlsx,PLAN DE CUENTAS,1756
6365095,INTERNET - VTAS - Servicios Básicos - Gastos de Servicios Prestados por Terceros,3,,9511,7911,Naturaleza,Ninguno,Sin centro de Costos,PLAN DE CUENTAS CONTASIS.xlsx,PLAN DE CUENTAS,1757
6366,RADIO - Servicios Básicos - Gastos de Servicios Prestados por Terceros,2,,,,Naturaleza,,,PLAN DE CUENTAS CONTASIS.xlsx,PLAN DE CUENTAS,1758
6366090,RADIO - PROD - Servicios Básicos - Gastos de Servicios Prestados por Terceros,3,,9011,7911,Naturaleza,Ninguno,Sin centro de Costos,PLAN DE CUENTAS CONTASIS.xlsx,PLAN DE CUENTAS,1759
6366093,RADIO - CDS - Servicios Básicos - Gastos de Servicios Prestados por Terceros,3,,9311,7911,Naturaleza,Ninguno,Sin centro de Costos,PLAN DE CUENTAS CONTASIS.xlsx,PLAN DE CUENTAS,1760
6366094,RADIO  - ADM - Servicios Básicos - Gastos de Servicios Prestados por Terceros,3,,9411,7911,Naturaleza,Ninguno,Sin centro de Costos,PLAN DE CUENTAS CONTASIS.xlsx,PLAN DE CUENTAS,1761
6366095,RADIO - VTAS - Servicios Básicos - Gastos de Servicios Prestados por Terceros,3,,9511,7911,Naturaleza,Ninguno,Sin centro de Costos,PLAN DE CUENTAS CONTASIS.xlsx,PLAN DE CUENTAS,1762
6367,CABLE - Servicios Básicos - Gastos de Servicios Prestados por Terceros,2,,,,Naturaleza,,,PLAN DE CUENTAS CONTASIS.xlsx,PLAN DE CUENTAS,1763
6367090,CABLE - PROD - Servicios Básicos - Gastos de Servicios Prestados por Terceros,3,,9011,7911,Naturaleza,Ninguno,Sin centro de Costos,PLAN DE CUENTAS CONTASIS.xlsx,PLAN DE CUENTAS,1764
6367093,CABLE - CDS - Servicios Básicos - Gastos de Servicios Prestados por Terceros,3,,9311,7911,Naturaleza,Ninguno,Sin centro de Costos,PLAN DE CUENTAS CONTASIS.xlsx,PLAN DE CUENTAS,1765
6367094,CABLE - ADM - Servicios Básicos - Gastos de Servicios Prestados por Terceros,3,,9411,7911,Naturaleza,Ninguno,Sin centro de Costos,PLAN DE CUENTAS CONTASIS.xlsx,PLAN DE CUENTAS,1766
6367095,CABLE - VTAS - Servicios Básicos - Gastos de Servicios Prestados por Terceros,3,,9511,7911,Naturaleza,Ninguno,Sin centro de Costos,PLAN DE CUENTAS CONTASIS.xlsx,PLAN DE CUENTAS,1767
637,"PUBLICIDAD, PUBLICACIONES, RELACIONES PÚBLICAS - Gastos de Servicios Prestados por Terceros",2,,,,Naturaleza,Ninguno,,PLAN DE CUENTAS CONTASIS.xlsx,PLAN DE CUENTAS,1768
6371,PUBLICIDAD - Gastos de Servicios Prestados por Terceros,2,,,,Naturaleza,,,PLAN DE CUENTAS CONTASIS.xlsx,PLAN DE CUENTAS,1769
6371090,PUBLICIDAD - PROD - Gastos de Servicios Prestados por Terceros,3,,9011,7911,Naturaleza,Ninguno,Sin centro de Costos,PLAN DE CUENTAS CONTASIS.xlsx,PLAN DE CUENTAS,1770
6371093,PUBLICIDAD - CDS - Gastos de Servicios Prestados por Terceros,3,,9311,7911,Naturaleza,Ninguno,Sin centro de Costos,PLAN DE CUENTAS CONTASIS.xlsx,PLAN DE CUENTAS,1771
6371094,PUBLICIDAD- ADM - Gastos de Servicios Prestados por Terceros,3,,9411,7911,Naturaleza,Ninguno,Sin centro de Costos,PLAN DE CUENTAS CONTASIS.xlsx,PLAN DE CUENTAS,1772
6371095,PUBLICIDAD - VTAS - Gastos de Servicios Prestados por Terceros,3,,9511,7911,Naturaleza,Ninguno,Sin centro de Costos,PLAN DE CUENTAS CONTASIS.xlsx,PLAN DE CUENTAS,1773
6372,PUBLICACIONES - Gastos de Servicios Prestados por Terceros,2,,,,Naturaleza,,,PLAN DE CUENTAS CONTASIS.xlsx,PLAN DE CUENTAS,1774
6372090,PUBLICACIONES - PROD - Gastos de Servicios Prestados por Terceros,3,,9011,7911,Naturaleza,Ninguno,Sin centro de Costos,PLAN DE CUENTAS CONTASIS.xlsx,PLAN DE CUENTAS,1775
6372093,PUBLICACIONES - CDS - Gastos de Servicios Prestados por Terceros,3,,9311,7911,Naturaleza,Ninguno,Sin centro de Costos,PLAN DE CUENTAS CONTASIS.xlsx,PLAN DE CUENTAS,1776
6372094,PUBLICACIONES - ADM - Gastos de Servicios Prestados por Terceros,3,,9411,7911,Naturaleza,Ninguno,Sin centro de Costos,PLAN DE CUENTAS CONTASIS.xlsx,PLAN DE CUENTAS,1777
6372095,PUBLICACIONES  - VTAS - Gastos de Servicios Prestados por Terceros,3,,9511,7911,Naturaleza,Ninguno,Sin centro de Costos,PLAN DE CUENTAS CONTASIS.xlsx,PLAN DE CUENTAS,1778
6373,RELACIONES PUBLICAS - Gastos de Servicios Prestados por Terceros,2,,,,Naturaleza,,,PLAN DE CUENTAS CONTASIS.xlsx,PLAN DE CUENTAS,1779
6373090,RELACIONES PUBLICAS   - PROD - Gastos de Servicios Prestados por Terceros,3,,9011,7911,Naturaleza,Ninguno,Sin centro de Costos,PLAN DE CUENTAS CONTASIS.xlsx,PLAN DE CUENTAS,1780
6373093,RELACIONES PUBLICAS   - CDS - Gastos de Servicios Prestados por Terceros,3,,9311,7911,Naturaleza,Ninguno,Sin centro de Costos,PLAN DE CUENTAS CONTASIS.xlsx,PLAN DE CUENTAS,1781
6373094,RELACIONES PUBLICAS   - ADM - Gastos de Servicios Prestados por Terceros,3,,9411,7911,Naturaleza,Ninguno,Sin centro de Costos,PLAN DE CUENTAS CONTASIS.xlsx,PLAN DE CUENTAS,1782
6373095,RELACIONES PUBLICAS   - VTAS - Gastos de Servicios Prestados por Terceros,3,,9511,7911,Naturaleza,Ninguno,Sin centro de Costos,PLAN DE CUENTAS CONTASIS.xlsx,PLAN DE CUENTAS,1783
638,SERVICIOS DE CONTRATISTAS - Gastos de Servicios Prestados por Terceros,2,,,,Naturaleza,,,PLAN DE CUENTAS CONTASIS.xlsx,PLAN DE CUENTAS,1784
6380090,SERVICIOS DE CONTRATISTAS - PROD - Gastos de Servicios Prestados por Terceros,3,,9011,7911,Naturaleza,Ninguno,Sin centro de Costos,PLAN DE CUENTAS CONTASIS.xlsx,PLAN DE CUENTAS,1785
6380093,SERVICIOS DE CONTRATISTAS - CDS - Gastos de Servicios Prestados por Terceros,3,,9311,7911,Naturaleza,Ninguno,Sin centro de Costos,PLAN DE CUENTAS CONTASIS.xlsx,PLAN DE CUENTAS,1786
6380094,SERVICIOS DE CONTRATISTAS - ADM - Gastos de Servicios Prestados por Terceros,3,,9411,7911,Naturaleza,Ninguno,Sin centro de Costos,PLAN DE CUENTAS CONTASIS.xlsx,PLAN DE CUENTAS,1787
6380095,SERVICIOS DE CONTRATISTAS - VTAS - Gastos de Servicios Prestados por Terceros,3,,9511,7911,Naturaleza,Ninguno,Sin centro de Costos,PLAN DE CUENTAS CONTASIS.xlsx,PLAN DE CUENTAS,1788
639,OTROS SERVICIOS PRESTADOS POR TERCEROS,2,,,,Naturaleza,Ninguno,,PLAN DE CUENTAS CONTASIS.xlsx,PLAN DE CUENTAS,1789
6391,GASTOS BANCARIOS  - Otros Servicios Prestados por Terceros,2,,,,Naturaleza,,,PLAN DE CUENTAS CONTASIS.xlsx,PLAN DE CUENTAS,1790
6391094,GASTOS BANCARIOS - ADM - Otros Servicios Prestados por Terceros,3,,9411,7911,Naturaleza,Ninguno,Sin centro de Costos,PLAN DE CUENTAS CONTASIS.xlsx,PLAN DE CUENTAS,1791
6391095,GASTOS BANCARIOS - VTAS - Otros Servicios Prestados por Terceros,3,,9511,7911,Naturaleza,Ninguno,Sin centro de Costos,PLAN DE CUENTAS CONTASIS.xlsx,PLAN DE CUENTAS,1792
6392,GASTOS DE LABORATORIO - Otros Servicios Prestados por Terceros,2,,,,Naturaleza,,,PLAN DE CUENTAS CONTASIS.xlsx,PLAN DE CUENTAS,1793
6392090,GASTOS DE LABORATORIO - PROD - Otros Servicios Prestados por Terceros,3,,9011,7911,Naturaleza,Ninguno,Sin centro de Costos,PLAN DE CUENTAS CONTASIS.xlsx,PLAN DE CUENTAS,1794
6392093,GASTOS DE LABORATORIO - CDS - Otros Servicios Prestados por Terceros,3,,9311,7911,Naturaleza,Ninguno,Sin centro de Costos,PLAN DE CUENTAS CONTASIS.xlsx,PLAN DE CUENTAS,1795
64,GASTOS POR TRIBUTOS,1,,,,Naturaleza,Ninguno,,PLAN DE CUENTAS CONTASIS.xlsx,PLAN DE CUENTAS,1796
641,GOBIERNO NACIONAL - Gastos por Tributos,2,,,,Naturaleza,,,PLAN DE CUENTAS CONTASIS.xlsx,PLAN DE CUENTAS,1797
6411,IMPUESTO GENERAL A LAS VENTAS Y SELECTIVO AL CONSUMO - Gobierno Nacional,2,,,,Naturaleza,,,PLAN DE CUENTAS CONTASIS.xlsx,PLAN DE CUENTAS,1798
6411090,IMPUESTO GENERAL A LAS VENTAS Y SELECTIVO AL CONSUMO   - PROD - Gastos por Tributos  - Gobierno Naci,3,,9011,7911,Naturaleza,Ninguno,Sin centro de Costos,PLAN DE CUENTAS CONTASIS.xlsx,PLAN DE CUENTAS,1799
6411093,IMPUESTO GENERAL A LAS VENTAS Y SELECTIVO AL CONSUMO   - CDS - Gastos por Tributos  - Gobierno Nacio,3,,9311,7911,Naturaleza,Ninguno,Sin centro de Costos,PLAN DE CUENTAS CONTASIS.xlsx,PLAN DE CUENTAS,1800
6411094,IMPUESTO GENERAL A LAS VENTAS Y SELECTIVO AL CONSUMO   - ADM - Gastos por Tributos - Gobierno Nacion,3,,9411,7911,Naturaleza,Ninguno,Sin centro de Costos,PLAN DE CUENTAS CONTASIS.xlsx,PLAN DE CUENTAS,1801
6411095,IMPUESTO GENERAL A LAS VENTAS Y SELECTIVO AL CONSUMO   - VTAS - Gastos por Tributos - Gobierno Nacio,3,,9511,7911,Naturaleza,Ninguno,Sin centro de Costos,PLAN DE CUENTAS CONTASIS.xlsx,PLAN DE CUENTAS,1802
6412,IMPUESTO A LAS TRANSACCIONES FINANCIERAS - Gobierno Nacional,2,,,,Naturaleza,,,PLAN DE CUENTAS CONTASIS.xlsx,PLAN DE CUENTAS,1803
6412090,IMPUESTO A LAS TRANSACCIONES FINANCIERAS - PROD - Gastos por Tributos - Gobierno Nacional,3,,9011,7911,Naturaleza,Ninguno,Sin centro de Costos,PLAN DE CUENTAS CONTASIS.xlsx,PLAN DE CUENTAS,1804
6412093,IMPUESTO A LAS TRANSACCIONES FINANCIERAS - CDS - Gastos por Tributos - Gobierno Nacional,3,,9311,7911,Naturaleza,Ninguno,Sin centro de Costos,PLAN DE CUENTAS CONTASIS.xlsx,PLAN DE CUENTAS,1805
6412094,IMPUESTO A LAS TRANSACCIONES FINANCIERAS - ADM - Gastos por Tributos - Gobierno Nacional,3,,9411,7911,Naturaleza,Ninguno,Sin centro de Costos,PLAN DE CUENTAS CONTASIS.xlsx,PLAN DE CUENTAS,1806
6412095,IMPUESTO A LAS TRANSACCIONES FINANCIERAS - VTAS - Gastos por Tributos - Gobierno Nacional,3,,9511,7911,Naturaleza,Ninguno,Sin centro de Costos,PLAN DE CUENTAS CONTASIS.xlsx,PLAN DE CUENTAS,1807
6413,IMPUESTO TEMPORAL A LOS ACTIVOS NETOS - Gobierno Nacional,2,,,,Naturaleza,,,PLAN DE CUENTAS CONTASIS.xlsx,PLAN DE CUENTAS,1808
6413090,IMPUESTO TEMPORAL A LOS ACTIVOS NETOS - PROD - Gastos por Tributos - Gobierno Nacional,3,,9011,7911,Naturaleza,Ninguno,Sin centro de Costos,PLAN DE CUENTAS CONTASIS.xlsx,PLAN DE CUENTAS,1809
6413093,IMPUESTO TEMPORAL A LOS ACTIVOS NETOS - CDS - Gastos por Tributos - Gobierno Nacional,3,,9311,7911,Naturaleza,Ninguno,Sin centro de Costos,PLAN DE CUENTAS CONTASIS.xlsx,PLAN DE CUENTAS,1810
6413094,IMPUESTO TEMPORAL A LOS ACTIVOS NETOS - ADM - Gastos por Tributos - Gobierno Nacional,3,,9411,7911,Naturaleza,Ninguno,Sin centro de Costos,PLAN DE CUENTAS CONTASIS.xlsx,PLAN DE CUENTAS,1811
6413095,IMPUESTO TEMPORAL A LOS ACTIVOS NETOS - VTAS - Gastos por Tributos - Gobierno Nacional,3,,9511,7911,Naturaleza,Ninguno,Sin centro de Costos,PLAN DE CUENTAS CONTASIS.xlsx,PLAN DE CUENTAS,1812
6414,IMPUESTO A LOS JUEGOS DE CASINO Y MAQUINAS TRAGAMONEDAS - Gobierno Nacional,2,,,,Naturaleza,,,PLAN DE CUENTAS CONTASIS.xlsx,PLAN DE CUENTAS,1813
6414090,IMPUESTO A LOS JUEGOS DE CASINO Y MAQUINAS TRAGAMONEDAS - PROD - Gastos por Tributos,3,,9011,7911,Naturaleza,Ninguno,Sin centro de Costos,PLAN DE CUENTAS CONTASIS.xlsx,PLAN DE CUENTAS,1814
6414093,IMPUESTO A LOS JUEGOS DE CASINO Y MAQUINAS TRAGAMONEDAS - CDS - Gastos por Tributos,3,,9311,7911,Naturaleza,Ninguno,Sin centro de Costos,PLAN DE CUENTAS CONTASIS.xlsx,PLAN DE CUENTAS,1815
6414094,IMPUESTO A LOS JUEGOS DE CASINO Y MAQUINAS TRAGAMONEDAS - ADM - Gastos por Tributos,3,,9411,7911,Naturaleza,Ninguno,Sin centro de Costos,PLAN DE CUENTAS CONTASIS.xlsx,PLAN DE CUENTAS,1816
6414095,IMPUESTO A LOS JUEGOS DE CASINO Y MAQUINAS TRAGAMONEDAS - VTAS - Gastos por Tributos,3,,9511,7911,Naturaleza,Ninguno,Sin centro de Costos,PLAN DE CUENTAS CONTASIS.xlsx,PLAN DE CUENTAS,1817
6415,REGALIAS MINERAS - Gobierno Nacional,2,,,,Naturaleza,,,PLAN DE CUENTAS CONTASIS.xlsx,PLAN DE CUENTAS,1818
6415090,REGALIAS MINERAS - PROD - Gastos por Tributos - Gobierno Nacional,3,,9011,7911,Naturaleza,Ninguno,Sin centro de Costos,PLAN DE CUENTAS CONTASIS.xlsx,PLAN DE CUENTAS,1819
6415093,REGALIAS MINERAS - CDS - Gastos por Tributos - Gobierno Nacional,3,,9311,7911,Naturaleza,Ninguno,Sin centro de Costos,PLAN DE CUENTAS CONTASIS.xlsx,PLAN DE CUENTAS,1820
6415094,REGALIAS MINERAS - ADM - Gastos por Tributos - Gobierno Nacional,3,,9411,7911,Naturaleza,Ninguno,Sin centro de Costos,PLAN DE CUENTAS CONTASIS.xlsx,PLAN DE CUENTAS,1821
6415095,REGALIAS MINERAS - VTAS - Gastos por Tributos - Gobierno Nacional,3,,9511,7911,Naturaleza,Ninguno,Sin centro de Costos,PLAN DE CUENTAS CONTASIS.xlsx,PLAN DE CUENTAS,1822
6416,CANONES - Gobierno Nacional,2,,,,Naturaleza,,,PLAN DE CUENTAS CONTASIS.xlsx,PLAN DE CUENTAS,1823
6416090,CANONES   - PROD - Gastos por Tributos - Gobierno Nacional,3,,9011,7911,Naturaleza,Ninguno,Sin centro de Costos,PLAN DE CUENTAS CONTASIS.xlsx,PLAN DE CUENTAS,1824
6416093,CANONES   - CDS - Gastos por Tributos - Gobierno Nacional,3,,9311,7911,Naturaleza,Ninguno,Sin centro de Costos,PLAN DE CUENTAS CONTASIS.xlsx,PLAN DE CUENTAS,1825
6416094,CANONES   - ADM - Gastos por Tributos - Gobierno Nacional,3,,9411,7911,Naturaleza,Ninguno,Sin centro de Costos,PLAN DE CUENTAS CONTASIS.xlsx,PLAN DE CUENTAS,1826
6416095,CANONES   - VTAS - Gastos por Tributos - Gobierno Nacional,3,,9511,7911,Naturaleza,Ninguno,Sin centro de Costos,PLAN DE CUENTAS CONTASIS.xlsx,PLAN DE CUENTAS,1827
6419,OTROS GASTOS POR TRIBUTOS,2,,,,Naturaleza,,,PLAN DE CUENTAS CONTASIS.xlsx,PLAN DE CUENTAS,1828
6419090,OTROS GASTOS POR TRIBUTOS  - PROD - Gobierno Nacional,3,,9011,7911,Naturaleza,Ninguno,Sin centro de Costos,PLAN DE CUENTAS CONTASIS.xlsx,PLAN DE CUENTAS,1829
6419093,OTROS GASTOS POR TRIBUTOS  - CDS - Gobierno Nacional,3,,9311,7911,Naturaleza,Ninguno,Sin centro de Costos,PLAN DE CUENTAS CONTASIS.xlsx,PLAN DE CUENTAS,1830
6419094,OTROS GASTOS POR TRIBUTOS  - ADM - Gobierno Nacional,3,,9411,7911,Naturaleza,Ninguno,Sin centro de Costos,PLAN DE CUENTAS CONTASIS.xlsx,PLAN DE CUENTAS,1831
6419095,OTROS GASTOS POR TRIBUTOS  - VTAS - Gobierno Nacional,3,,9511,7911,Naturaleza,Ninguno,Sin centro de Costos,PLAN DE CUENTAS CONTASIS.xlsx,PLAN DE CUENTAS,1832
642,GOBIERNO REGIONAL - Gastos por Tributos,2,,,,Naturaleza,,,PLAN DE CUENTAS CONTASIS.xlsx,PLAN DE CUENTAS,1833
6421090,GOBIERNO REGIONAL - PROD - Gastos por Tributos  - Gobierno Regional,3,,9011,7911,Naturaleza,Ninguno,Sin centro de Costos,PLAN DE CUENTAS CONTASIS.xlsx,PLAN DE CUENTAS,1834
6421093,GOBIERNO REGIONAL - CDS - Gastos por Tributos  - Gobierno Regional,3,,9311,7911,Naturaleza,Ninguno,Sin centro de Costos,PLAN DE CUENTAS CONTASIS.xlsx,PLAN DE CUENTAS,1835
6421094,GOBIERNO REGIONAL - ADM - Gastos por Tributos  - Gobierno Regional,3,,9411,7911,Naturaleza,Ninguno,Sin centro de Costos,PLAN DE CUENTAS CONTASIS.xlsx,PLAN DE CUENTAS,1836
6421095,GOBIERNO REGIONAL - VTAS - Gastos por Tributos - Gobierno Regional,3,,9511,7911,Naturaleza,Ninguno,Sin centro de Costos,PLAN DE CUENTAS CONTASIS.xlsx,PLAN DE CUENTAS,1837
643,GOBIERNO LOCAL - Gastos por Tributos,2,,,,Naturaleza,Ninguno,,PLAN DE CUENTAS CONTASIS.xlsx,PLAN DE CUENTAS,1838
6431,IMPUESTO PREDIAL - Gobierno Local,2,,,,Naturaleza,,,PLAN DE CUENTAS CONTASIS.xlsx,PLAN DE CUENTAS,1839
6431090,IMPUESTO PREDIAL - PROD - Gastos por Tributos - Gobierno Local,3,,9011,7911,Naturaleza,Ninguno,Sin centro de Costos,PLAN DE CUENTAS CONTASIS.xlsx,PLAN DE CUENTAS,1840
6431093,IMPUESTO PREDIAL - CDS - Gastos por Tributos- Gobierno Local,3,,9311,7911,Naturaleza,Ninguno,Sin centro de Costos,PLAN DE CUENTAS CONTASIS.xlsx,PLAN DE CUENTAS,1841
6431094,IMPUESTO PREDIAL - ADM - Gastos por Tributos - Gobierno Local,3,,9411,7911,Naturaleza,Ninguno,Sin centro de Costos,PLAN DE CUENTAS CONTASIS.xlsx,PLAN DE CUENTAS,1842
6431095,IMPUESTO PREDIAL - VTAS - Gastos por Tributos - Gobierno Local,3,,9511,7911,Naturaleza,Ninguno,Sin centro de Costos,PLAN DE CUENTAS CONTASIS.xlsx,PLAN DE CUENTAS,1843
6432,ARBITRIOS MUNICIPALES Y SEGURIDAD CIUDADANA - Gobierno Local,2,,,,Naturaleza,,,PLAN DE CUENTAS CONTASIS.xlsx,PLAN DE CUENTAS,1844
6432090,ARBITRIOS MUNICIPALES Y SEGURIDAD CIUDADANA  - PROD - Gastos por Tributos - Gobierno Local,3,,9011,7911,Naturaleza,Ninguno,Sin centro de Costos,PLAN DE CUENTAS CONTASIS.xlsx,PLAN DE CUENTAS,1845
6432093,ARBITRIOS MUNICIPALES Y SEGURIDAD CIUDADANA  - CDS - Gastos por Tributos - Gobierno Local,3,,9311,7911,Naturaleza,Ninguno,Sin centro de Costos,PLAN DE CUENTAS CONTASIS.xlsx,PLAN DE CUENTAS,1846
6432094,ARBITRIOS MUNICIPALES Y SEGURIDAD CIUDADANA  - ADM - Gastos por Tributos - Gobierno Local,3,,9411,7911,Naturaleza,Ninguno,Sin centro de Costos,PLAN DE CUENTAS CONTASIS.xlsx,PLAN DE CUENTAS,1847
6432095,ARBITRIOS MUNICIPALES Y SEGURIDAD CIUDADANA  - VTAS - Gastos por Tributos - Gobierno Local,3,,9511,7911,Naturaleza,Ninguno,Sin centro de Costos,PLAN DE CUENTAS CONTASIS.xlsx,PLAN DE CUENTAS,1848
6433,IMPUESTO AL PATRIMONIO  VEHICULAR - Gobierno Local,2,,,,Naturaleza,,,PLAN DE CUENTAS CONTASIS.xlsx,PLAN DE CUENTAS,1849
6433090,IMPUESTO AL PATRIMONIO VEHICULAR - PROD - Gastos por Tributos - Gobierno Local,3,,9011,7911,Naturaleza,Ninguno,Sin centro de Costos,PLAN DE CUENTAS CONTASIS.xlsx,PLAN DE CUENTAS,1850
6433093,IMPUESTO AL PATRIMONIO VEHICULAR - CDS - Gastos por Tributos - Gobierno Local,3,,9311,7911,Naturaleza,Ninguno,Sin centro de Costos,PLAN DE CUENTAS CONTASIS.xlsx,PLAN DE CUENTAS,1851
6433094,IMPUESTO AL PATRIMONIO VEHICULAR - ADM - Gastos por Tributos - Gobierno Local,3,,9411,7911,Naturaleza,Ninguno,Sin centro de Costos,PLAN DE CUENTAS CONTASIS.xlsx,PLAN DE CUENTAS,1852
6433095,IMPUESTO AL PATRIMONIO VEHICULAR - VTAS - Gastos por Tributos - Gobierno Local,3,,9511,7911,Naturaleza,Ninguno,Sin centro de Costos,PLAN DE CUENTAS CONTASIS.xlsx,PLAN DE CUENTAS,1853
6434,LICENCIA DE FUNCIONAMIENTO     - Gobierno Local,2,,,,Naturaleza,,,PLAN DE CUENTAS CONTASIS.xlsx,PLAN DE CUENTAS,1854
6434090,LICENCIA DE FUNCIONAMIENTO  - PROD - Gastos por Tributos - Gobierno Local,3,,9011,7911,Naturaleza,Ninguno,Sin centro de Costos,PLAN DE CUENTAS CONTASIS.xlsx,PLAN DE CUENTAS,1855
6434093,LICENCIA DE FUNCIONAMIENTO  -CDS - Gastos por Tributos - Gobierno Local,3,,9311,7911,Naturaleza,Ninguno,Sin centro de Costos,PLAN DE CUENTAS CONTASIS.xlsx,PLAN DE CUENTAS,1856
6434094,LICENCIA DE FUNCIONAMIENTO  - ADM - Gastos por Tributos - Gobierno Local,3,,9411,7911,Naturaleza,Ninguno,Sin centro de Costos,PLAN DE CUENTAS CONTASIS.xlsx,PLAN DE CUENTAS,1857
6434095,LICENCIA DE FUNCIONAMIENTO  - VTAS - Gastos por Tributos - Gobierno Local,3,,9511,7911,Naturaleza,Ninguno,Sin centro de Costos,PLAN DE CUENTAS CONTASIS.xlsx,PLAN DE CUENTAS,1858
6439,OTROS - Gobierno Local,2,,,,Naturaleza,,,PLAN DE CUENTAS CONTASIS.xlsx,PLAN DE CUENTAS,1859
6439090,OTROS  - PROD - Gastos por Tributos- Gobierno Local,3,,9011,7911,Naturaleza,Ninguno,Sin centro de Costos,PLAN DE CUENTAS CONTASIS.xlsx,PLAN DE CUENTAS,1860
6439093,OTROS  - CDS  - Gastos por Tributos- Gobierno Local,3,,9311,7911,Naturaleza,Ninguno,Sin centro de Costos,PLAN DE CUENTAS CONTASIS.xlsx,PLAN DE CUENTAS,1861
6439094,OTROS  - ADM - Gastos por Tributos- Gobierno Local,3,,9411,7911,Naturaleza,Ninguno,Sin centro de Costos,PLAN DE CUENTAS CONTASIS.xlsx,PLAN DE CUENTAS,1862
6439095,OTROS  - VTAS - Gastos por Tributos- Gobierno Local,3,,9511,7911,Naturaleza,Ninguno,Sin centro de Costos,PLAN DE CUENTAS CONTASIS.xlsx,PLAN DE CUENTAS,1863
644,OTROS GASTOS POR TRIBUTOS,2,,,,Naturaleza,,,PLAN DE CUENTAS CONTASIS.xlsx,PLAN DE CUENTAS,1864
6442,CONTRIBUCION AL SENCICO  - Otros Gastos por Tributos,2,,,,Naturaleza,,,PLAN DE CUENTAS CONTASIS.xlsx,PLAN DE CUENTAS,1865
6442090,CONTRIBUCION AL SENCICO - PROD - Otros Gastos por Tributos,3,,9011,7911,Naturaleza,Ninguno,Sin centro de Costos,PLAN DE CUENTAS CONTASIS.xlsx,PLAN DE CUENTAS,1866
6442093,CONTRIBUCION AL SENCICO - CDS - Otros Gastos por Tributos,3,,9311,7911,Naturaleza,Ninguno,Sin centro de Costos,PLAN DE CUENTAS CONTASIS.xlsx,PLAN DE CUENTAS,1867
6442094,CONTRIBUCION AL SENCICO - ADM - Otros Gastos por Tributos,3,,9411,7911,Naturaleza,Ninguno,Sin centro de Costos,PLAN DE CUENTAS CONTASIS.xlsx,PLAN DE CUENTAS,1868
6442095,CONTRIBUCION AL SENCICO - VTAS - Otros Gastos por Tributos,3,,9511,7911,Naturaleza,Ninguno,Sin centro de Costos,PLAN DE CUENTAS CONTASIS.xlsx,PLAN DE CUENTAS,1869
6443,OTROS - Gastos por Tributos,2,,,,Naturaleza,,,PLAN DE CUENTAS CONTASIS.xlsx,PLAN DE CUENTAS,1870
6443090,OTROS - PROD - Otros Gastos por Tributos,3,,9011,7911,Naturaleza,Ninguno,Sin centro de Costos,PLAN DE CUENTAS CONTASIS.xlsx,PLAN DE CUENTAS,1871
6443093,OTROS - CDS - Otros Gastos por Tributos,3,,9311,7911,Naturaleza,Ninguno,Sin centro de Costos,PLAN DE CUENTAS CONTASIS.xlsx,PLAN DE CUENTAS,1872
6443094,OTROS - ADM - Otros Gastos por Tributos,3,,9411,7911,Naturaleza,Ninguno,Sin centro de Costos,PLAN DE CUENTAS CONTASIS.xlsx,PLAN DE CUENTAS,1873
6443095,OTROS - VTAS - Otros Gastos por Tributos,3,,9511,7911,Naturaleza,Ninguno,Sin centro de Costos,PLAN DE CUENTAS CONTASIS.xlsx,PLAN DE CUENTAS,1874
645,GASTOS EN DEUDAS TRIBUTARIAS,2,,,,Naturaleza,,,PLAN DE CUENTAS CONTASIS.xlsx,PLAN DE CUENTAS,1875
6451,INTERESES  - Gastos en Deudas Tributarias,2,,,,Naturaleza,,,PLAN DE CUENTAS CONTASIS.xlsx,PLAN DE CUENTAS,1876
6451090,INTERESES - PROD - Gastos en Deudas Tributarias,3,,9011,7911,Naturaleza,Ninguno,Sin centro de Costos,PLAN DE CUENTAS CONTASIS.xlsx,PLAN DE CUENTAS,1877
6451093,INTERESES - CDS - Gastos en Deudas Tributarias,3,,9311,7911,Naturaleza,Ninguno,Sin centro de Costos,PLAN DE CUENTAS CONTASIS.xlsx,PLAN DE CUENTAS,1878
6451094,INTERESES - ADM - Gastos en Deudas Tributarias,3,,9411,7911,Naturaleza,Ninguno,Sin centro de Costos,PLAN DE CUENTAS CONTASIS.xlsx,PLAN DE CUENTAS,1879
6451095,INTERESES - VTAS - Gastos en Deudas Tributarias,3,,9511,7911,Naturaleza,Ninguno,Sin centro de Costos,PLAN DE CUENTAS CONTASIS.xlsx,PLAN DE CUENTAS,1880
6452,INTERESES - FRACCIONAMIENTO  - Gastos en Deudas Tributarias,2,,,,Naturaleza,,,PLAN DE CUENTAS CONTASIS.xlsx,PLAN DE CUENTAS,1881
6452090,INTERESES - FRACCIONAMIENTO - PROD - Gastos en Deudas Tributarias,3,,9011,7911,Naturaleza,Ninguno,Sin centro de Costos,PLAN DE CUENTAS CONTASIS.xlsx,PLAN DE CUENTAS,1882
6452093,INTERESES - FRACCIONAMIENTO - CDS - Gastos en Deudas Tributarias,3,,9311,7911,Naturaleza,Ninguno,Sin centro de Costos,PLAN DE CUENTAS CONTASIS.xlsx,PLAN DE CUENTAS,1883
6452094,INTERESES - FRACCIONAMIENTO - ADM - Gastos en Deudas Tributarias,3,,9411,7911,Naturaleza,Ninguno,Sin centro de Costos,PLAN DE CUENTAS CONTASIS.xlsx,PLAN DE CUENTAS,1884
6452095,INTERESES - FRACCIONAMIENTO - VTAS - Gastos en Deudas Tributarias,3,,9511,7911,Naturaleza,Ninguno,Sin centro de Costos,PLAN DE CUENTAS CONTASIS.xlsx,PLAN DE CUENTAS,1885
6453,MULTAS  - Gastos en Deudas Tributarias,2,,,,Naturaleza,,,PLAN DE CUENTAS CONTASIS.xlsx,PLAN DE CUENTAS,1886
6453090,MULTAS - PROD - Gastos en Deudas Tributarias,3,,9011,7911,Naturaleza,Ninguno,Sin centro de Costos,PLAN DE CUENTAS CONTASIS.xlsx,PLAN DE CUENTAS,1887
6453093,MULTAS - CDS - Gastos en Deudas Tributarias,3,,9311,7911,Naturaleza,Ninguno,Sin centro de Costos,PLAN DE CUENTAS CONTASIS.xlsx,PLAN DE CUENTAS,1888
6453094,MULTAS - ADM - Gastos en Deudas Tributarias,3,,9411,7911,Naturaleza,Ninguno,Sin centro de Costos,PLAN DE CUENTAS CONTASIS.xlsx,PLAN DE CUENTAS,1889
6453095,MULTAS - VTAS - Gastos en Deudas Tributarias,3,,9511,7911,Naturaleza,Ninguno,Sin centro de Costos,PLAN DE CUENTAS CONTASIS.xlsx,PLAN DE CUENTAS,1890
6454,COSTAS Y OTROS   - Gastos en Deudas Tributarias,2,,,,Naturaleza,,,PLAN DE CUENTAS CONTASIS.xlsx,PLAN DE CUENTAS,1891
6454090,COSTAS Y OTROS - PROD - Gastos en Deudas Tributarias,3,,9011,7911,Naturaleza,Ninguno,Sin centro de Costos,PLAN DE CUENTAS CONTASIS.xlsx,PLAN DE CUENTAS,1892
6454093,COSTAS Y OTROS - CDS - Gastos en Deudas Tributarias,3,,9311,7911,Naturaleza,Ninguno,Sin centro de Costos,PLAN DE CUENTAS CONTASIS.xlsx,PLAN DE CUENTAS,1893
6454094,COSTAS Y OTROS - ADM - Gastos en Deudas Tributarias,3,,9411,7911,Naturaleza,Ninguno,Sin centro de Costos,PLAN DE CUENTAS CONTASIS.xlsx,PLAN DE CUENTAS,1894
6454095,COSTAS Y OTROS - VTAS - Gastos en Deudas Tributarias,3,,9511,7911,Naturaleza,Ninguno,Sin centro de Costos,PLAN DE CUENTAS CONTASIS.xlsx,PLAN DE CUENTAS,1895
65,OTROS GASTOS DE GESTION,1,,,,Naturaleza,Ninguno,,PLAN DE CUENTAS CONTASIS.xlsx,PLAN DE CUENTAS,1896
651,SEGUROS  - Otros Gastos de Gestión,2,,,,Naturaleza,Ninguno,,PLAN DE CUENTAS CONTASIS.xlsx,PLAN DE CUENTAS,1897
6510090,SEGUROS - PROD - Otros Gastos de Gestión,3,,9011,7911,Naturaleza,Ninguno,Sin centro de Costos,PLAN DE CUENTAS CONTASIS.xlsx,PLAN DE CUENTAS,1898
6510091,SEGUROS - PROD INDIRECTA - Otros Gastos de Gestión,3,,,,Naturaleza,Ninguno,Sin centro de Costos,PLAN DE CUENTAS CONTASIS.xlsx,PLAN DE CUENTAS,1899
6510093,SEGUROS- CDS - Otros Gastos de Gestión,3,,9311,7911,Naturaleza,Ninguno,Sin centro de Costos,PLAN DE CUENTAS CONTASIS.xlsx,PLAN DE CUENTAS,1900
6510094,SEGUROS - ADM - Otros Gastos de Gestión,3,,9411,7911,Naturaleza,Ninguno,Sin centro de Costos,PLAN DE CUENTAS CONTASIS.xlsx,PLAN DE CUENTAS,1901
6510095,SEGUROS - VTAS - Otros Gastos de Gestión,3,,9511,7911,Naturaleza,Ninguno,Sin centro de Costos,PLAN DE CUENTAS CONTASIS.xlsx,PLAN DE CUENTAS,1902
652,REGALIAS  - Otros Gastos de Gestión,2,,,,Naturaleza,Ninguno,,PLAN DE CUENTAS CONTASIS.xlsx,PLAN DE CUENTAS,1903
6520090,REGALIAS - PROD - Otros Gastos de Gestión,3,,9011,7911,Naturaleza,Ninguno,Sin centro de Costos,PLAN DE CUENTAS CONTASIS.xlsx,PLAN DE CUENTAS,1904
6520093,REGALIAS - CDS - Otros Gastos de Gestión,3,,9311,7911,Naturaleza,Ninguno,Sin centro de Costos,PLAN DE CUENTAS CONTASIS.xlsx,PLAN DE CUENTAS,1905
6520094,REGALIAS - ADM - Otros Gastos de Gestión,3,,9411,7911,Naturaleza,Ninguno,Sin centro de Costos,PLAN DE CUENTAS CONTASIS.xlsx,PLAN DE CUENTAS,1906
6520095,REGALIAS  - VTAS - Otros Gastos de Gestión,3,,9511,7911,Naturaleza,Ninguno,Sin centro de Costos,PLAN DE CUENTAS CONTASIS.xlsx,PLAN DE CUENTAS,1907
653,SUSCRIPCIONES  - Otros Gastos de Gestión,2,,,,Naturaleza,Ninguno,,PLAN DE CUENTAS CONTASIS.xlsx,PLAN DE CUENTAS,1908
6530090,SUSCRIPCIONES  - PROD - Otros Gastos de Gestión,3,,9011,7911,Naturaleza,Ninguno,Sin centro de Costos,PLAN DE CUENTAS CONTASIS.xlsx,PLAN DE CUENTAS,1909
6530093,SUSCRIPCIONES  - CDS - Otros Gastos de Gestión,3,,9311,7911,Naturaleza,Ninguno,Sin centro de Costos,PLAN DE CUENTAS CONTASIS.xlsx,PLAN DE CUENTAS,1910
6530094,SUSCRIPCIONES  - ADM - Otros Gastos de Gestión,3,,9411,7911,Naturaleza,Ninguno,Sin centro de Costos,PLAN DE CUENTAS CONTASIS.xlsx,PLAN DE CUENTAS,1911
6530095,SUSCRIPCIONES   - VTAS - Otros Gastos de Gestión,3,,9511,7911,Naturaleza,Ninguno,Sin centro de Costos,PLAN DE CUENTAS CONTASIS.xlsx,PLAN DE CUENTAS,1912
654,LICENCIAS Y DERECHOS DE VIGENCIA  - Otros Gastos de Gestión,2,,,,Naturaleza,Ninguno,,PLAN DE CUENTAS CONTASIS.xlsx,PLAN DE CUENTAS,1913
6540090,LICENCIAS Y DERECHOS DE VIGENCIA  - PROD - Otros Gastos de Gestión,3,,9011,7911,Naturaleza,Ninguno,Sin centro de Costos,PLAN DE CUENTAS CONTASIS.xlsx,PLAN DE CUENTAS,1914
6540093,LICENCIAS Y DERECHOS DE VIGENCIA   - CDS - Otros Gastos de Gestión,3,,9311,7911,Naturaleza,Ninguno,Sin centro de Costos,PLAN DE CUENTAS CONTASIS.xlsx,PLAN DE CUENTAS,1915
6540094,LICENCIAS Y DERECHOS DE VIGENCIA  - ADM - Otros Gastos de Gestión,3,,9411,7911,Naturaleza,Ninguno,Sin centro de Costos,PLAN DE CUENTAS CONTASIS.xlsx,PLAN DE CUENTAS,1916
6540095,LICENCIAS Y DERECHOS DE VIGENCIA   - VTAS - Otros Gastos de Gestión,3,,9511,7911,Naturaleza,Ninguno,Sin centro de Costos,PLAN DE CUENTAS CONTASIS.xlsx,PLAN DE CUENTAS,1917
655,COSTO NETO DE ENAJENACIÓN DE ACTIVOS INMOVILIZADOS Y OPERACIONES DISCONTINUADAS,2,,,,Resultado,,,PLAN DE CUENTAS CONTASIS.xlsx,PLAN DE CUENTAS,1918
6551,COSTO NETO DE ENAJENACIÓN DE ACTIVOS INMOVILIZADOS  - Costo Neto de Enajenación de Activos Inmoviliz,2,,,,Resultado,,,PLAN DE CUENTAS CONTASIS.xlsx,PLAN DE CUENTAS,1919
65511,INVERSIONES MOBILIARIAS - Costo Neto de Enajenación de Activos Inmovilizados,3,F525,,,Resultado,Ninguno,Sin centro de Costos,PLAN DE CUENTAS CONTASIS.xlsx,PLAN DE CUENTAS,1920
65512,PROPIEDADES DE INVERSIÓN - Costo Neto de Enajenación de Activos Inmovilizados,3,F525,,,Resultado,Ninguno,Sin centro de Costos,PLAN DE CUENTAS CONTASIS.xlsx,PLAN DE CUENTAS,1921
65513,ACTIVO POR DERECHO DE USO - ARRENDAMIENTO FINANCIERO - Costo Neto de Enajenación de Activos Inmovili,3,F525,,,Resultado,Ninguno,Sin centro de Costos,PLAN DE CUENTAS CONTASIS.xlsx,PLAN DE CUENTAS,1922
65514,"PROPIEDAD, PLANTA Y EQUIPO - Costo Neto de Enajenación de Activos Inmovilizados",3,F525,,,Resultado,Ninguno,Sin centro de Costos,PLAN DE CUENTAS CONTASIS.xlsx,PLAN DE CUENTAS,1923
65515,INTANGIBLES - Costo Neto de Enajenación de Activos Inmovilizados,3,F525,,,Resultado,Ninguno,Sin centro de Costos,PLAN DE CUENTAS CONTASIS.xlsx,PLAN DE CUENTAS,1924
65516,ACTIVOS BIOLÓGICOS - Costo Neto de Enajenación de Activos Inmovilizados,3,F525,,,Resultado,Ninguno,Sin centro de Costos,PLAN DE CUENTAS CONTASIS.xlsx,PLAN DE CUENTAS,1925
6552,OPERACIONES DISCONTINUADAS - ABANDONO DE ACTIVOS  - Costo Neto de Enajenación de Activos Inmovilizad,2,,,,Resultado,,,PLAN DE CUENTAS CONTASIS.xlsx,PLAN DE CUENTAS,1926
65521,PROPIEDADES DE INVERSIÓN - Operaciones Discontinuadas - Abandono de Activos,3,F525,,,Resultado,Ninguno,Sin centro de Costos,PLAN DE CUENTAS CONTASIS.xlsx,PLAN DE CUENTAS,1927
65522,ACTIVOS POR DERECHO DE USO  - Arrendamiento Financiero - Operaciones Discontinuadas - Abandono de A,3,F525,,,Resultado,Ninguno,Sin centro de Costos,PLAN DE CUENTAS CONTASIS.xlsx,PLAN DE CUENTAS,1928
65523,"PROPIEDAD, PLANTA Y EQUIPO - Operaciones Discontinuadas - Abandono de Activos",3,F525,,,Resultado,Ninguno,Sin centro de Costos,PLAN DE CUENTAS CONTASIS.xlsx,PLAN DE CUENTAS,1929
65524,INTANGIBLES - Operaciones Discontinuadas - Abandono de Activos,3,F525,,,Resultado,Ninguno,Sin centro de Costos,PLAN DE CUENTAS CONTASIS.xlsx,PLAN DE CUENTAS,1930
65525,ACTIVOS BIOLOGICOS - Operaciones Discontinuadas - Abandono de Activos,3,F525,,,Resultado,Ninguno,Sin centro de Costos,PLAN DE CUENTAS CONTASIS.xlsx,PLAN DE CUENTAS,1931
656,SUMINISTROS   - Otros Gastos de Gestión,2,,,,Naturaleza,,,PLAN DE CUENTAS CONTASIS.xlsx,PLAN DE CUENTAS,1932
6560,SUMINISTROS   - Otros Gastos de Gestión,2,,,,Naturaleza,,,PLAN DE CUENTAS CONTASIS.xlsx,PLAN DE CUENTAS,1933
6560090,SUMINISTROS - PROD - Otros Gastos de Gestión,3,,9011,7911,Naturaleza,Ninguno,Sin centro de Costos,PLAN DE CUENTAS CONTASIS.xlsx,PLAN DE CUENTAS,1934
6560093,SUMINISTROS - CDS - Otros Gastos de Gestión,3,,9311,7911,Naturaleza,Ninguno,Sin centro de Costos,PLAN DE CUENTAS CONTASIS.xlsx,PLAN DE CUENTAS,1935
6560094,SUMINISTROS - ADM - Otros Gastos de Gestión,3,,9411,7911,Naturaleza,Ninguno,Sin centro de Costos,PLAN DE CUENTAS CONTASIS.xlsx,PLAN DE CUENTAS,1936
6560095,SUMINISTROS - VTAS - Otros Gastos de Gestión,3,,9511,7911,Naturaleza,Ninguno,Sin centro de Costos,PLAN DE CUENTAS CONTASIS.xlsx,PLAN DE CUENTAS,1937
658,GESTION MEDIOAMBIENTAL   - Otros Gastos de Gestión,2,,,,Naturaleza,,,PLAN DE CUENTAS CONTASIS.xlsx,PLAN DE CUENTAS,1938
6580,GESTION MEDIOAMBIENTAL   - Otros Gastos de Gestión,2,,,,Naturaleza,,,PLAN DE CUENTAS CONTASIS.xlsx,PLAN DE CUENTAS,1939
6580090,GESTION MEDIOAMBIENTAL  - PROD - Otros Gastos de Gestión,3,,9011,7911,Naturaleza,Ninguno,Sin centro de Costos,PLAN DE CUENTAS CONTASIS.xlsx,PLAN DE CUENTAS,1940
6580094,GESTION MEDIOAMBIENTAL - ADM - Otros Gastos de Gestión,3,,9411,7911,Naturaleza,Ninguno,Sin centro de Costos,PLAN DE CUENTAS CONTASIS.xlsx,PLAN DE CUENTAS,1941
6580095,GESTION MEDIOAMBIENTAL - VTAS - Otros Gastos de Gestión,3,,9511,7911,Naturaleza,Ninguno,Sin centro de Costos,PLAN DE CUENTAS CONTASIS.xlsx,PLAN DE CUENTAS,1942
659,OTROS GASTOS DIVERSOS DE GESTION,2,,,,Naturaleza,Ninguno,,PLAN DE CUENTAS CONTASIS.xlsx,PLAN DE CUENTAS,1943
6591,DONACIONES  - Otros Gastos Diversos de Gestión,2,,,,Naturaleza,,,PLAN DE CUENTAS CONTASIS.xlsx,PLAN DE CUENTAS,1944
6591094,DONACIONES  - ADM - Otros Gastos Diversos de Gestión,3,,9411,7911,Naturaleza,Ninguno,Sin centro de Costos,PLAN DE CUENTAS CONTASIS.xlsx,PLAN DE CUENTAS,1945
6591095,DONACIONES  - VTAS - Otros Gastos Diversos de Gestión,3,,9511,7911,Naturaleza,Ninguno,Sin centro de Costos,PLAN DE CUENTAS CONTASIS.xlsx,PLAN DE CUENTAS,1946
6592,SANCIONES ADMINISTRATIVAS - SUNAT  - Otros Gastos Diversos de Gestión,2,,,,Resultado,,,PLAN DE CUENTAS CONTASIS.xlsx,PLAN DE CUENTAS,1947
65921,SANCIONES ADMINISTRATIVAS  - SUNAT - Multas - Otros Gastos Diversos de Gestión,3,F530,,,Resultado,Ninguno,Sin centro de Costos,PLAN DE CUENTAS CONTASIS.xlsx,PLAN DE CUENTAS,1948
65922,SANCIONES ADMINISTRATIVAS  - SUNAT - Derechos Antidumping y Otros - Otros Gastos Diversos de Gestión,3,F530,,,Resultado,Ninguno,Sin centro de Costos,PLAN DE CUENTAS CONTASIS.xlsx,PLAN DE CUENTAS,1949
65929,SANCIONES ADMINISTRATIVAS  - SUNAT - Otras Entidades del Sector Público Nacional - Otros Gastos Div.,3,F530,,,Resultado,Ninguno,Sin centro de Costos,PLAN DE CUENTAS CONTASIS.xlsx,PLAN DE CUENTAS,1950
6599,OTROS GASTOS DIVERSOS DE GESTION,2,,,,Naturaleza,,,PLAN DE CUENTAS CONTASIS.xlsx,PLAN DE CUENTAS,1951
6599090,OTROS GASTOS DIVERSOS DE GESTION - PROD,3,,9011,7911,Naturaleza,Ninguno,Sin centro de Costos,PLAN DE CUENTAS CONTASIS.xlsx,PLAN DE CUENTAS,1952
6599093,OTROS GASTOS DIVERSOS DE GESTION - CDS,3,,9311,7911,Naturaleza,Ninguno,Sin centro de Costos,PLAN DE CUENTAS CONTASIS.xlsx,PLAN DE CUENTAS,1953
6599094,OTROS GASTOS DIVERSOS DE GESTION - ADM,3,,9411,7911,Naturaleza,Ninguno,Sin centro de Costos,PLAN DE CUENTAS CONTASIS.xlsx,PLAN DE CUENTAS,1954
6599095,OTROS GASTOS DIVERSOS DE GESTION - VTAS,3,,9511,7911,Naturaleza,Ninguno,Sin centro de Costos,PLAN DE CUENTAS CONTASIS.xlsx,PLAN DE CUENTAS,1955
66,PÉRDIDA POR MEDICIÓN DE ACTIVOS NO FINANCIEROS AL VALOR RAZONABLE,1,,,,Resultado,,,PLAN DE CUENTAS CONTASIS.xlsx,PLAN DE CUENTAS,1956
661,ACTIVO REALIZABLE,2,,,,Resultado,,,PLAN DE CUENTAS CONTASIS.xlsx,PLAN DE CUENTAS,1957
6611,MERCADERIAS  - Activo Realizable - Pérdida por Medición a Valor Razonable,2,,,,Resultado,,,PLAN DE CUENTAS CONTASIS.xlsx,PLAN DE CUENTAS,1958
66110,MERCADERIAS - Activo Realizable - Pérdida por Medición a Valor Razonable,3,F530,,,Resultado,Ninguno,Sin centro de Costos,PLAN DE CUENTAS CONTASIS.xlsx,PLAN DE CUENTAS,1959
6612,PRODUCTOS TERMINADOS  - Activo Realizable - Pérdida por Medición a Valor Razonable,2,,,,Resultado,,,PLAN DE CUENTAS CONTASIS.xlsx,PLAN DE CUENTAS,1960
66120,PRODUCTOS TERMINADOS - Activo Realizable - Pérdida por Medición a Valor Razonable,3,F530,,,Resultado,Ninguno,Sin centro de Costos,PLAN DE CUENTAS CONTASIS.xlsx,PLAN DE CUENTAS,1961
6613,ACTIVOS NO CORRIENTES MANTENIDOS PARA LA VENTA  - Activo Realizable - Pérdida por Medición a VR,2,,,,Resultado,,,PLAN DE CUENTAS CONTASIS.xlsx,PLAN DE CUENTAS,1962
66131,PROPIEDADES DE INVERSIÓN  - Activo Realizable - Pérdida por Medición a Valor Razonable,2,,,,Resultado,,,PLAN DE CUENTAS CONTASIS.xlsx,PLAN DE CUENTAS,1963
661310,PROPIEDADES DE INVERSIÓN  - Activo Realizable - Pérdida por Medición a Valor Razonable,3,F530,,,Resultado,Ninguno,Sin centro de Costos,PLAN DE CUENTAS CONTASIS.xlsx,PLAN DE CUENTAS,1964
66132,"PROPIEDAD, PLANTA Y EQUIPO  - Activo Realizable - Pérdida por Medición a Valor Razonable",2,,,,Resultado,,,PLAN DE CUENTAS CONTASIS.xlsx,PLAN DE CUENTAS,1965
661320,"PROPIEDAD, PLANTA Y EQUIPO - Activo Realizable - Pérdida por Medición a Valor Razonable",3,F530,,,Resultado,Ninguno,Sin centro de Costos,PLAN DE CUENTAS CONTASIS.xlsx,PLAN DE CUENTAS,1966
66133,INTANGIBLES  - Activo Realizable - Pérdida por Medición a Valor Razonable,2,,,,Resultado,,,PLAN DE CUENTAS CONTASIS.xlsx,PLAN DE CUENTAS,1967
661330,INTANGIBLES  - Activo Realizable - Pérdida por Medición a Valor Razonable,3,F530,,,Resultado,Ninguno,Sin centro de Costos,PLAN DE CUENTAS CONTASIS.xlsx,PLAN DE CUENTAS,1968
66134,ACTIVOS BIOLOGICOS  - Activo Realizable - Pérdida por Medición a Valor Razonable,2,,,,Resultado,,,PLAN DE CUENTAS CONTASIS.xlsx,PLAN DE CUENTAS,1969
661340,ACTIVOS BIOLOGICOS - Activo Realizable - Pérdida por Medición a Valor Razonable,3,F530,,,Resultado,Ninguno,Sin centro de Costos,PLAN DE CUENTAS CONTASIS.xlsx,PLAN DE CUENTAS,1970
662,ACTIVO INMOVILIZADO,2,,,,Resultado,,,PLAN DE CUENTAS CONTASIS.xlsx,PLAN DE CUENTAS,1971
6621,PROPIEDADES DE INVERSIÓN  - Activo Inmovilizado - Pérdida por Medición a Valor Razonable,2,,,,Resultado,,,PLAN DE CUENTAS CONTASIS.xlsx,PLAN DE CUENTAS,1972
66210,PROPIEDADES DE INVERSIÓN - Activo Inmovilizado - Pérdida por Medición a Valor Razonable,3,F530,,,Resultado,Ninguno,Sin centro de Costos,PLAN DE CUENTAS CONTASIS.xlsx,PLAN DE CUENTAS,1973
6622,ACTIVOS BIOLOGICOS  - Activo Inmovilizado - Pérdida por Medición a Valor Razonable,2,,,,Resultado,,,PLAN DE CUENTAS CONTASIS.xlsx,PLAN DE CUENTAS,1974
66220,ACTIVOS BIOLOGICOS - Activo Inmovlizado - Pérdida por Medición a Valor Razonable,3,F530,,,Resultado,Ninguno,Sin centro de Costos,PLAN DE CUENTAS CONTASIS.xlsx,PLAN DE CUENTAS,1975
67,GASTOS FINANCIEROS,1,,,,Naturaleza,Ninguno,,PLAN DE CUENTAS CONTASIS.xlsx,PLAN DE CUENTAS,1976
671,GASTOS EN OPERACIONES DE ENDEUDAMIENTO Y OTROS,2,,,,Naturaleza,Ninguno,,PLAN DE CUENTAS CONTASIS.xlsx,PLAN DE CUENTAS,1977
6711,PRÉSTAMOS DE INSTITUCIONES FINANCIERAS Y OTRAS ENTIDADES  - Gastos Financieros,2,,,,Naturaleza,,,PLAN DE CUENTAS CONTASIS.xlsx,PLAN DE CUENTAS,1978
6711097,PRÉSTAMOS DE INSTITUCIONES FINANCIERAS Y OTRAS ENTIDADES- Gastos Financieros,3,,9711,7911,Naturaleza,Ninguno,Sin centro de Costos,PLAN DE CUENTAS CONTASIS.xlsx,PLAN DE CUENTAS,1979
6712,CONTRATOS DE ARRENDAMIENTO FINANCIERO  - Gastos Financieros,2,,,,Naturaleza,,,PLAN DE CUENTAS CONTASIS.xlsx,PLAN DE CUENTAS,1980
6712097,CONTRATOS DE ARRENDAMIENTO FINANCIERO - Gastos Financieros,3,,9711,7911,Naturaleza,Ninguno,Sin centro de Costos,PLAN DE CUENTAS CONTASIS.xlsx,PLAN DE CUENTAS,1981
6713,EMISIÓN Y COLOCACIÓN DE INSTRUMENTOS REPRESENTATIVOS DE DEUDA Y PATRIMONIO - Gastos Financieros,2,,,,Naturaleza,,,PLAN DE CUENTAS CONTASIS.xlsx,PLAN DE CUENTAS,1982
6713097,EMISIÓN Y COLOCACIÓN DE INSTRUMENTOS REPRESENTATIVOS DE DEUDA Y PATRIMONIO - Gastos Financieros,3,,9711,7911,Naturaleza,Ninguno,Sin centro de Costos,PLAN DE CUENTAS CONTASIS.xlsx,PLAN DE CUENTAS,1983
6714,DOCUMENTOS VENDIDOS O DESCONTADOS - Gastos Financieros,2,,,,Naturaleza,,,PLAN DE CUENTAS CONTASIS.xlsx,PLAN DE CUENTAS,1984
6714097,DOCUMENTOS VENDIDOS O DESCONTADOS - Gastos Financieros,3,,9711,7911,Naturaleza,Ninguno,Sin centro de Costos,PLAN DE CUENTAS CONTASIS.xlsx,PLAN DE CUENTAS,1985
672,PÉRDIDA POR INSTRUMENTOS FINANCIEROS DERIVADOS - Gastos Financieros,2,,,,Naturaleza,Ninguno,,PLAN DE CUENTAS CONTASIS.xlsx,PLAN DE CUENTAS,1986
6720097,PÉRDIDA POR INSTRUMENTOS FINANCIEROS DERIVADOS - Gastos Financieros,3,,9711,7911,Naturaleza,Ninguno,Sin centro de Costos,PLAN DE CUENTAS CONTASIS.xlsx,PLAN DE CUENTAS,1987
673,INTERESES POR PRÉSTAMOS Y OTRAS OBLIGACIONES,2,,,,Naturaleza,,,PLAN DE CUENTAS CONTASIS.xlsx,PLAN DE CUENTAS,1988
6731,PRÉSTAMOS DE INSTITUCIONES FINANCIERAS Y OTRAS ENTIDADES,2,,,,Naturaleza,,,PLAN DE CUENTAS CONTASIS.xlsx,PLAN DE CUENTAS,1989
67311,INSTITUCIONES FINANCIERAS - Interes por Préstamo y Otras Obligaciones - Gastos Financieros,2,,,,Naturaleza,,,PLAN DE CUENTAS CONTASIS.xlsx,PLAN DE CUENTAS,1990
67311097,INSTITUCIONES FINANCIERAS - Interes por Préstamo y Otras Obligaciones - Gastos Financieros,3,,9711,7911,Naturaleza,Ninguno,Sin centro de Costos,PLAN DE CUENTAS CONTASIS.xlsx,PLAN DE CUENTAS,1991
67312,OTRAS ENTIDADES - Interés por Préstamo y Otras Obligaciones - Gastos Financieros,2,,,,Naturaleza,,,PLAN DE CUENTAS CONTASIS.xlsx,PLAN DE CUENTAS,1992
67312097,OTRAS ENTIDADES - Interes por Préstamo y Otras Obligaciones - Gastos Financieros,3,,9711,7911,Naturaleza,Ninguno,Sin centro de Costos,PLAN DE CUENTAS CONTASIS.xlsx,PLAN DE CUENTAS,1993
6732,CONTRATOS DE ARRENDAMIENTO FINANCIERO - Interes por Préstamo y Otras Obligaciones - Gastos Financier,2,,,,Naturaleza,,,PLAN DE CUENTAS CONTASIS.xlsx,PLAN DE CUENTAS,1994
6732097,CONTRATOS DE ARRENDAMIENTO FINANCIERO - Interes por Préstamo y Otras Obligaciones - Gastos Financier,3,,9711,7911,Naturaleza,Ninguno,Sin centro de Costos,PLAN DE CUENTAS CONTASIS.xlsx,PLAN DE CUENTAS,1995
6733,OTROS INSTRUMENTOS FINANCIEROS POR PAGAR - Interes por Préstamo y Otras Obligaciones - Gastos Financ,2,,,,Naturaleza,,,PLAN DE CUENTAS CONTASIS.xlsx,PLAN DE CUENTAS,1996
6733097,OTROS INSTRUMENTOS FINANCIEROS POR PAGAR - Interes por Préstamo y Otras Obligaciones - Gastos Financ,3,,9711,7911,Naturaleza,Ninguno,Sin centro de Costos,PLAN DE CUENTAS CONTASIS.xlsx,PLAN DE CUENTAS,1997
6734,DOCUMENTOS VENDIDOS O DESCONTADOS  - Interes por Préstamo y Otras Obligaciones - Gastos Financieros,2,,,,Naturaleza,,,PLAN DE CUENTAS CONTASIS.xlsx,PLAN DE CUENTAS,1998
6734097,DOCUMENTOS VENDIDOS O DESCONTADOS  - Interes por Préstamo y Otras Obligaciones - Gastos Financieros,3,,9711,7911,Naturaleza,Ninguno,Sin centro de Costos,PLAN DE CUENTAS CONTASIS.xlsx,PLAN DE CUENTAS,1999
6735,OBLIGACIONES EMITIDAS - Interes por Préstamo y Otras Obligaciones - Gastos Financieros,2,,,,Naturaleza,,,PLAN DE CUENTAS CONTASIS.xlsx,PLAN DE CUENTAS,2000
6735097,OBLIGACIONES EMITIDAS - Interes por Préstamo y Otras Obligaciones - Gastos Financieros,3,,9711,7911,Naturaleza,Ninguno,Sin centro de Costos,PLAN DE CUENTAS CONTASIS.xlsx,PLAN DE CUENTAS,2001
6736,OBLIGACIONES COMERCIALES - Interes por Préstamo y Otras Obligaciones - Gastos Financieros,2,,,,Naturaleza,,,PLAN DE CUENTAS CONTASIS.xlsx,PLAN DE CUENTAS,2002
6736097,OBLIGACIONES COMERCIALES - Interes por Préstamo y Otras Obligaciones - Gastos Financieros,3,,9711,7911,Naturaleza,Ninguno,Sin centro de Costos,PLAN DE CUENTAS CONTASIS.xlsx,PLAN DE CUENTAS,2003
674,GASTOS EN OPERACIONES DE FACTORAJE (FACTORING),2,,,,Naturaleza,,,PLAN DE CUENTAS CONTASIS.xlsx,PLAN DE CUENTAS,2004
6741,PÉRDIDA EN INSTRUMENTOS VENDIDOS,2,,,,Naturaleza,,,PLAN DE CUENTAS CONTASIS.xlsx,PLAN DE CUENTAS,2005
6741097,PÉRDIDA EN INSTRUMENTOS VENDIDOS - Gastos en Operaciones de Factoraje,3,,9711,7911,Naturaleza,Ninguno,Sin centro de Costos,PLAN DE CUENTAS CONTASIS.xlsx,PLAN DE CUENTAS,2006
675,DESCUENTO CONCEDIDOS POR PRONTO PAGO,2,,,,Naturaleza,Ninguno,,PLAN DE CUENTAS CONTASIS.xlsx,PLAN DE CUENTAS,2007
6750097,DESCUENTO CONCEDIDOS POR PRONTO PAGO  - FIN - Gastos Financieros,3,,9711,7911,Naturaleza,Ninguno,Sin centro de Costos,PLAN DE CUENTAS CONTASIS.xlsx,PLAN DE CUENTAS,2008
676,DIFERENCIA DE CAMBIO,2,,,,Naturaleza,Ninguno,,PLAN DE CUENTAS CONTASIS.xlsx,PLAN DE CUENTAS,2009
6760097,DIFERENCIA DE CAMBIO - FIN - Gastos Financieros,3,,9711,7911,Naturaleza,Ninguno,Sin centro de Costos,PLAN DE CUENTAS CONTASIS.xlsx,PLAN DE CUENTAS,2010
677,PERDIDA POR MEDICION DE ACTIVOS  Y PASIVOS FINANCIEROS A VALOR RAZONABLE,2,,,,Naturaleza,,,PLAN DE CUENTAS CONTASIS.xlsx,PLAN DE CUENTAS,2011
6771,INVERSIONES MANTENIDAS PARA NEGOCIACION - Pérdida Medic de Activo y Pasivo Financ a Valor Razonable,2,,,,Naturaleza,,,PLAN DE CUENTAS CONTASIS.xlsx,PLAN DE CUENTAS,2012
6771097,INVERSIONES MANTENIDAS PARA NEGOCIACION - Pérdida Medic de Activo y Pasivo Financ a Valor Razonable,3,,9711,7911,Naturaleza,Ninguno,Sin centro de Costos,PLAN DE CUENTAS CONTASIS.xlsx,PLAN DE CUENTAS,2013
6772,OTRAS INVERSIONES FINANCIERAS - Pérdida Medic de Activo y Pasivo Financ a Valor Razonable,2,,,,Naturaleza,,,PLAN DE CUENTAS CONTASIS.xlsx,PLAN DE CUENTAS,2014
6772097,OTRAS INVERSIONES FINANCIERAS - Pérdida Medic de Activo y Pasivo Financ a Valor Razonable,3,,9711,7911,Naturaleza,Ninguno,Sin centro de Costos,PLAN DE CUENTAS CONTASIS.xlsx,PLAN DE CUENTAS,2015
6773,OTROS - Pérdida Medic de Activo y Pasivo Financ a Valor Razonable,2,,,,Naturaleza,,,PLAN DE CUENTAS CONTASIS.xlsx,PLAN DE CUENTAS,2016
6773097,OTROS - Pérdida Medic de Activo y Pasivo Financ a Valor Razonable,3,,9711,7911,Naturaleza,Ninguno,Sin centro de Costos,PLAN DE CUENTAS CONTASIS.xlsx,PLAN DE CUENTAS,2017
678,PARTICIPACION EN RESULTADO ENTIDADES RELACIONADAS,2,,,,Naturaleza,,,PLAN DE CUENTAS CONTASIS.xlsx,PLAN DE CUENTAS,2018
6781,PARTICIPACION EN RESULTADO DE SUBSIDIARIAS Y ASOCIADAS BAJO EL METODO DEL VALOR PATRIMONIAL,2,,,,Naturaleza,,,PLAN DE CUENTAS CONTASIS.xlsx,PLAN DE CUENTAS,2019
6781097,PARTICIPACION EN RESULTADO DE SUBSIDIARIAS Y ASOCIADAS BAJO EL METODO DEL VALOR PATRIMONIAL,3,,9711,7911,Naturaleza,Ninguno,Sin centro de Costos,PLAN DE CUENTAS CONTASIS.xlsx,PLAN DE CUENTAS,2020
6782,PARTICIPACIONES EN NEGOCIACIONES CONJUNTOS,2,,,,Naturaleza,,,PLAN DE CUENTAS CONTASIS.xlsx,PLAN DE CUENTAS,2021
6782097,PARTICIPACIONES EN NEGOCIACIONES CONJUNTOS,3,,9711,7911,Naturaleza,Ninguno,Sin centro de Costos,PLAN DE CUENTAS CONTASIS.xlsx,PLAN DE CUENTAS,2022
679,OTROS GASTOS FINANCIEROS,2,,,,Naturaleza,Ninguno,,PLAN DE CUENTAS CONTASIS.xlsx,PLAN DE CUENTAS,2023
6791,PRIMAS POR OPCIONES - Gastos Financieros,2,,,,Naturaleza,,,PLAN DE CUENTAS CONTASIS.xlsx,PLAN DE CUENTAS,2024
6791097,PRIMAS POR OPCIONES - Gastos Financieros,3,,9711,7911,Naturaleza,Ninguno,Sin centro de Costos,PLAN DE CUENTAS CONTASIS.xlsx,PLAN DE CUENTAS,2025
6792,GASTOS FINANCIEROS EN MEDICIÓN A VALOR DESCONTADO,2,,,,Naturaleza,,,PLAN DE CUENTAS CONTASIS.xlsx,PLAN DE CUENTAS,2026
6792097,GASTOS FINANCIEROS EN MEDICIÓN A VALOR DESCONTADO - Gastos Financieros,3,,9711,7911,Naturaleza,Ninguno,Sin centro de Costos,PLAN DE CUENTAS CONTASIS.xlsx,PLAN DE CUENTAS,2027
6793,GASTOS FINANCIEROS EN ACTUALIZACIÓN DE ACTIVOS  POR DERECHO DE USO,2,,,,Naturaleza,,,PLAN DE CUENTAS CONTASIS.xlsx,PLAN DE CUENTAS,2028
6793097,GASTOS FINANCIEROS EN ACTUALIZACIÓN DE ACTIVOS  POR DERECHO DE USO - Gastos Financieros,3,,9711,7911,Naturaleza,Ninguno,Sin centro de Costos,PLAN DE CUENTAS CONTASIS.xlsx,PLAN DE CUENTAS,2029
68,VALUACION Y DETERIORO DE ACTIVOS Y PROVISIONES,1,,,,Naturaleza,Ninguno,,PLAN DE CUENTAS CONTASIS.xlsx,PLAN DE CUENTAS,2030
681,DEPRECIACION DE PROPIEDADES DE INVERSIÓN - Valuación y Deterioro de Activos y Provisiones,2,,,,Naturaleza,Ninguno,,PLAN DE CUENTAS CONTASIS.xlsx,PLAN DE CUENTAS,2031
6811,EDIFICACIONES - Depreciación Propiedades de Inversión - Valuación y Deterioro de Activos y Provision,2,,,,Naturaleza,,,PLAN DE CUENTAS CONTASIS.xlsx,PLAN DE CUENTAS,2032
68111,EDIFICACIONES - COSTO - Propiedades de Inversión - Depreciación,2,,,,Naturaleza,,,PLAN DE CUENTAS CONTASIS.xlsx,PLAN DE CUENTAS,2033
6811190,EDIFICACIONES - COSTO - PROD - Propiedades de Inversión - Depreciación,3,,9011,7911,Naturaleza,Ninguno,Sin centro de Costos,PLAN DE CUENTAS CONTASIS.xlsx,PLAN DE CUENTAS,2034
6811193,EDIFICACIONES - COSTO - CDS - Propiedades de Inversión - Depreciación,3,,9311,7911,Naturaleza,Ninguno,Sin centro de Costos,PLAN DE CUENTAS CONTASIS.xlsx,PLAN DE CUENTAS,2035
6811194,EDIFICACIONES - COSTO - ADM - Propiedades de Inversión - Depreciación,3,,9411,7911,Naturaleza,Ninguno,Sin centro de Costos,PLAN DE CUENTAS CONTASIS.xlsx,PLAN DE CUENTAS,2036
6811195,EDIFICACIONES - COSTO - VTAS - Propiedades de Inversión - Depreciación,3,,9511,7911,Naturaleza,Ninguno,Sin centro de Costos,PLAN DE CUENTAS CONTASIS.xlsx,PLAN DE CUENTAS,2037
68112,EDIFICACIONES - REVALUACION - Propiedades de Inversión - Depreciación,2,,,,Naturaleza,,,PLAN DE CUENTAS CONTASIS.xlsx,PLAN DE CUENTAS,2038
6811290,EDIFICACIONES - REVALUACION - PROD - Propiedades de Inversión - Depreciación,3,,9011,7911,Naturaleza,Ninguno,Sin centro de Costos,PLAN DE CUENTAS CONTASIS.xlsx,PLAN DE CUENTAS,2039
6811293,EDIFICACIONES - REVALUACION - CDS - Propiedades de Inversión - Depreciación,3,,9311,7911,Naturaleza,Ninguno,Sin centro de Costos,PLAN DE CUENTAS CONTASIS.xlsx,PLAN DE CUENTAS,2040
6811294,EDIFICACIONES - REVALUACION - ADM - Propiedades de Inversión - Depreciación,3,,9411,7911,Naturaleza,Ninguno,Sin centro de Costos,PLAN DE CUENTAS CONTASIS.xlsx,PLAN DE CUENTAS,2041
6811295,EDIFICACIONES - REVALUACION - VTAS - Propiedades de Inversión - Depreciación,3,,9511,7911,Naturaleza,Ninguno,Sin centro de Costos,PLAN DE CUENTAS CONTASIS.xlsx,PLAN DE CUENTAS,2042
68113,EDIFICACIONES - COSTO DE FINANCIACIÓN - Propiedades de Inversión - Depreciación,2,,,,Naturaleza,,,PLAN DE CUENTAS CONTASIS.xlsx,PLAN DE CUENTAS,2043
6811390,EDIFICACIONES - COSTO DE FINANCIACIÓN - PROD - Propiedades de Inversión - Depreciación,3,,9011,7911,Naturaleza,Ninguno,Sin centro de Costos,PLAN DE CUENTAS CONTASIS.xlsx,PLAN DE CUENTAS,2044
6811393,EDIFICACIONES - COSTO DE FINANCIACIÓN - CDS - Propiedades de Inversión - Depreciación,3,,9311,7911,Naturaleza,Ninguno,Sin centro de Costos,PLAN DE CUENTAS CONTASIS.xlsx,PLAN DE CUENTAS,2045
6811394,EDIFICACIONES - COSTO DE FINANCIACIÓN - ADM - Propiedades de Inversión - Depreciación,3,,9411,7911,Naturaleza,Ninguno,Sin centro de Costos,PLAN DE CUENTAS CONTASIS.xlsx,PLAN DE CUENTAS,2046
6811395,EDIFICACIONES - COSTO DE FINANCIACIÓN - VTAS - Propiedades de Inversión - Depreciación,3,,9511,7911,Naturaleza,Ninguno,Sin centro de Costos,PLAN DE CUENTAS CONTASIS.xlsx,PLAN DE CUENTAS,2047
682,DEPRECIACIÓN DE ACTIVOS POR DERECHO DE USO - Arrendamiento Financiero,2,,,,Naturaleza,,,PLAN DE CUENTAS CONTASIS.xlsx,PLAN DE CUENTAS,2048
6821,PROPIEDADES DE INVERSIÓN - Depreciación de Activos por Derecho de Uso - Arrendamiento Financiero,2,,,,Naturaleza,,,PLAN DE CUENTAS CONTASIS.xlsx,PLAN DE CUENTAS,2049
68211,EDIFICACIONES - Propiedades de Inversión - Depreciación de Activos por Derecho de Uso - Arrendamient,2,,,,Naturaleza,,,PLAN DE CUENTAS CONTASIS.xlsx,PLAN DE CUENTAS,2050
682111,EDIFICACIONES - COSTO -  Propiedades de Inversión - Depreciación - Arrendamiento Financiero,2,,,,Naturaleza,,,PLAN DE CUENTAS CONTASIS.xlsx,PLAN DE CUENTAS,2051
682111090,EDIFICACIONES - COSTO -  PROD - Propiedades de Inversión - Depreciación - Arrendamiento Financiero,3,,9011,7911,Naturaleza,Ninguno,Sin centro de Costos,PLAN DE CUENTAS CONTASIS.xlsx,PLAN DE CUENTAS,2052
682111093,EDIFICACIONES - COSTO -  CDS - Propiedades de Inversión - Depreciación - Arrendamiento Financiero,3,,9311,7911,Naturaleza,Ninguno,Sin centro de Costos,PLAN DE CUENTAS CONTASIS.xlsx,PLAN DE CUENTAS,2053
682111094,EDIFICACIONES - COSTO -  ADM - Propiedades de Inversión - Depreciación - Arrendamiento Financiero,3,,9411,7911,Naturaleza,Ninguno,Sin centro de Costos,PLAN DE CUENTAS CONTASIS.xlsx,PLAN DE CUENTAS,2054
682111095,EDIFICACIONES - COSTO - VTAS - Propiedades de Inversión - Depreciación - Arrendamiento Financiero,3,,9511,7911,Naturaleza,Ninguno,Sin centro de Costos,PLAN DE CUENTAS CONTASIS.xlsx,PLAN DE CUENTAS,2055
682112,EDIFICACIONES - REVALUACIÓN -  Propiedades de Inversión - Depreciación - Arrendamiento Financiero,2,,,,Naturaleza,,,PLAN DE CUENTAS CONTASIS.xlsx,PLAN DE CUENTAS,2056
682112090,EDIFICACIONES - REVALUACIÓN -  PROD - Propiedades de Inversión - Depreciación - Arrendamiento Financ,3,,9011,7911,Naturaleza,Ninguno,Sin centro de Costos,PLAN DE CUENTAS CONTASIS.xlsx,PLAN DE CUENTAS,2057
682112093,EDIFICACIONES - REVALUACIÓN - CDS - Propiedades de Inversión - Depreciación - Arrendamiento Financie,3,,9311,7911,Naturaleza,Ninguno,Sin centro de Costos,PLAN DE CUENTAS CONTASIS.xlsx,PLAN DE CUENTAS,2058
682112094,EDIFICACIONES - REVALUACIÓN -  ADM - Propiedades de Inversión - Depreciación - Arrendamiento Financi,3,,9411,7911,Naturaleza,Ninguno,Sin centro de Costos,PLAN DE CUENTAS CONTASIS.xlsx,PLAN DE CUENTAS,2059
682112095,EDIFICACIONES - REVALUACIÓN -  VTAS - Propiedades de Inversión - Depreciación - Arrendamiento Financ,3,,9511,7911,Naturaleza,Ninguno,Sin centro de Costos,PLAN DE CUENTAS CONTASIS.xlsx,PLAN DE CUENTAS,2060
682113,EDIFICACIONES - COSTO DE FINANCIACIÓN -  Propiedades de Inversión - Depreciación - Arrendam Financie,2,,,,Naturaleza,,,PLAN DE CUENTAS CONTASIS.xlsx,PLAN DE CUENTAS,2061
682113090,EDIFICACIONES - COSTO FINANCIACIÓN -  PROD - Propiedades de Inversión - Depreciación - Arrend Financ,3,,9011,7911,Naturaleza,Ninguno,Sin centro de Costos,PLAN DE CUENTAS CONTASIS.xlsx,PLAN DE CUENTAS,2062
682113093,EDIFICACIONES - COSTO FINANCIACIÓN -  CDS - Propiedades de Inversión - Depreciación - Arrend Financ,3,,9311,7911,Naturaleza,Ninguno,Sin centro de Costos,PLAN DE CUENTAS CONTASIS.xlsx,PLAN DE CUENTAS,2063
682113094,EDIFICACIONES - COSTO FINANCIACIÓN -  ADM - Propiedades de Inversión - Depreciación - Arrend Financ,3,,9411,7911,Naturaleza,Ninguno,Sin centro de Costos,PLAN DE CUENTAS CONTASIS.xlsx,PLAN DE CUENTAS,2064
682113095,EDIFICACIONES - COSTO FINANCIACIÓN -  VTAS - Propiedades de Inversión - Depreciación - Arrend Financ,3,,9511,7911,Naturaleza,Ninguno,Sin centro de Costos,PLAN DE CUENTAS CONTASIS.xlsx,PLAN DE CUENTAS,2065
6822,"PROPIEDAD, PLANTA Y EQUIPO - Depreciación - Arrendamiento Financiero",2,,,,Naturaleza,,,PLAN DE CUENTAS CONTASIS.xlsx,PLAN DE CUENTAS,2066
68221,EDIFICACIONES - Propiedad Planta Equipo - Depreciación - Arrendamiento Financiero,2,,,,Naturaleza,,,PLAN DE CUENTAS CONTASIS.xlsx,PLAN DE CUENTAS,2067
682211,EDIFICACIONES - COSTO - Propiedad Planta Equipo - Depreciación - Arrendamiento Financiero,2,,,,Naturaleza,,,PLAN DE CUENTAS CONTASIS.xlsx,PLAN DE CUENTAS,2068
682211090,EDIFICACIONES - COSTO -  PROD - Propiedad Planta Equipo - Depreciación - Arrendamiento Financiero,3,,9011,7911,Naturaleza,Ninguno,Sin centro de Costos,PLAN DE CUENTAS CONTASIS.xlsx,PLAN DE CUENTAS,2069
682211093,EDIFICACIONES - COSTO -  CDS - Propiedad Planta Equipo - Depreciación - Arrendamiento Financiero,3,,9311,7911,Naturaleza,Ninguno,Sin centro de Costos,PLAN DE CUENTAS CONTASIS.xlsx,PLAN DE CUENTAS,2070
682211094,EDIFICACIONES - COSTO -  ADM - Propiedad Planta Equipo - Depreciación - Arrendamiento Financiero,3,,9411,7911,Naturaleza,Ninguno,Sin centro de Costos,PLAN DE CUENTAS CONTASIS.xlsx,PLAN DE CUENTAS,2071
682211095,EDIFICACIONES - COSTO -  VTAS - Propiedad Planta Equipo - Depreciación - Arrendamiento Financiero,3,,9511,7911,Naturaleza,Ninguno,Sin centro de Costos,PLAN DE CUENTAS CONTASIS.xlsx,PLAN DE CUENTAS,2072
682212,EDIFICACIONES - REVALUACIÓN - Propiedad Planta Equipo - Depreciación - Arrendamiento Financiero,2,,,,Naturaleza,,,PLAN DE CUENTAS CONTASIS.xlsx,PLAN DE CUENTAS,2073
682212090,EDIFICACIONES - REVALUACIÓN -  PROD - Propiedad Planta Equipo - Depreciación - Arrendamiento Financi,3,,9011,7911,Naturaleza,Ninguno,Sin centro de Costos,PLAN DE CUENTAS CONTASIS.xlsx,PLAN DE CUENTAS,2074
682212093,EDIFICACIONES - REVALUACIÓN -  CDS - Propiedad Planta Equipo - Depreciación - Arrendamiento Financie,3,,9311,7911,Naturaleza,Ninguno,Sin centro de Costos,PLAN DE CUENTAS CONTASIS.xlsx,PLAN DE CUENTAS,2075
682212094,EDIFICACIONES - REVALUACIÓN -  ADM - Propiedad Planta Equipo - Depreciación - Arrendamiento Financie,3,,9411,7911,Naturaleza,Ninguno,Sin centro de Costos,PLAN DE CUENTAS CONTASIS.xlsx,PLAN DE CUENTAS,2076
682212095,EDIFICACIONES - REVALUACIÓN -  VTAS - Propiedad Planta Equipo - Depreciación - Arrendamiento Financi,3,,9511,7911,Naturaleza,Ninguno,Sin centro de Costos,PLAN DE CUENTAS CONTASIS.xlsx,PLAN DE CUENTAS,2077
682213,EDIFICACIONES - COSTO FINANCIACIÓN - Propiedad Planta Equipo - Depreciación - Arrendamiento Financie,2,,,,Naturaleza,,,PLAN DE CUENTAS CONTASIS.xlsx,PLAN DE CUENTAS,2078
682213090,EDIFICACIONES - COSTO FINANCIACIÓN -  PROD - Propiedad Planta Equipo - Depreciación - Arrend Financ,3,,9011,7911,Naturaleza,Ninguno,Sin centro de Costos,PLAN DE CUENTAS CONTASIS.xlsx,PLAN DE CUENTAS,2079
682213093,EDIFICACIONES - COSTO FINANCIACIÓN -  CDS - Propiedad Planta Equipo - Depreciación - Arrend Financ,3,,9311,7911,Naturaleza,Ninguno,Sin centro de Costos,PLAN DE CUENTAS CONTASIS.xlsx,PLAN DE CUENTAS,2080
682213094,EDIFICACIONES - COSTO FINANCIACIÓN - ADM - Propiedad Planta Equipo - Depreciación - Arrend Financ,3,,9411,7911,Naturaleza,Ninguno,Sin centro de Costos,PLAN DE CUENTAS CONTASIS.xlsx,PLAN DE CUENTAS,2081
682213095,EDIFICACIONES - COSTO FINANCIACIÓN - VTAS - Propiedad Planta Equipo - Depreciación - Arrend Financ,3,,9511,7911,Naturaleza,Ninguno,Sin centro de Costos,PLAN DE CUENTAS CONTASIS.xlsx,PLAN DE CUENTAS,2082
68222,MAQUINARIA Y EQUIPO DE EXPLOTACIÓN - Propiedad Planta Equipo - Depreciación - Arrend Financ,2,,,,Naturaleza,,,PLAN DE CUENTAS CONTASIS.xlsx,PLAN DE CUENTAS,2083
682221,MAQUINARIA Y EQUIPO DE EXPLOTACIÓN - COSTO - Propiedad Planta Equipo - Depreciación - Arrend Financ,2,,,,Naturaleza,,,PLAN DE CUENTAS CONTASIS.xlsx,PLAN DE CUENTAS,2084
682221090,MAQUINARIA Y EQUIPO DE EXPLOT - COSTO - PROD - Propiedad Planta Equipo - Depreciación - Arrend Finan,3,,9011,7911,Naturaleza,Ninguno,Sin centro de Costos,PLAN DE CUENTAS CONTASIS.xlsx,PLAN DE CUENTAS,2085
682221093,MAQUINARIA Y EQUIPO DE EXPLOT - COSTO - CDS - Propiedad Planta Equipo - Depreciación - Arrend Financ,3,,9311,7911,Naturaleza,Ninguno,Sin centro de Costos,PLAN DE CUENTAS CONTASIS.xlsx,PLAN DE CUENTAS,2086
682221094,MAQUINARIA Y EQUIPO DE EXPLOT - COSTO - ADM - Propiedad Planta Equipo - Depreciación - Arrend Financ,3,,9411,7911,Naturaleza,Ninguno,Sin centro de Costos,PLAN DE CUENTAS CONTASIS.xlsx,PLAN DE CUENTAS,2087
682221095,MAQUINARIA Y EQUIPO DE EXPLOT - COSTO - VTAS - Propiedad Planta Equipo - Depreciación - Arrend Finan,3,,9511,7911,Naturaleza,Ninguno,Sin centro de Costos,PLAN DE CUENTAS CONTASIS.xlsx,PLAN DE CUENTAS,2088
682222,MAQUINARIA Y EQUIPO DE EXPLOT - REVALUACIÓN - Propiedad Planta Equipo - Depreciación - Arrend Financ,2,,,,Naturaleza,,,PLAN DE CUENTAS CONTASIS.xlsx,PLAN DE CUENTAS,2089
682222090,MAQUIN Y EQUIPO DE EXPLOT - REVALUACIÓN - PROD - Propied Planta Equipo - Depreciación - Arrend Finan,3,,9011,7911,Naturaleza,Ninguno,Sin centro de Costos,PLAN DE CUENTAS CONTASIS.xlsx,PLAN DE CUENTAS,2090
682222093,MAQUIN Y EQUIPO DE EXPLOT - REVALUACIÓN - CDS - Propied Planta Equipo - Depreciación - Arrend Finan,3,,9311,7911,Naturaleza,Ninguno,Sin centro de Costos,PLAN DE CUENTAS CONTASIS.xlsx,PLAN DE CUENTAS,2091
682222094,MAQUIN Y EQUIPO DE EXPLOT - REVALUACIÓN - ADM - Propied Planta Equipo - Depreciación - Arrend Finan,3,,9411,7911,Naturaleza,Ninguno,Sin centro de Costos,PLAN DE CUENTAS CONTASIS.xlsx,PLAN DE CUENTAS,2092
682222095,MAQUIN Y EQUIPO DE EXPLOT - REVALUACIÓN - VTAS - Propied Planta Equipo - Depreciación - Arrend Finan,3,,9511,7911,Naturaleza,Ninguno,Sin centro de Costos,PLAN DE CUENTAS CONTASIS.xlsx,PLAN DE CUENTAS,2093
682223,MAQUIN Y EQUIPO DE EXPLOT - COSTO DE FINANC - Propied Planta Equipo - Depreciación - Arrend Finan,2,,,,Naturaleza,,,PLAN DE CUENTAS CONTASIS.xlsx,PLAN DE CUENTAS,2094
682223090,MAQUIN Y EQUIPO DE EXPLOT - COSTO DE FINANC - PROD - Propied Planta Equipo - Deprec - Arrend Financi,3,,9011,7911,Naturaleza,Ninguno,Sin centro de Costos,PLAN DE CUENTAS CONTASIS.xlsx,PLAN DE CUENTAS,2095
682223093,MAQUIN Y EQUIPO DE EXPLOT - COSTO DE FINANC - CDS - Propied Planta Equipo - Deprec - Arrend Financi,3,,9311,7911,Naturaleza,Ninguno,Sin centro de Costos,PLAN DE CUENTAS CONTASIS.xlsx,PLAN DE CUENTAS,2096
682223094,MAQUIN Y EQUIPO DE EXPLOT - COSTO DE FINANC - ADM - Propied Planta Equipo - Deprec - Arrend Financi,3,,9411,7911,Naturaleza,Ninguno,Sin centro de Costos,PLAN DE CUENTAS CONTASIS.xlsx,PLAN DE CUENTAS,2097
682223095,MAQUIN Y EQUIPO DE EXPLOT - COSTO DE FINANC - VTAS - Propied Planta Equipo - Deprec - Arrend Financi,3,,9511,7911,Naturaleza,Ninguno,Sin centro de Costos,PLAN DE CUENTAS CONTASIS.xlsx,PLAN DE CUENTAS,2098
68223,UNIDADES DE TRANSPORTE - Prop Planta Equip - Depreciación - Arrendamiento Financie,2,,,,Naturaleza,,,PLAN DE CUENTAS CONTASIS.xlsx,PLAN DE CUENTAS,2099
682231,UNIDADES DE TRANSPORTE - COSTO - Propied Planta Equipo - Deprec - Arrend Financi,2,,,,Naturaleza,,,PLAN DE CUENTAS CONTASIS.xlsx,PLAN DE CUENTAS,2100
682231090,UNIDADES DE TRANSPORTE - COSTO - PROD - Propied Planta Equipo - Deprec - Arrend Financi,3,,9011,7911,Naturaleza,Ninguno,Sin centro de Costos,PLAN DE CUENTAS CONTASIS.xlsx,PLAN DE CUENTAS,2101
682231093,UNIDADES DE TRANSPORTE - COSTO - CDS - Propied Planta Equipo - Deprec - Arrend Financi,3,,9311,7911,Naturaleza,Ninguno,Sin centro de Costos,PLAN DE CUENTAS CONTASIS.xlsx,PLAN DE CUENTAS,2102
682231094,UNIDADES DE TRANSPORTE - COSTO - ADM - Propied Planta Equipo - Deprec - Arrend Financi,3,,9411,7911,Naturaleza,Ninguno,Sin centro de Costos,PLAN DE CUENTAS CONTASIS.xlsx,PLAN DE CUENTAS,2103
682231095,UNIDADES DE TRANSPORTE - COSTO - VTAS - Propied Planta Equipo - Deprec - Arrend Financi,3,,9511,7911,Naturaleza,Ninguno,Sin centro de Costos,PLAN DE CUENTAS CONTASIS.xlsx,PLAN DE CUENTAS,2104
682232,UNIDADES DE TRANSPORTE - REVALUACIÓN - Propied Planta Equipo - Deprec - Arrend Financi,2,,,,Naturaleza,,,PLAN DE CUENTAS CONTASIS.xlsx,PLAN DE CUENTAS,2105
682232090,UNIDADES DE TRANSPORTE - REVALUACIÓN - PROD - Propied Planta Equipo - Deprec - Arrend Financi,3,,9011,7911,Naturaleza,Ninguno,Sin centro de Costos,PLAN DE CUENTAS CONTASIS.xlsx,PLAN DE CUENTAS,2106
682232093,UNIDADES DE TRANSPORTE - REVALUACIÓN - CDS - Propied Planta Equipo - Deprec - Arrend Financi,3,,9311,7911,Naturaleza,Ninguno,Sin centro de Costos,PLAN DE CUENTAS CONTASIS.xlsx,PLAN DE CUENTAS,2107
682232094,UNIDADES DE TRANSPORTE - REVALUACIÓN - ADM - Propied Planta Equipo - Deprec - Arrend Financi,3,,9411,7911,Naturaleza,Ninguno,Sin centro de Costos,PLAN DE CUENTAS CONTASIS.xlsx,PLAN DE CUENTAS,2108
682232095,UNIDADES DE TRANSPORTE - REVALUACIÓN - VTAS - Propied Planta Equipo - Deprec - Arrend Financi,3,,9511,7911,Naturaleza,Ninguno,Sin centro de Costos,PLAN DE CUENTAS CONTASIS.xlsx,PLAN DE CUENTAS,2109
68225,EQUIPOS DIVERSOS -  - Propied Planta Equipo - Deprec - Arrend Financi,2,,,,Naturaleza,,,PLAN DE CUENTAS CONTASIS.xlsx,PLAN DE CUENTAS,2110
682251,EQUIPOS DIVERSOS - COSTO - Propied Planta Equipo - Deprec - Arrend Financi,2,,,,Naturaleza,,,PLAN DE CUENTAS CONTASIS.xlsx,PLAN DE CUENTAS,2111
682251090,EQUIPOS DIVERSOS - COSTO - PROD - Propied Planta Equipo - Deprec - Arrend Financi,3,,9011,7911,Naturaleza,Ninguno,Sin centro de Costos,PLAN DE CUENTAS CONTASIS.xlsx,PLAN DE CUENTAS,2112
682251093,EQUIPOS DIVERSOS - COSTO - CDS - Propied Planta Equipo - Deprec - Arrend Financi,3,,9311,7911,Naturaleza,Ninguno,Sin centro de Costos,PLAN DE CUENTAS CONTASIS.xlsx,PLAN DE CUENTAS,2113
682251094,EQUIPOS DIVERSOS - COSTO - ADM - Propied Planta Equipo - Deprec - Arrend Financi,3,,9411,7911,Naturaleza,Ninguno,Sin centro de Costos,PLAN DE CUENTAS CONTASIS.xlsx,PLAN DE CUENTAS,2114
682251095,EQUIPOS DIVERSOS - COSTO - VTAS - Propied Planta Equipo - Deprec - Arrend Financi,3,,9511,7911,Naturaleza,Ninguno,Sin centro de Costos,PLAN DE CUENTAS CONTASIS.xlsx,PLAN DE CUENTAS,2115
682252,EQUIPOS DIVERSOS - REVALUACIÓN - Propied Planta Equipo - Deprec - Arrend Financi,2,,,,Naturaleza,,,PLAN DE CUENTAS CONTASIS.xlsx,PLAN DE CUENTAS,2116
682252090,EQUIPOS DIVERSOS - REVALUACIÓN - PROD - Propied Planta Equipo - Deprec - Arrend Financi,3,,9011,7911,Naturaleza,Ninguno,Sin centro de Costos,PLAN DE CUENTAS CONTASIS.xlsx,PLAN DE CUENTAS,2117
682252093,EQUIPOS DIVERSOS - REVALUACIÓN - CDS - - Propied Planta Equipo - Deprec - Arrend Financi,3,,9311,7911,Naturaleza,Ninguno,Sin centro de Costos,PLAN DE CUENTAS CONTASIS.xlsx,PLAN DE CUENTAS,2118
682252094,EQUIPOS DIVERSOS - REVALUACIÓN - ADM - Propied Planta Equipo - Deprec - Arrend Financi,3,,9411,7911,Naturaleza,Ninguno,Sin centro de Costos,PLAN DE CUENTAS CONTASIS.xlsx,PLAN DE CUENTAS,2119
682252095,EQUIPOS DIVERSOS - REVALUACIÓN - VTAS - Propied Planta Equipo - Deprec - Arrend Financi,3,,9511,7911,Naturaleza,Ninguno,Sin centro de Costos,PLAN DE CUENTAS CONTASIS.xlsx,PLAN DE CUENTAS,2120
683,DEPRECIACIÓN DE ACTIVOS POR DERECHO DE USO - ARRENDAMIENTO OPERATIVO,2,,,,Naturaleza,Ninguno,,PLAN DE CUENTAS CONTASIS.xlsx,PLAN DE CUENTAS,2121
6831,DEPRECIACIÓN DE ACTIVOS POR DERECHO DE USO - Arrendamiento Operativo,2,,,,Naturaleza,,,PLAN DE CUENTAS CONTASIS.xlsx,PLAN DE CUENTAS,2122
68311,EDIFICACIONES - Depreciación - Arrendamiento Operativo,2,,,,Naturaleza,,,PLAN DE CUENTAS CONTASIS.xlsx,PLAN DE CUENTAS,2123
683111,EDIFICACIONES - COSTO - Depreciación - Arrendamiento Operativo,2,,,,Naturaleza,,,PLAN DE CUENTAS CONTASIS.xlsx,PLAN DE CUENTAS,2124
683111090,EDIFICACIONES - COSTO - PROD - Depreciación - Arrendamiento Operativo,3,,9011,7911,Naturaleza,Ninguno,Sin centro de Costos,PLAN DE CUENTAS CONTASIS.xlsx,PLAN DE CUENTAS,2125
683111093,EDIFICACIONES - COSTO - CDS - Depreciación - Arrendamiento Operativo,3,,9311,7911,Naturaleza,Ninguno,Sin centro de Costos,PLAN DE CUENTAS CONTASIS.xlsx,PLAN DE CUENTAS,2126
683111094,EDIFICACIONES - COSTO - ADM - Depreciación - Arrendamiento Operativo,3,,9411,7911,Naturaleza,Ninguno,Sin centro de Costos,PLAN DE CUENTAS CONTASIS.xlsx,PLAN DE CUENTAS,2127
683111095,EDIFICACIONES - COSTO - VTAS - Depreciación - Arrendamiento Operativo,3,,9511,7911,Naturaleza,Ninguno,Sin centro de Costos,PLAN DE CUENTAS CONTASIS.xlsx,PLAN DE CUENTAS,2128
683112,EDIFICACIONES - REVALUACIÓN - Depreciación - Arrendamiento Operativo,2,,,,Naturaleza,,,PLAN DE CUENTAS CONTASIS.xlsx,PLAN DE CUENTAS,2129
683112090,EDIFICACIONES - REVALUACIÓN - PROD - Depreciación - Arrendamiento Operativo,3,,9011,7911,Naturaleza,Ninguno,Sin centro de Costos,PLAN DE CUENTAS CONTASIS.xlsx,PLAN DE CUENTAS,2130
683112093,EDIFICACIONES - REVALUACIÓN - CDS - Depreciación - Arrendamiento Operativo,3,,9311,7911,Naturaleza,Ninguno,Sin centro de Costos,PLAN DE CUENTAS CONTASIS.xlsx,PLAN DE CUENTAS,2131
683112094,EDIFICACIONES - REVALUACIÓN - ADM - Depreciación - Arrendamiento Operativo,3,,9411,7911,Naturaleza,Ninguno,Sin centro de Costos,PLAN DE CUENTAS CONTASIS.xlsx,PLAN DE CUENTAS,2132
683112095,EDIFICACIONES - REVALUACIÓN - VTAS - Depreciación - Arrendamiento Operativo,3,,9511,7911,Naturaleza,Ninguno,Sin centro de Costos,PLAN DE CUENTAS CONTASIS.xlsx,PLAN DE CUENTAS,2133
68312,MAQUINARIAS Y EQUIPOS DE EXPLOTACIÓN - Depreciación - Arrendamiento Operativo,2,,,,Naturaleza,,,PLAN DE CUENTAS CONTASIS.xlsx,PLAN DE CUENTAS,2134
683121,MAQUINARIAS Y EQUIPOS DE EXPLOTACIÓN - COSTO - Depreciación - Arrendamiento Operativo,2,,,,Naturaleza,,,PLAN DE CUENTAS CONTASIS.xlsx,PLAN DE CUENTAS,2135
683121090,MAQUINARIAS Y EQUIPOS DE EXPLOTACIÓN - COSTO - PROD - Depreciación - Arrendamiento Operativo,3,,9011,7911,Naturaleza,Ninguno,Sin centro de Costos,PLAN DE CUENTAS CONTASIS.xlsx,PLAN DE CUENTAS,2136
683121093,MAQUINARIAS Y EQUIPOS DE EXPLOTACIÓN - COSTO - CDS - Depreciación - Arrendamiento Operativo,3,,9311,7911,Naturaleza,Ninguno,Sin centro de Costos,PLAN DE CUENTAS CONTASIS.xlsx,PLAN DE CUENTAS,2137
683121094,MAQUINARIAS Y EQUIPOS DE EXPLOTACIÓN - COSTO - ADM - Depreciación - Arrendamiento Operativo,3,,9411,7911,Naturaleza,Ninguno,Sin centro de Costos,PLAN DE CUENTAS CONTASIS.xlsx,PLAN DE CUENTAS,2138
683121095,MAQUINARIAS Y EQUIPOS DE EXPLOTACIÓN - COSTO - VTAS - Depreciación - Arrendamiento Operativo,3,,9511,7911,Naturaleza,Ninguno,Sin centro de Costos,PLAN DE CUENTAS CONTASIS.xlsx,PLAN DE CUENTAS,2139
683122,MAQUINARIAS Y EQUIPOS DE EXPLOTACIÓN - REVALUACIÓN - Depreciación - Arrendamiento Operativo,2,,,,Naturaleza,,,PLAN DE CUENTAS CONTASIS.xlsx,PLAN DE CUENTAS,2140
683122090,MAQUINARIAS Y EQUIPOS DE EXPLOTACIÓN - REVALUACIÓN - PROD - Depreciación - Arrendamiento Operativo,3,,9011,7911,Naturaleza,Ninguno,Sin centro de Costos,PLAN DE CUENTAS CONTASIS.xlsx,PLAN DE CUENTAS,2141
683122093,MAQUINARIAS Y EQUIPOS DE EXPLOTACIÓN - REVALUACIÓN - CDS - Depreciación - Arrendamiento Operativo,3,,9311,7911,Naturaleza,Ninguno,Sin centro de Costos,PLAN DE CUENTAS CONTASIS.xlsx,PLAN DE CUENTAS,2142
683122094,MAQUINARIAS Y EQUIPOS DE EXPLOTACIÓN - REVALUACIÓN - ADM - Depreciación - Arrendamiento Operativo,3,,9411,7911,Naturaleza,Ninguno,Sin centro de Costos,PLAN DE CUENTAS CONTASIS.xlsx,PLAN DE CUENTAS,2143
683122095,MAQUINARIAS Y EQUIPOS DE EXPLOTACIÓN - REVALUACIÓN - VTAS - Depreciación - Arrendamiento Operativo,3,,9511,7911,Naturaleza,Ninguno,Sin centro de Costos,PLAN DE CUENTAS CONTASIS.xlsx,PLAN DE CUENTAS,2144
68313,UNIDADES DE TRANSPORTE - Depreciación - Arrendamiento Operativo,2,,,,Naturaleza,,,PLAN DE CUENTAS CONTASIS.xlsx,PLAN DE CUENTAS,2145
683131,UNIDADES DE TRANSPORTE - COSTO - Depreciación - Arrendamiento Operativo,2,,,,Naturaleza,,,PLAN DE CUENTAS CONTASIS.xlsx,PLAN DE CUENTAS,2146
683131090,UNIDADES DE TRANSPORTE - COSTO - PROD - Depreciación - Arrendamiento Operativo,3,,9011,7911,Naturaleza,Ninguno,Sin centro de Costos,PLAN DE CUENTAS CONTASIS.xlsx,PLAN DE CUENTAS,2147
683131093,UNIDADES DE TRANSPORTE - COSTO - CDS - Depreciación - Arrendamiento Operativo,3,,9311,7911,Naturaleza,Ninguno,Sin centro de Costos,PLAN DE CUENTAS CONTASIS.xlsx,PLAN DE CUENTAS,2148
683131094,UNIDADES DE TRANSPORTE - COSTO - ADM - Depreciación - Arrendamiento Operativo,3,,9411,7911,Naturaleza,Ninguno,Sin centro de Costos,PLAN DE CUENTAS CONTASIS.xlsx,PLAN DE CUENTAS,2149
683131095,UNIDADES DE TRANSPORTE - COSTO - VTAS - Depreciación - Arrendamiento Operativo,3,,9511,7911,Naturaleza,Ninguno,Sin centro de Costos,PLAN DE CUENTAS CONTASIS.xlsx,PLAN DE CUENTAS,2150
683132,UNIDADES DE TRANSPORTE - REVALUACIÓN - Depreciación - Arrendamiento Operativo,2,,,,Naturaleza,,,PLAN DE CUENTAS CONTASIS.xlsx,PLAN DE CUENTAS,2151
683132090,UNIDADES DE TRANSPORTE - REVALUACIÓN - PROD - Depreciación - Arrendamiento Operativo,3,,9011,7911,Naturaleza,Ninguno,Sin centro de Costos,PLAN DE CUENTAS CONTASIS.xlsx,PLAN DE CUENTAS,2152
683132093,UNIDADES DE TRANSPORTE - REVALUACIÓN - CDS - Depreciación - Arrendamiento Operativo,3,,9311,7911,Naturaleza,Ninguno,Sin centro de Costos,PLAN DE CUENTAS CONTASIS.xlsx,PLAN DE CUENTAS,2153
683132094,UNIDADES DE TRANSPORTE - REVALUACIÓN - ADM - Depreciación - Arrendamiento Operativo,3,,9411,7911,Naturaleza,Ninguno,Sin centro de Costos,PLAN DE CUENTAS CONTASIS.xlsx,PLAN DE CUENTAS,2154
683132095,UNIDADES DE TRANSPORTE - REVALUACIÓN - PROD - Depreciación - Arrendamiento Operativo,3,,9511,7911,Naturaleza,Ninguno,Sin centro de Costos,PLAN DE CUENTAS CONTASIS.xlsx,PLAN DE CUENTAS,2155
68315,EQUIPOS DIVERSOS - Depreciación - Arrendamiento Operativo,2,,,,Naturaleza,,,PLAN DE CUENTAS CONTASIS.xlsx,PLAN DE CUENTAS,2156
683151,EQUIPOS DIVERSOS - COSTO - Depreciación - Arrendamiento Operativo,2,,,,Naturaleza,,,PLAN DE CUENTAS CONTASIS.xlsx,PLAN DE CUENTAS,2157
683151090,EQUIPOS DIVERSOS - COSTO - PROD - Depreciación - Arrendamiento Operativo,3,,9011,7911,Naturaleza,Ninguno,Sin centro de Costos,PLAN DE CUENTAS CONTASIS.xlsx,PLAN DE CUENTAS,2158
683151093,EQUIPOS DIVERSOS - COSTO - CDS - Depreciación - Arrendamiento Operativo,3,,9311,7911,Naturaleza,Ninguno,Sin centro de Costos,PLAN DE CUENTAS CONTASIS.xlsx,PLAN DE CUENTAS,2159
683151094,EQUIPOS DIVERSOS - COSTO - ADM - Depreciación - Arrendamiento Operativo,3,,9411,7911,Naturaleza,Ninguno,Sin centro de Costos,PLAN DE CUENTAS CONTASIS.xlsx,PLAN DE CUENTAS,2160
683151095,EQUIPOS DIVERSOS - COSTO - VTAS - Depreciación - Arrendamiento Operativo,3,,9511,7911,Naturaleza,Ninguno,Sin centro de Costos,PLAN DE CUENTAS CONTASIS.xlsx,PLAN DE CUENTAS,2161
683152,EQUIPOS DIVERSOS - REVALUACIÓN - Depreciación - Arrendamiento Operativo,2,,,,Naturaleza,,,PLAN DE CUENTAS CONTASIS.xlsx,PLAN DE CUENTAS,2162
683152090,EQUIPOS DIVERSOS - REVALUACIÓN - PROD - Depreciación - Arrendamiento Operativo,3,,9011,7911,Naturaleza,Ninguno,Sin centro de Costos,PLAN DE CUENTAS CONTASIS.xlsx,PLAN DE CUENTAS,2163
683152093,EQUIPOS DIVERSOS - REVALUACIÓN - CDS - Depreciación - Arrendamiento Operativo,3,,9311,7911,Naturaleza,Ninguno,Sin centro de Costos,PLAN DE CUENTAS CONTASIS.xlsx,PLAN DE CUENTAS,2164
683152094,EQUIPOS DIVERSOS - REVALUACIÓN - ADM - Depreciación - Arrendamiento Operativo,3,,9411,7911,Naturaleza,Ninguno,Sin centro de Costos,PLAN DE CUENTAS CONTASIS.xlsx,PLAN DE CUENTAS,2165
683152095,EQUIPOS DIVERSOS - REVALUACIÓN - VTAS - Depreciación - Arrendamiento Operativo,3,,9511,7911,Naturaleza,Ninguno,Sin centro de Costos,PLAN DE CUENTAS CONTASIS.xlsx,PLAN DE CUENTAS,2166
684,"DEPRECIACIÓN DE PROPIEDAD, PLANTA Y EQUIPO - COSTO",2,,,,Naturaleza,,,PLAN DE CUENTAS CONTASIS.xlsx,PLAN DE CUENTAS,2167
6841,"DEPRECIACIÓN DE PROPIEDAD, PLANTA Y EQUIPO - Costo",2,,,,Naturaleza,,,PLAN DE CUENTAS CONTASIS.xlsx,PLAN DE CUENTAS,2168
68410,"PLANTAS PRODUCTORAS - Depreciación de Propiedad, Planta y Equipo - Costo",2,,,,Naturaleza,,,PLAN DE CUENTAS CONTASIS.xlsx,PLAN DE CUENTAS,2169
6841090,"PLANTAS PRODUCTORAS - PROD - DIRECTO - Depreciación de Propiedad, Planta y Equipo - Costo",3,,,,Naturaleza,Ninguno,Sin centro de Costos,PLAN DE CUENTAS CONTASIS.xlsx,PLAN DE CUENTAS,2170
6841091,"PLANTAS PRODUCTORAS - PROD - INDIRECTO - Depreciación de Propiedad, Planta y Equipo - Costo",3,,,,Naturaleza,Ninguno,Sin centro de Costos,PLAN DE CUENTAS CONTASIS.xlsx,PLAN DE CUENTAS,2171
6841093,"PLANTAS PRODUCTORAS - CDS - Depreciación de Propiedad, Planta y Equipo - Costo",3,,9311,7911,Naturaleza,Ninguno,Sin centro de Costos,PLAN DE CUENTAS CONTASIS.xlsx,PLAN DE CUENTAS,2172
6841094,"PLANTAS PRODUCTORAS - ADM - Depreciación de Propiedad, Planta y Equipo - Costo",3,,9411,7911,Naturaleza,Ninguno,Sin centro de Costos,PLAN DE CUENTAS CONTASIS.xlsx,PLAN DE CUENTAS,2173
6841095,"PLANTAS PRODUCTORAS - VTAS - Depreciación de Propiedad, Planta y Equipo - Costo",3,,9511,7911,Naturaleza,Ninguno,Sin centro de Costos,PLAN DE CUENTAS CONTASIS.xlsx,PLAN DE CUENTAS,2174
68411,"EDIFICACIONES - Depreciación de Propiedad, Planta y Equipo - Costo",2,,,,Naturaleza,,,PLAN DE CUENTAS CONTASIS.xlsx,PLAN DE CUENTAS,2175
6841190,"EDIFICACIONES - PROD - DIRECTO - Depreciación de Propiedad, Planta y Equipo - Costo",3,,,,Naturaleza,Ninguno,Sin centro de Costos,PLAN DE CUENTAS CONTASIS.xlsx,PLAN DE CUENTAS,2176
6841191,"EDIFICACIONES - PROD - INDIRECTO - Depreciación de Propiedad, Planta y Equipo - Costo",3,,,,Naturaleza,Ninguno,Sin centro de Costos,PLAN DE CUENTAS CONTASIS.xlsx,PLAN DE CUENTAS,2177
6841193,"EDIFICACIONES - CDS - Depreciación de Propiedad, Planta y Equipo - Costo",3,,9311,7911,Naturaleza,Ninguno,Sin centro de Costos,PLAN DE CUENTAS CONTASIS.xlsx,PLAN DE CUENTAS,2178
6841194,"EDIFICACIONES - ADM - Depreciación de Propiedad, Planta y Equipo - Costo",3,,9411,7911,Naturaleza,Ninguno,Sin centro de Costos,PLAN DE CUENTAS CONTASIS.xlsx,PLAN DE CUENTAS,2179
6841195,"EDIFICACIONES - VTAS - Depreciación de Propiedad, Planta y Equipo - Costo",3,,9511,7911,Naturaleza,Ninguno,Sin centro de Costos,PLAN DE CUENTAS CONTASIS.xlsx,PLAN DE CUENTAS,2180
68412,"MAQUINARIAS Y EQUIPOS DE EXPLOTACION  - Depreciación de Propiedad, Planta y Equipo - Costo",2,,,,Naturaleza,,,PLAN DE CUENTAS CONTASIS.xlsx,PLAN DE CUENTAS,2181
6841290,"MAQUINARIAS Y EQUIPOS DE EXPLOTACION - PROD - DIRECTO - Depreciación de Propiedad, Planta y Equipo -",3,,,,Naturaleza,Ninguno,Sin centro de Costos,PLAN DE CUENTAS CONTASIS.xlsx,PLAN DE CUENTAS,2182
6841291,"MAQUINARIAS Y EQUIPOS DE EXPLOTACION - PROD - INDIRECTO - Depreciación de Propiedad, Planta y Equipo",3,,,,Naturaleza,Ninguno,Sin centro de Costos,PLAN DE CUENTAS CONTASIS.xlsx,PLAN DE CUENTAS,2183
6841293,"MAQUINARIAS Y EQUIPOS DE EXPLOTACION - CDS - Depreciación de Propiedad, Planta y Equipo - Costo",3,,9311,7911,Naturaleza,Ninguno,Sin centro de Costos,PLAN DE CUENTAS CONTASIS.xlsx,PLAN DE CUENTAS,2184
6841294,"MAQUINARIAS Y EQUIPOS DE EXPLOTACION - ADM - Depreciación de Propiedad, Planta y Equipo - Costo",3,,9411,7911,Naturaleza,Ninguno,Sin centro de Costos,PLAN DE CUENTAS CONTASIS.xlsx,PLAN DE CUENTAS,2185
6841295,"MAQUINARIAS Y EQUIPOS DE EXPLOTACION - VTAS - Depreciación de Propiedad, Planta y Equipo - Costo",3,,9511,7911,Naturaleza,Ninguno,Sin centro de Costos,PLAN DE CUENTAS CONTASIS.xlsx,PLAN DE CUENTAS,2186
68413,"UNIDADES DE TRANSPORTE - Depreciación de Propiedad, Planta y Equipo - Costo",2,,,,Naturaleza,,,PLAN DE CUENTAS CONTASIS.xlsx,PLAN DE CUENTAS,2187
6841390,"UNIDADES DE TRANSPORTE - PROD - DIRECTO - Depreciación de Propiedad, Planta y Equipo - Costo",3,,,,Naturaleza,Ninguno,Sin centro de Costos,PLAN DE CUENTAS CONTASIS.xlsx,PLAN DE CUENTAS,2188
6841391,"UNIDADES DE TRANSPORTE - PROD - INDIRECTO - Depreciación de Propiedad, Planta y Equipo - Costoo",3,,,,Naturaleza,Ninguno,Sin centro de Costos,PLAN DE CUENTAS CONTASIS.xlsx,PLAN DE CUENTAS,2189
6841393,"UNIDADES DE TRANSPORTE - CDS - Depreciación de Propiedad, Planta y Equipo - Costo",3,,9311,7911,Naturaleza,Ninguno,Sin centro de Costos,PLAN DE CUENTAS CONTASIS.xlsx,PLAN DE CUENTAS,2190
6841394,"UNIDADES DE TRANSPORTE - ADM - Depreciación de Propiedad, Planta y Equipo - Costo",3,,9411,7911,Naturaleza,Ninguno,Sin centro de Costos,PLAN DE CUENTAS CONTASIS.xlsx,PLAN DE CUENTAS,2191
6841395,"UNIDADES DE TRANSPORTE - VTAS - Depreciación de Propiedad, Planta y Equipo - Costo",3,,9511,7911,Naturaleza,Ninguno,Sin centro de Costos,PLAN DE CUENTAS CONTASIS.xlsx,PLAN DE CUENTAS,2192
68414,"MUEBLES Y ENSERES - Depreciación de Propiedad, Planta y Equipo - Costo",2,,,,Naturaleza,,,PLAN DE CUENTAS CONTASIS.xlsx,PLAN DE CUENTAS,2193
6841490,"MUEBLES Y ENSERES - PROD - DIRECTOS - Depreciación de Propiedad, Planta y Equipo - Costo",3,,,,Naturaleza,Ninguno,Sin centro de Costos,PLAN DE CUENTAS CONTASIS.xlsx,PLAN DE CUENTAS,2194
6841491,"MUEBLES Y ENSERES - PROD - INDIRECTOS - Depreciación de Propiedad, Planta y Equipo - Costo",3,,,,Naturaleza,Ninguno,Sin centro de Costos,PLAN DE CUENTAS CONTASIS.xlsx,PLAN DE CUENTAS,2195
6841493,"MUEBLES Y ENSERES - CDS - Depreciación de Propiedad, Planta y Equipo - Costo",3,,9311,7911,Naturaleza,Ninguno,Sin centro de Costos,PLAN DE CUENTAS CONTASIS.xlsx,PLAN DE CUENTAS,2196
6841494,"MUEBLES Y ENSERES - ADM - Depreciación de Propiedad, Planta y Equipo - Costo",3,,9411,7911,Naturaleza,Ninguno,Sin centro de Costos,PLAN DE CUENTAS CONTASIS.xlsx,PLAN DE CUENTAS,2197
6841495,"MUEBLES Y ENSERES - VTAS - Depreciación de Propiedad, Planta y Equipo - Costo",3,,9511,7911,Naturaleza,Ninguno,Sin centro de Costos,PLAN DE CUENTAS CONTASIS.xlsx,PLAN DE CUENTAS,2198
68415,"EQUIPOS DIVERSOS - Depreciación de Propiedad, Planta y Equipo - Costo",2,,,,Naturaleza,,,PLAN DE CUENTAS CONTASIS.xlsx,PLAN DE CUENTAS,2199
6841590,"EQUIPOS DIVERSOS - PROD - DIRECTOS - Depreciación de Propiedad, Planta y Equipo - Costo",3,,9011,7911,Naturaleza,Ninguno,Sin centro de Costos,PLAN DE CUENTAS CONTASIS.xlsx,PLAN DE CUENTAS,2200
6841591,"EQUIPOS DIVERSOS - PROD - INDIRECTOS - Depreciación de Propiedad, Planta y Equipo - Costo",3,,,,Naturaleza,Ninguno,Sin centro de Costos,PLAN DE CUENTAS CONTASIS.xlsx,PLAN DE CUENTAS,2201
6841593,"EQUIPOS DIVERSOS - CDS - Depreciación de Propiedad, Planta y Equipo - Costo",3,,9311,7911,Naturaleza,Ninguno,Sin centro de Costos,PLAN DE CUENTAS CONTASIS.xlsx,PLAN DE CUENTAS,2202
6841594,"EQUIPOS DIVERSOS - ADM - Depreciación de Propiedad, Planta y Equipo - Costo",3,,9411,7911,Naturaleza,Ninguno,Sin centro de Costos,PLAN DE CUENTAS CONTASIS.xlsx,PLAN DE CUENTAS,2203
6841595,"EQUIPOS DIVERSOS - VTAS - Depreciación de Propiedad, Planta y Equipo - Costo",3,,9511,7911,Naturaleza,Ninguno,Sin centro de Costos,PLAN DE CUENTAS CONTASIS.xlsx,PLAN DE CUENTAS,2204
68416,"HERRAMIENTAS Y UNIDADES DE REEMPLAZO - Depreciación de Propiedad, Planta y Equipo - Costo",2,,,,Naturaleza,,,PLAN DE CUENTAS CONTASIS.xlsx,PLAN DE CUENTAS,2205
6841690,"HERRAMIENTAS Y UNIDADES DE REEMPLAZO - PROD - DIRECTO - Deprec de Propiedad, Planta y Equipo - Costo",3,,,,Naturaleza,Ninguno,Sin centro de Costos,PLAN DE CUENTAS CONTASIS.xlsx,PLAN DE CUENTAS,2206
6841691,"HERRAMIENTAS Y UNIDADES  REEMPLAZO - PROD - INDIRECTO - Deprec de Propiedad, Planta y Equipo - Costo",3,,,,Naturaleza,Ninguno,Sin centro de Costos,PLAN DE CUENTAS CONTASIS.xlsx,PLAN DE CUENTAS,2207
6841693,"HERRAMIENTAS Y UNIDADES DE REEMPLAZO - CDS - Depreciación de Propiedad, Planta y Equipo - Costo",3,,9311,7911,Naturaleza,Ninguno,Sin centro de Costos,PLAN DE CUENTAS CONTASIS.xlsx,PLAN DE CUENTAS,2208
6841694,"HERRAMIENTAS Y UNIDADES DE REEMPLAZO - ADM - Depreciación de Propiedad, Planta y Equipo - Costo",3,,9411,7911,Naturaleza,Ninguno,Sin centro de Costos,PLAN DE CUENTAS CONTASIS.xlsx,PLAN DE CUENTAS,2209
6841695,"HERRAMIENTAS Y UNIDADES DE REEMPLAZO - VTAS - Depreciación de Propiedad, Planta y Equipo - Costo",3,,9511,7911,Naturaleza,Ninguno,Sin centro de Costos,PLAN DE CUENTAS CONTASIS.xlsx,PLAN DE CUENTAS,2210
6842,"DEPRECIACIÓN DE PROPIEDAD, PLANTA Y EQUIPO - REVALUACIÓN",2,,,,Naturaleza,,,PLAN DE CUENTAS CONTASIS.xlsx,PLAN DE CUENTAS,2211
68420,"PLANTAS PRODUCTORAS - Depreciación de Propiedad, Planta y Equipo - Revaluación",2,,,,Naturaleza,,,PLAN DE CUENTAS CONTASIS.xlsx,PLAN DE CUENTAS,2212
6842090,"PLANTAS PRODUCTORAS - PROD - Depreciación de Propiedad, Planta y Equipo - Revaluación",3,,9011,7911,Naturaleza,Ninguno,Sin centro de Costos,PLAN DE CUENTAS CONTASIS.xlsx,PLAN DE CUENTAS,2213
6842093,"PLANTAS PRODUCTORAS - CDS - Depreciación de Propiedad, Planta y Equipo - Revaluación",3,,9311,7911,Naturaleza,Ninguno,Sin centro de Costos,PLAN DE CUENTAS CONTASIS.xlsx,PLAN DE CUENTAS,2214
6842094,"PLANTAS PRODUCTORAS - ADM - Depreciación de Propiedad, Planta y Equipo - Revaluación",3,,9411,7911,Naturaleza,Ninguno,Sin centro de Costos,PLAN DE CUENTAS CONTASIS.xlsx,PLAN DE CUENTAS,2215
6842095,"PLANTAS PRODUCTORAS - VTAS - Depreciación de Propiedad, Planta y Equipo - Revaluación",3,,9511,7911,Naturaleza,Ninguno,Sin centro de Costos,PLAN DE CUENTAS CONTASIS.xlsx,PLAN DE CUENTAS,2216
68421,"EDIFICACIONES -Depreciación de Propiedad, Planta y Equipo - Revaluación",2,,,,Naturaleza,,,PLAN DE CUENTAS CONTASIS.xlsx,PLAN DE CUENTAS,2217
6842190,"EDIFICACIONES - PROD - Depreciación de Propiedad, Planta y Equipo - Revaluación",3,,9011,7911,Naturaleza,Ninguno,Sin centro de Costos,PLAN DE CUENTAS CONTASIS.xlsx,PLAN DE CUENTAS,2218
6842193,"EDIFICACIONES - CDS - Depreciación de Propiedad, Planta y Equipo - Revaluación",3,,9311,7911,Naturaleza,Ninguno,Sin centro de Costos,PLAN DE CUENTAS CONTASIS.xlsx,PLAN DE CUENTAS,2219
6842194,"EDIFICACIONES - ADM - Depreciación de Propiedad, Planta y Equipo - Revaluación",3,,9411,7911,Naturaleza,Ninguno,Sin centro de Costos,PLAN DE CUENTAS CONTASIS.xlsx,PLAN DE CUENTAS,2220
6842195,"EDIFICACIONES - VTAS - Depreciación de Propiedad, Planta y Equipo - Revaluación",3,,9511,7911,Naturaleza,Ninguno,Sin centro de Costos,PLAN DE CUENTAS CONTASIS.xlsx,PLAN DE CUENTAS,2221
68422,"MAQUINARIAS Y EQUIPOS DE EXPLOTACIÓN - Depreciación de Propiedad, Planta y Equipo - Revaluación",2,,,,Naturaleza,,,PLAN DE CUENTAS CONTASIS.xlsx,PLAN DE CUENTAS,2222
6842290,"MAQUINARIAS Y EQUIPOS DE EXPLOT - PROD - Depreciación de Propiedad, Planta y Equipo - Revaluación",3,,9011,7911,Naturaleza,Ninguno,Sin centro de Costos,PLAN DE CUENTAS CONTASIS.xlsx,PLAN DE CUENTAS,2223
6842293,"MAQUINARIAS Y EQUIPOS DE EXPLOT - CDS - Depreciación de Propiedad, Planta y Equipo - Revaluación",3,,9311,7911,Naturaleza,Ninguno,Sin centro de Costos,PLAN DE CUENTAS CONTASIS.xlsx,PLAN DE CUENTAS,2224
6842294,"MAQUINARIAS Y EQUIPOS DE EXPLOT - ADM - Depreciación de Propiedad, Planta y Equipo - Revaluación",3,,9411,7911,Naturaleza,Ninguno,Sin centro de Costos,PLAN DE CUENTAS CONTASIS.xlsx,PLAN DE CUENTAS,2225
6842295,"MAQUINARIAS Y EQUIPOS DE EXPLOT - VTAS - Depreciación de Propiedad, Planta y Equipo - Revaluación",3,,9511,7911,Naturaleza,Ninguno,Sin centro de Costos,PLAN DE CUENTAS CONTASIS.xlsx,PLAN DE CUENTAS,2226
68423,"UNIDADES DE TRANSPORTE - Depreciación de Propiedad, Planta y Equipo - Revaluación",2,,,,Naturaleza,,,PLAN DE CUENTAS CONTASIS.xlsx,PLAN DE CUENTAS,2227
6842390,"UNIDADES DE TRANSPORTE - PROD - Depreciación de Propiedad, Planta y Equipo - Revaluación",3,,9011,7911,Naturaleza,Ninguno,Sin centro de Costos,PLAN DE CUENTAS CONTASIS.xlsx,PLAN DE CUENTAS,2228
6842393,"UNIDADES DE TRANSPORTE - CDS - Depreciación de Propiedad, Planta y Equipo - Revaluaciónn",3,,9311,7911,Naturaleza,Ninguno,Sin centro de Costos,PLAN DE CUENTAS CONTASIS.xlsx,PLAN DE CUENTAS,2229
6842394,"UNIDADES DE TRANSPORTE - ADM - Depreciación de Propiedad, Planta y Equipo - Revaluación",3,,9411,7911,Naturaleza,Ninguno,Sin centro de Costos,PLAN DE CUENTAS CONTASIS.xlsx,PLAN DE CUENTAS,2230
6842395,"UNIDADES DE TRANSPORTE -VTAS - Depreciación de Propiedad, Planta y Equipo - Revaluación",3,,9511,7911,Naturaleza,Ninguno,Sin centro de Costos,PLAN DE CUENTAS CONTASIS.xlsx,PLAN DE CUENTAS,2231
68424,"MUEBLES Y ENSERES      - Depreciación de Propiedad, Planta y Equipo - Revaluación",2,,,,Naturaleza,,,PLAN DE CUENTAS CONTASIS.xlsx,PLAN DE CUENTAS,2232
6842490,"MUEBLES Y ENSERES - PROD - Depreciación de Propiedad, Planta y Equipo - Revaluación",3,,9011,7911,Naturaleza,Ninguno,Sin centro de Costos,PLAN DE CUENTAS CONTASIS.xlsx,PLAN DE CUENTAS,2233
6842493,"MUEBLES Y ENSERES - CDS - Depreciación de Propiedad, Planta y Equipo - Revaluación",3,,9311,7911,Naturaleza,Ninguno,Sin centro de Costos,PLAN DE CUENTAS CONTASIS.xlsx,PLAN DE CUENTAS,2234
6842494,"MUEBLES Y ENSERES - ADM - Depreciación de Propiedad, Planta y Equipo - Revaluación",3,,9411,7911,Naturaleza,Ninguno,Sin centro de Costos,PLAN DE CUENTAS CONTASIS.xlsx,PLAN DE CUENTAS,2235
6842495,"MUEBLES Y ENSERES - VTAS - Depreciación de Propiedad, Planta y Equipo - Revaluación",3,,9511,7911,Naturaleza,Ninguno,Sin centro de Costos,PLAN DE CUENTAS CONTASIS.xlsx,PLAN DE CUENTAS,2236
68425,"EQUIPOS DIVERSOS - Depreciación de Propiedad, Planta y Equipo - Revaluación",2,,,,Naturaleza,,,PLAN DE CUENTAS CONTASIS.xlsx,PLAN DE CUENTAS,2237
6842590,"EQUIPOS DIVERSOS - PROD - Depreciación de Propiedad, Planta y Equipo - Revaluación",3,,9011,7911,Naturaleza,Ninguno,Sin centro de Costos,PLAN DE CUENTAS CONTASIS.xlsx,PLAN DE CUENTAS,2238
6842593,"EQUIPOS DIVERSOS - CDS - Depreciación de Propiedad, Planta y Equipo - Revaluación",3,,9311,7911,Naturaleza,Ninguno,Sin centro de Costos,PLAN DE CUENTAS CONTASIS.xlsx,PLAN DE CUENTAS,2239
6842594,"EQUIPOS DIVERSOS - ADM - Depreciación de Propiedad, Planta y Equipo - Revaluación",3,,9411,7911,Naturaleza,Ninguno,Sin centro de Costos,PLAN DE CUENTAS CONTASIS.xlsx,PLAN DE CUENTAS,2240
6842595,"EQUIPOS DIVERSOS - VTAS - Depreciación de Propiedad, Planta y Equipo - Revaluación",3,,9511,7911,Naturaleza,Ninguno,Sin centro de Costos,PLAN DE CUENTAS CONTASIS.xlsx,PLAN DE CUENTAS,2241
68426,"HERRAMIENTAS Y UNIDADES DE REEMPLAZO - Depreciación de Propiedad, Planta y Equipo - Revaluación",2,,,,Naturaleza,,,PLAN DE CUENTAS CONTASIS.xlsx,PLAN DE CUENTAS,2242
6842690,"HERRAMIENTAS Y UNIDADES DE REEMPLAZO - PROD - Depreciación de Propiedad, Planta y Equipo - Revaluaci",3,,9011,7911,Naturaleza,Ninguno,Sin centro de Costos,PLAN DE CUENTAS CONTASIS.xlsx,PLAN DE CUENTAS,2243
6842693,"HERRAMIENTAS Y UNIDADES DE REEMPLAZO - CDS - Depreciación de Propiedad, Planta y Equipo - Revaluació",3,,9311,7911,Naturaleza,Ninguno,Sin centro de Costos,PLAN DE CUENTAS CONTASIS.xlsx,PLAN DE CUENTAS,2244
6842694,"HERRAMIENTAS Y UNIDADES DE REEMPLAZO - ADM - Depreciación de Propiedad, Planta y Equipo - Revaluació",3,,9411,7911,Naturaleza,Ninguno,Sin centro de Costos,PLAN DE CUENTAS CONTASIS.xlsx,PLAN DE CUENTAS,2245
6842695,"HERRAMIENTAS Y UNIDADES DE REEMPLAZO - VTAS - Depreciación de Propiedad, Planta y Equipo - Revaluaci",3,,9511,7911,Naturaleza,Ninguno,Sin centro de Costos,PLAN DE CUENTAS CONTASIS.xlsx,PLAN DE CUENTAS,2246
6843,"DEPRECIACIÓN DE PROPIEDAD, PLANTA Y EQUIPO - COSTO DE FINANCIACION",2,,,,Naturaleza,,,PLAN DE CUENTAS CONTASIS.xlsx,PLAN DE CUENTAS,2247
68430,"PLANTAS PRODUCTORAS - Depreciación Propiedad, Planta y Equipo - Costo de Financiación",2,,,,Naturaleza,,,PLAN DE CUENTAS CONTASIS.xlsx,PLAN DE CUENTAS,2248
6843090,"PLANTAS PRODUCTORAS - PROD - Depreciación Propiedad, Planta y Equipo - Costo de Financiación",3,,9011,7911,Naturaleza,Ninguno,Sin centro de Costos,PLAN DE CUENTAS CONTASIS.xlsx,PLAN DE CUENTAS,2249
6843093,"PLANTAS PRODUCTORAS - CDS - Depreciación Propiedad, Planta y Equipo - Costo de Financiación",3,,9311,7911,Naturaleza,Ninguno,Sin centro de Costos,PLAN DE CUENTAS CONTASIS.xlsx,PLAN DE CUENTAS,2250
6843094,"PLANTAS PRODUCTORAS - ADM - Depreciación Propiedad, Planta y Equipo - Costo de Financiación",3,,9411,7911,Naturaleza,Ninguno,Sin centro de Costos,PLAN DE CUENTAS CONTASIS.xlsx,PLAN DE CUENTAS,2251
6843095,"PLANTAS PRODUCTORAS - VTAS - Depreciación Propiedad, Planta y Equipo - Costo de Financiación",3,,9511,7911,Naturaleza,Ninguno,Sin centro de Costos,PLAN DE CUENTAS CONTASIS.xlsx,PLAN DE CUENTAS,2252
68431,"EDIFICACIONES  - Depreciación Propiedad, Planta y Equipo - Costo de Financiación",2,,,,Naturaleza,,,PLAN DE CUENTAS CONTASIS.xlsx,PLAN DE CUENTAS,2253
6843190,"EDIFICACIONES - PROD - Depreciación Propiedad, Planta y Equipo - Costo de Financiación",3,,9011,7911,Naturaleza,Ninguno,Sin centro de Costos,PLAN DE CUENTAS CONTASIS.xlsx,PLAN DE CUENTAS,2254
6843193,"EDIFICACIONES - CDS - Depreciación Propiedad, Planta y Equipo - Costo de Financiación",3,,9311,7911,Naturaleza,Ninguno,Sin centro de Costos,PLAN DE CUENTAS CONTASIS.xlsx,PLAN DE CUENTAS,2255
6843194,"EDIFICACIONES - ADM - Depreciación Propiedad, Planta y Equipo - Costo de Financiación",3,,9411,7911,Naturaleza,Ninguno,Sin centro de Costos,PLAN DE CUENTAS CONTASIS.xlsx,PLAN DE CUENTAS,2256
6843195,"EDIFICACIONES - VTAS - Depreciación Propiedad, Planta y Equipo - Costo de Financiación",3,,9511,7911,Naturaleza,Ninguno,Sin centro de Costos,PLAN DE CUENTAS CONTASIS.xlsx,PLAN DE CUENTAS,2257
68432,"MAQUINARIAS Y EQUIPOS DE EXPLOTACIÓN  - Depreciación Propiedad, Planta y Equipo - Costo de Financiac",2,,,,Naturaleza,,,PLAN DE CUENTAS CONTASIS.xlsx,PLAN DE CUENTAS,2258
6843290,"MAQUINARIAS Y EQUIPOS DE EXPLOTACIÓN  - PROD - Depreciación Propiedad, Planta y Equ - Costo de Finan",3,,9011,7911,Naturaleza,Ninguno,Sin centro de Costos,PLAN DE CUENTAS CONTASIS.xlsx,PLAN DE CUENTAS,2259
6843293,"MAQUINARIAS Y EQUIPOS DE EXPLOTACIÓN - CDS - Depreciación Propiedad, Planta y Equ - Costo de Finan",3,,9311,7911,Naturaleza,Ninguno,Sin centro de Costos,PLAN DE CUENTAS CONTASIS.xlsx,PLAN DE CUENTAS,2260
6843294,"MAQUINARIAS Y EQUIPOS DE EXPLOTACIÓN - ADM - Depreciación Propiedad, Planta y Equ - Costo de Finan",3,,9411,7911,Naturaleza,Ninguno,Sin centro de Costos,PLAN DE CUENTAS CONTASIS.xlsx,PLAN DE CUENTAS,2261
6843295,"MAQUINARIAS Y EQUIPOS DE EXPLOTACIÓN - VTAS - Depreciación Propiedad, Planta y Equ - Costo de Finan",3,,9511,7911,Naturaleza,Ninguno,Sin centro de Costos,PLAN DE CUENTAS CONTASIS.xlsx,PLAN DE CUENTAS,2262
685,DEPRECIACIÓN DE ACTIVOS BIOLÓGICOS EN PRODUCCIÓN,2,,,,Naturaleza,,,PLAN DE CUENTAS CONTASIS.xlsx,PLAN DE CUENTAS,2263
6851,DEPRECIACIÓN DE ACTIVOS BIOLÓGICOS EN PRODUCCIÓN - COSTO,2,,,,Naturaleza,,,PLAN DE CUENTAS CONTASIS.xlsx,PLAN DE CUENTAS,2264
68511,ACTIVOS BIOLÓGICOS DE ORIGEN ANIMAL  - Depreciación de Activos en Producción - Costo,2,,,,Naturaleza,,,PLAN DE CUENTAS CONTASIS.xlsx,PLAN DE CUENTAS,2265
6851190,ACTIVOS BIOLÓGICOS DE ORIGEN ANIMAL - PROD - Depreciación de Activos en Producción - Costo,3,,9011,7911,Naturaleza,Ninguno,Sin centro de Costos,PLAN DE CUENTAS CONTASIS.xlsx,PLAN DE CUENTAS,2266
6851193,ACTIVOS BIOLÓGICOS DE ORIGEN ANIMAL - CDS - Depreciación de Activos en Producción - Costo,3,,9311,7911,Naturaleza,Ninguno,Sin centro de Costos,PLAN DE CUENTAS CONTASIS.xlsx,PLAN DE CUENTAS,2267
6851194,ACTIVOS BIOLÓGICOS DE ORIGEN ANIMAL - ADM - Depreciación de Activos en Producción - Costo,3,,9411,7911,Naturaleza,Ninguno,Sin centro de Costos,PLAN DE CUENTAS CONTASIS.xlsx,PLAN DE CUENTAS,2268
6851195,ACTIVOS BIOLÓGICOS DE ORIGEN ANIMAL - VTAS - Depreciación de Activos en Producción - Costo,3,,9511,7911,Naturaleza,Ninguno,Sin centro de Costos,PLAN DE CUENTAS CONTASIS.xlsx,PLAN DE CUENTAS,2269
68512,ACTIVOS BIOLÓGICOS DE ORIGEN VEGETAL - Depreciación de Activos en Producción - Costo,2,,,,Naturaleza,,,PLAN DE CUENTAS CONTASIS.xlsx,PLAN DE CUENTAS,2270
6851290,ACTIVOS BIOLÓGICOS DE ORIGEN VEGETAL- PROD - Depreciación de Activos en Producción - Costo,3,,9011,7911,Naturaleza,Ninguno,Sin centro de Costos,PLAN DE CUENTAS CONTASIS.xlsx,PLAN DE CUENTAS,2271
6851293,ACTIVOS BIOLÓGICOS DE ORIGEN VEGETAL- CDS - Depreciación de Activos en Producción - Costo,3,,9311,7911,Naturaleza,Ninguno,Sin centro de Costos,PLAN DE CUENTAS CONTASIS.xlsx,PLAN DE CUENTAS,2272
6851294,ACTIVOS BIOLÓGICOS DE ORIGEN VEGETAL- ADM - Depreciación de Activos en Producción - Costo,3,,9411,7911,Naturaleza,Ninguno,Sin centro de Costos,PLAN DE CUENTAS CONTASIS.xlsx,PLAN DE CUENTAS,2273
6851295,ACTIVOS BIOLÓGICOS DE ORIGEN VEGETAL- VTAS - Depreciación de Activos en Producción - Costo,3,,9511,7911,Naturaleza,Ninguno,Sin centro de Costos,PLAN DE CUENTAS CONTASIS.xlsx,PLAN DE CUENTAS,2274
6852,DEPRECIACIÓN DE ACTIVOS BIOLÓGICOS EN PRODUCCIÓN - COSTO DE FINANCIACIÓN,2,,,,Naturaleza,,,PLAN DE CUENTAS CONTASIS.xlsx,PLAN DE CUENTAS,2275
68521,ACTIVOS BIOLOGICOS DE ORIGEN ANIMAL - Depreciación en Producción - Costo de Financiación,2,,,,Naturaleza,,,PLAN DE CUENTAS CONTASIS.xlsx,PLAN DE CUENTAS,2276
6852190,ACTIV. BIOLOG. DE ORIG. ANIMAL - PROD - Depreciación en Producción - Costo de Financiación,3,,9011,7911,Naturaleza,Ninguno,Sin centro de Costos,PLAN DE CUENTAS CONTASIS.xlsx,PLAN DE CUENTAS,2277
6852193,ACTIV. BIOLOG. DE ORIG. ANIMAL - CDS - Depreciación en Producción - Costo de Financiación,3,,9311,7911,Naturaleza,Ninguno,Sin centro de Costos,PLAN DE CUENTAS CONTASIS.xlsx,PLAN DE CUENTAS,2278
6852194,ACTIV. BIOLOG. DE ORIG. ANIMAL - ADM - Depreciación en Producción - Costo de Financiación,3,,9411,7911,Naturaleza,Ninguno,Sin centro de Costos,PLAN DE CUENTAS CONTASIS.xlsx,PLAN DE CUENTAS,2279
6852195,ACTIV. BIOLOG. DE ORIG. ANIMAL - VTAS - Depreciación en Producción - Costo de Financiación,3,,9511,7911,Naturaleza,Ninguno,Sin centro de Costos,PLAN DE CUENTAS CONTASIS.xlsx,PLAN DE CUENTAS,2280
68522,ACTIVOS BIOLOGICOS DE ORIGEN VEGETAL - Depreciación en Producción - Costo de Financiación,2,,,,Naturaleza,,,PLAN DE CUENTAS CONTASIS.xlsx,PLAN DE CUENTAS,2281
6852290,ACTIV. BIOLOG. DE ORIG. VEGETAL- PROD - Depreciación en Producción - Costo de Financiación,3,,9011,7911,Naturaleza,Ninguno,Sin centro de Costos,PLAN DE CUENTAS CONTASIS.xlsx,PLAN DE CUENTAS,2282
6852293,ACTIV. BIOLOG. DE ORIG. VEGETAL- CDS - Depreciación en Producción - Costo de Financiación,3,,9311,7911,Naturaleza,Ninguno,Sin centro de Costos,PLAN DE CUENTAS CONTASIS.xlsx,PLAN DE CUENTAS,2283
6852294,ACTIV. BIOLOG. DE ORIG. VEGETAL- ADM - Depreciación en Producción - Costo de Financiación,3,,9411,7911,Naturaleza,Ninguno,Sin centro de Costos,PLAN DE CUENTAS CONTASIS.xlsx,PLAN DE CUENTAS,2284
6852295,ACTIV. BIOLOG. DE ORIG. VEGETAL- VTAS - Depreciación en Producción - Costo de Financiación,3,,9511,7911,Naturaleza,Ninguno,Sin centro de Costos,PLAN DE CUENTAS CONTASIS.xlsx,PLAN DE CUENTAS,2285
686,AMORTIZACION DE INTANGIBLES - Valuación y Deterioro de Activos y Provisiones,2,,,,Naturaleza,Ninguno,,PLAN DE CUENTAS CONTASIS.xlsx,PLAN DE CUENTAS,2286
6861,AMORTIZACIÓN DE INTANGIBLES - COSTO,2,,,,Naturaleza,,,PLAN DE CUENTAS CONTASIS.xlsx,PLAN DE CUENTAS,2287
68611,"CONCESIONES, LICENCIAS Y OTROS DERECHOS - Amortización de Intangibles - Costo",2,,,,Naturaleza,,,PLAN DE CUENTAS CONTASIS.xlsx,PLAN DE CUENTAS,2288
6861190,"CONCESIONES, LICENCIAS Y OTROS DERECHOS - PROD - DIRECTO - Amortización de Intangibles - Costo",3,,,,Naturaleza,Ninguno,Sin centro de Costos,PLAN DE CUENTAS CONTASIS.xlsx,PLAN DE CUENTAS,2289
6861191,"CONCESIONES, LICENCIAS Y OTROS DERECHOS - PROD - INDIRECTO - Amortización de Intangibles - Costo",3,,,,Naturaleza,Ninguno,Sin centro de Costos,PLAN DE CUENTAS CONTASIS.xlsx,PLAN DE CUENTAS,2290
6861193,"CONCESIONES, LICENCIAS Y OTROS DERECHOS - CDS - Amortización de Intangibles - Costo",3,,9311,7911,Naturaleza,Ninguno,Sin centro de Costos,PLAN DE CUENTAS CONTASIS.xlsx,PLAN DE CUENTAS,2291
6861194,"CONCESIONES, LICENCIAS Y OTROS DERECHOS - ADM - Amortización de Intangibles - Costo",3,,9411,7911,Naturaleza,Ninguno,Sin centro de Costos,PLAN DE CUENTAS CONTASIS.xlsx,PLAN DE CUENTAS,2292
6861195,"CONCESIONES, LICENCIAS Y OTROS DERECHOS - VTAS - Amortización de Intangibles - Costo",3,,9511,7911,Naturaleza,Ninguno,Sin centro de Costos,PLAN DE CUENTAS CONTASIS.xlsx,PLAN DE CUENTAS,2293
68612,PATENTES Y PROPIEDAD INDUSTRIAL - Amortización de Intangibles - Costo,2,,,,Naturaleza,,,PLAN DE CUENTAS CONTASIS.xlsx,PLAN DE CUENTAS,2294
6861290,PATENTES Y PROPIEDAD INDUSTRIAL - PROD - Amortización de Intangibles - Costo,3,,9011,7911,Naturaleza,Ninguno,Sin centro de Costos,PLAN DE CUENTAS CONTASIS.xlsx,PLAN DE CUENTAS,2295
6861293,PATENTES Y PROPIEDAD INDUSTRIAL - CDS - Amortización de Intangibles - Costo,3,,9311,7911,Naturaleza,Ninguno,Sin centro de Costos,PLAN DE CUENTAS CONTASIS.xlsx,PLAN DE CUENTAS,2296
6861294,PATENTES Y PROPIEDAD INDUSTRIAL - ADM - Amortización de Intangibles - Costo,3,,9411,7911,Naturaleza,Ninguno,Sin centro de Costos,PLAN DE CUENTAS CONTASIS.xlsx,PLAN DE CUENTAS,2297
6861295,PATENTES Y PROPIEDAD INDUSTRIAL - VTAS - Amortización de Intangibles - Costo,3,,9511,7911,Naturaleza,Ninguno,Sin centro de Costos,PLAN DE CUENTAS CONTASIS.xlsx,PLAN DE CUENTAS,2298
68613,PROGRAMAS DE COMPUTADORA (SOFTWARE) - Amortización de Intangibles - Costo,2,,,,Naturaleza,,,PLAN DE CUENTAS CONTASIS.xlsx,PLAN DE CUENTAS,2299
6861390,PROGRAMAS DE COMPUTADORA (SOFTWARE) - PROD - Amortización de Intangibles - Costo,3,,9011,7911,Naturaleza,Ninguno,Sin centro de Costos,PLAN DE CUENTAS CONTASIS.xlsx,PLAN DE CUENTAS,2300
6861393,PROGRAMAS DE COMPUTADORA (SOFTWARE) - CDS - Amortización de Intangibles - Costo,3,,9311,7911,Naturaleza,Ninguno,Sin centro de Costos,PLAN DE CUENTAS CONTASIS.xlsx,PLAN DE CUENTAS,2301
6861394,PROGRAMAS DE COMPUTADORA (SOFTWARE) - ADM - Amortización de Intangibles - Costo,3,,9411,7911,Naturaleza,Ninguno,Sin centro de Costos,PLAN DE CUENTAS CONTASIS.xlsx,PLAN DE CUENTAS,2302
6861395,PROGRAMAS DE COMPUTADORA (SOFTWARE) - VTAS - Amortización de Intangibles - Costo,3,,9511,7911,Naturaleza,Ninguno,Sin centro de Costos,PLAN DE CUENTAS CONTASIS.xlsx,PLAN DE CUENTAS,2303
68614,COSTOS DE EXPLORACIÓN Y DESARROLLO - Amortización de Intangibles - Costo,2,,,,Naturaleza,,,PLAN DE CUENTAS CONTASIS.xlsx,PLAN DE CUENTAS,2304
6861490,COSTOS DE EXPLORACIÓN Y DESARROLLO - PROD - Amortización de Intangibles - Costo,3,,9011,7911,Naturaleza,Ninguno,Sin centro de Costos,PLAN DE CUENTAS CONTASIS.xlsx,PLAN DE CUENTAS,2305
6861493,COSTOS DE EXPLORACIÓN Y DESARROLLO - CDS - Amortización de Intangibles - Costo,3,,9311,7911,Naturaleza,Ninguno,Sin centro de Costos,PLAN DE CUENTAS CONTASIS.xlsx,PLAN DE CUENTAS,2306
6861494,COSTOS DE EXPLORACIÓN Y DESARROLLO - ADM - Amortización de Intangibles - Costo,3,,9411,7911,Naturaleza,Ninguno,Sin centro de Costos,PLAN DE CUENTAS CONTASIS.xlsx,PLAN DE CUENTAS,2307
6861495,COSTOS DE EXPLORACIÓN Y DESARROLLO - VTAS - Amortización de Intangibles - Costo,3,,9511,7911,Naturaleza,Ninguno,Sin centro de Costos,PLAN DE CUENTAS CONTASIS.xlsx,PLAN DE CUENTAS,2308
68615,"FORMULAS, DISEÑOS Y PROTOTIPOS - Amortización de Intangibles - Costo",2,,,,Naturaleza,,,PLAN DE CUENTAS CONTASIS.xlsx,PLAN DE CUENTAS,2309
6861590,"FORMULAS, DISEÑOS Y PROTOTIPOS - PROD - Amortización de Intangibles - Costo",3,,9011,7911,Naturaleza,Ninguno,Sin centro de Costos,PLAN DE CUENTAS CONTASIS.xlsx,PLAN DE CUENTAS,2310
6861593,"FORMULAS, DISEÑOS Y PROTOTIPOS - CDS - Amortización de Intangibles - Costo",3,,9311,7911,Naturaleza,Ninguno,Sin centro de Costos,PLAN DE CUENTAS CONTASIS.xlsx,PLAN DE CUENTAS,2311
6861594,"FORMULAS, DISEÑOS Y PROTOTIPOS - ADM - Amortización de Intangibles - Costo",3,,9411,7911,Naturaleza,Ninguno,Sin centro de Costos,PLAN DE CUENTAS CONTASIS.xlsx,PLAN DE CUENTAS,2312
6861595,"FORMULAS, DISEÑOS Y PROTOTIPOS - VTAS - Amortización de Intangibles - Costo",3,,9511,7911,Naturaleza,Ninguno,Sin centro de Costos,PLAN DE CUENTAS CONTASIS.xlsx,PLAN DE CUENTAS,2313
68619,OTROS ACTIVOS INTANGIBLES - Amortización de Intangibles - Costo,2,,,,Naturaleza,,,PLAN DE CUENTAS CONTASIS.xlsx,PLAN DE CUENTAS,2314
6861990,OTROS ACTIVOS INTANGIBLES - PROD - Amortización de Intangibles - Costo,3,,9011,7911,Naturaleza,Ninguno,Sin centro de Costos,PLAN DE CUENTAS CONTASIS.xlsx,PLAN DE CUENTAS,2315
6861993,OTROS ACTIVOS INTANGIBLES - CDS - Amortización de Intangibles - Costo,3,,9311,7911,Naturaleza,Ninguno,Sin centro de Costos,PLAN DE CUENTAS CONTASIS.xlsx,PLAN DE CUENTAS,2316
6861994,OTROS ACTIVOS INTANGIBLES - ADM - Amortización de Intangibles - Costo,3,,9411,7911,Naturaleza,Ninguno,Sin centro de Costos,PLAN DE CUENTAS CONTASIS.xlsx,PLAN DE CUENTAS,2317
6861995,OTROS ACTIVOS INTANGIBLES - VTAS - Amortización de Intangibles - Costo,3,,9511,7911,Naturaleza,Ninguno,Sin centro de Costos,PLAN DE CUENTAS CONTASIS.xlsx,PLAN DE CUENTAS,2318
6862,AMORTIZACIÓN DE INTANGIBLES - REVALUACIÓN,2,,,,Naturaleza,,,PLAN DE CUENTAS CONTASIS.xlsx,PLAN DE CUENTAS,2319
68621,"CONCESIONES, LICENCIAS Y OTROS DERECHOS  - Amortización de Intangibles - Revaluación",2,,,,Naturaleza,,,PLAN DE CUENTAS CONTASIS.xlsx,PLAN DE CUENTAS,2320
6862190,"CONCESIONES, LICENCIAS Y OTROS DERECHOS - PROD - Amortización de Intangibles - Revaluación",3,,9011,7911,Naturaleza,Ninguno,Sin centro de Costos,PLAN DE CUENTAS CONTASIS.xlsx,PLAN DE CUENTAS,2321
6862193,"CONCESIONES, LICENCIAS Y OTROS DERECHOS - CDS - Amortización de Intangibles - Revaluación",3,,9311,7911,Naturaleza,Ninguno,Sin centro de Costos,PLAN DE CUENTAS CONTASIS.xlsx,PLAN DE CUENTAS,2322
6862194,"CONCESIONES, LICENCIAS Y OTROS DERECHOS - ADM - Amortización de Intangibles - Revaluación",3,,9411,7911,Naturaleza,Ninguno,Sin centro de Costos,PLAN DE CUENTAS CONTASIS.xlsx,PLAN DE CUENTAS,2323
6862195,"CONCESIONES, LICENCIAS Y OTROS DERECHOS - VTAS - Amortización de Intangibles - Revaluación",3,,9511,7911,Naturaleza,Ninguno,Sin centro de Costos,PLAN DE CUENTAS CONTASIS.xlsx,PLAN DE CUENTAS,2324
68622,PATENTES Y PROPIEDAD INDUSTRIAL  - Amortización de Intangibles - Revaluación,2,,,,Naturaleza,,,PLAN DE CUENTAS CONTASIS.xlsx,PLAN DE CUENTAS,2325
6862290,PATENTES Y PROPIEDAD INDUSTRIAL- PROD - Amortización de Intangibles - Revaluación,3,,9011,7911,Naturaleza,Ninguno,Sin centro de Costos,PLAN DE CUENTAS CONTASIS.xlsx,PLAN DE CUENTAS,2326
6862293,PATENTES Y PROPIEDAD INDUSTRIAL- CDS - Amortización de Intangibles - Revaluación,3,,9311,7911,Naturaleza,Ninguno,Sin centro de Costos,PLAN DE CUENTAS CONTASIS.xlsx,PLAN DE CUENTAS,2327
6862294,PATENTES Y PROPIEDAD INDUSTRIAL- ADM - Amortización de Intangibles - Revaluación,3,,9411,7911,Naturaleza,Ninguno,Sin centro de Costos,PLAN DE CUENTAS CONTASIS.xlsx,PLAN DE CUENTAS,2328
6862295,PATENTES Y PROPIEDAD INDUSTRIAL- VTAS - Amortización de Intangibles - Revaluación,3,,9511,7911,Naturaleza,Ninguno,Sin centro de Costos,PLAN DE CUENTAS CONTASIS.xlsx,PLAN DE CUENTAS,2329
68623,PROGRAMAS DE COMPUTADORA (SOFTWARE)  - Amortización de Intangibles - Revaluación,2,,,,Naturaleza,,,PLAN DE CUENTAS CONTASIS.xlsx,PLAN DE CUENTAS,2330
6862390,PROGRAMAS DE COMPUTADORA (SOFTWARE) - PROD - Amortización de Intangibles - Revaluación,3,,9011,7911,Naturaleza,Ninguno,Sin centro de Costos,PLAN DE CUENTAS CONTASIS.xlsx,PLAN DE CUENTAS,2331
6862393,PROGRAMAS DE COMPUTADORA (SOFTWARE) - CDS - Amortización de Intangibles - Revaluación,3,,9311,7911,Naturaleza,Ninguno,Sin centro de Costos,PLAN DE CUENTAS CONTASIS.xlsx,PLAN DE CUENTAS,2332
6862394,PROGRAMAS DE COMPUTADORA (SOFTWARE) - ADM - Amortización de Intangibles - Revaluación,3,,9411,7911,Naturaleza,Ninguno,Sin centro de Costos,PLAN DE CUENTAS CONTASIS.xlsx,PLAN DE CUENTAS,2333
6862395,PROGRAMAS DE COMPUTADORA (SOFTWARE) - VTAS - Amortización de Intangibles - Revaluación,3,,9511,7911,Naturaleza,Ninguno,Sin centro de Costos,PLAN DE CUENTAS CONTASIS.xlsx,PLAN DE CUENTAS,2334
68624,COSTOS DE EXPLORACION Y DESARROLLO  - Amortización de Intangibles - Revaluación,2,,,,Naturaleza,,,PLAN DE CUENTAS CONTASIS.xlsx,PLAN DE CUENTAS,2335
6862490,COSTOS DE EXPLORACION Y DESARROLLO - PROD - Amortización de Intangibles - Revaluación,3,,9011,7911,Naturaleza,Ninguno,Sin centro de Costos,PLAN DE CUENTAS CONTASIS.xlsx,PLAN DE CUENTAS,2336
6862493,COSTOS DE EXPLORACION Y DESARROLLO - CDS - Amortización de Intangibles - Revaluación,3,,9311,7911,Naturaleza,Ninguno,Sin centro de Costos,PLAN DE CUENTAS CONTASIS.xlsx,PLAN DE CUENTAS,2337
6862494,COSTOS DE EXPLORACION Y DESARROLLO - ADM - Amortización de Intangibles - Revaluación,3,,9411,7911,Naturaleza,Ninguno,Sin centro de Costos,PLAN DE CUENTAS CONTASIS.xlsx,PLAN DE CUENTAS,2338
6862495,COSTOS DE EXPLORACION Y DESARROLLO - VTAS - Amortización de Intangibles - Revaluación,3,,9511,7911,Naturaleza,Ninguno,Sin centro de Costos,PLAN DE CUENTAS CONTASIS.xlsx,PLAN DE CUENTAS,2339
68625,"FORMULAS, DISEÑOS Y PROTOTIPOS  - Amortización de Intangibles - Revaluación",2,,,,Naturaleza,,,PLAN DE CUENTAS CONTASIS.xlsx,PLAN DE CUENTAS,2340
6862590,"FORMULAS, DISEÑOS Y PROTOTIPOS - PROD - Amortización de Intangibles - Revaluación",3,,9011,7911,Naturaleza,Ninguno,Sin centro de Costos,PLAN DE CUENTAS CONTASIS.xlsx,PLAN DE CUENTAS,2341
6862593,"FORMULAS, DISEÑOS Y PROTOTIPOS - CDS - Amortización de Intangibles - Revaluación",3,,9311,7911,Naturaleza,Ninguno,Sin centro de Costos,PLAN DE CUENTAS CONTASIS.xlsx,PLAN DE CUENTAS,2342
6862594,"FORMULAS, DISEÑOS Y PROTOTIPOS - ADM - Amortización de Intangibles - Revaluación",3,,9411,7911,Naturaleza,Ninguno,Sin centro de Costos,PLAN DE CUENTAS CONTASIS.xlsx,PLAN DE CUENTAS,2343
6862595,"FORMULAS, DISEÑOS Y PROTOTIPOS - VTAS - Amortización de Intangibles - Revaluación",3,,9511,7911,Naturaleza,Ninguno,Sin centro de Costos,PLAN DE CUENTAS CONTASIS.xlsx,PLAN DE CUENTAS,2344
68629,OTROS ACTIVOS INTANGIBLES  - Amortización de Intangibles - Revaluación,2,,,,Naturaleza,,,PLAN DE CUENTAS CONTASIS.xlsx,PLAN DE CUENTAS,2345
6862990,OTROS ACTIVOS INTANGIBLES - PROD - Amortización de Intangibles - Revaluación,3,,9011,7911,Naturaleza,Ninguno,Sin centro de Costos,PLAN DE CUENTAS CONTASIS.xlsx,PLAN DE CUENTAS,2346
6862993,OTROS ACTIVOS INTANGIBLES - CDS - Amortización de Intangibles - Revaluación,3,,9311,7911,Naturaleza,Ninguno,Sin centro de Costos,PLAN DE CUENTAS CONTASIS.xlsx,PLAN DE CUENTAS,2347
6862994,OTROS ACTIVOS INTANGIBLES - ADM - Amortización de Intangibles - Revaluación,3,,9411,7911,Naturaleza,Ninguno,Sin centro de Costos,PLAN DE CUENTAS CONTASIS.xlsx,PLAN DE CUENTAS,2348
6862995,OTROS ACTIVOS INTANGIBLES - VTAS - Amortización de Intangibles - Revaluación,3,,9511,7911,Naturaleza,Ninguno,Sin centro de Costos,PLAN DE CUENTAS CONTASIS.xlsx,PLAN DE CUENTAS,2349
687,VALUACION DE ACTIVOS- Valuación y Deterioro de Activos y Provisiones,2,,,,Naturaleza,,,PLAN DE CUENTAS CONTASIS.xlsx,PLAN DE CUENTAS,2350
6871,ESTIMACION DE CUENTAS DE COBRANZA DUDOSA - Valuación y Deterioro de Activos y Provisiones,2,,,,Naturaleza,,,PLAN DE CUENTAS CONTASIS.xlsx,PLAN DE CUENTAS,2351
68711,CUENTAS  POR COBRAR COMERCIALES - TERCEROS  - Estimación de Cuentas de Cobranza Dudosa,2,,,,Naturaleza,,,PLAN DE CUENTAS CONTASIS.xlsx,PLAN DE CUENTAS,2352
68711094,CUENTAS  POR COBRAR COMERCIALES - TERCEROS - ADM - Estimación de Cuentas de Cobranza Dudosa,3,,9411,7811,Naturaleza,Ninguno,Sin centro de Costos,PLAN DE CUENTAS CONTASIS.xlsx,PLAN DE CUENTAS,2353
68711095,CUENTAS  POR COBRAR COMERCIALES - TERCEROS - VTAS - Estimación de Cuentas de Cobranza Dudosa,3,,9511,7811,Naturaleza,Ninguno,Sin centro de Costos,PLAN DE CUENTAS CONTASIS.xlsx,PLAN DE CUENTAS,2354
68712,CUENTAS POR COBRAR COMERCIALES - RELACIONADAS  - Estimación de Cuentas de Cobranza Dudosa,2,,,,Naturaleza,,,PLAN DE CUENTAS CONTASIS.xlsx,PLAN DE CUENTAS,2355
68712094,CUENTAS POR COBRAR COMERCIALES - RELACIONADAS - ADM - Estimación de Cuentas de Cobranza Dudosa,3,,9411,7811,Naturaleza,Ninguno,Sin centro de Costos,PLAN DE CUENTAS CONTASIS.xlsx,PLAN DE CUENTAS,2356
68712095,CUENTAS POR COBRAR COMERCIALES - RELACIONADAS - VTAS - Estimación de Cuentas de Cobranza Dudosa,3,,9511,7811,Naturaleza,Ninguno,Sin centro de Costos,PLAN DE CUENTAS CONTASIS.xlsx,PLAN DE CUENTAS,2357
68713,"CUENTAS POR COBRAR AL PERSONAL, A LOS ACCIONISTAS DIRECTORES  - Cobranza Dudosa",2,,,,Naturaleza,,,PLAN DE CUENTAS CONTASIS.xlsx,PLAN DE CUENTAS,2358
68713094,"CUENTAS POR COBRAR AL PERSONAL, A LOS ACCIONISTAS DIRECTORES - ADM - Cobranza Dudosa",3,,9411,7811,Naturaleza,Ninguno,Sin centro de Costos,PLAN DE CUENTAS CONTASIS.xlsx,PLAN DE CUENTAS,2359
68713095,"CUENTAS POR COBRAR AL PERSONAL, A LOS ACCIONISTAS DIRECTORES - VTAS - Cobranza Dudosa",3,,9511,7811,Naturaleza,Ninguno,Sin centro de Costos,PLAN DE CUENTAS CONTASIS.xlsx,PLAN DE CUENTAS,2360
68714,CUENTAS POR COBRAR DIVERSAS - TERCEROS  - Estimación de Cuentas de Cobranza Dudosa,2,,,,Naturaleza,,,PLAN DE CUENTAS CONTASIS.xlsx,PLAN DE CUENTAS,2361
68714094,CUENTAS POR COBRAR DIVERSAS - TERCEROS - ADM - Estimación de Cuentas de Cobranza Dudosa,3,,9411,7811,Naturaleza,Ninguno,Sin centro de Costos,PLAN DE CUENTAS CONTASIS.xlsx,PLAN DE CUENTAS,2362
68714095,CUENTAS POR COBRAR DIVERSAS - TERCEROS - VTAS - Estimación de Cuentas de Cobranza Dudosa,3,,9511,7811,Naturaleza,Ninguno,Sin centro de Costos,PLAN DE CUENTAS CONTASIS.xlsx,PLAN DE CUENTAS,2363
68715,CUENTAS POR COBRAR DIVERSAS - RELACIONADAS  - Estimación de Cuentas de Cobranza Dudosa,2,,,,Naturaleza,,,PLAN DE CUENTAS CONTASIS.xlsx,PLAN DE CUENTAS,2364
68715094,CUENTAS POR COBRAR DIVERSAS - RELACIONADAS - ADM - Estimación de Cuentas de Cobranza Dudosa,3,,9411,7811,Naturaleza,Ninguno,Sin centro de Costos,PLAN DE CUENTAS CONTASIS.xlsx,PLAN DE CUENTAS,2365
68715095,CUENTAS POR COBRAR DIVERSAS - RELACIONADAS - VTAS - Estimación de Cuentas de Cobranza Dudosa,3,,9511,7811,Naturaleza,Ninguno,Sin centro de Costos,PLAN DE CUENTAS CONTASIS.xlsx,PLAN DE CUENTAS,2366
6873,DESVALORIZACION DE INVERSIONES MOBILIARIAS - Valuación y Deterioro de Activos y Provisiones,2,,,,Naturaleza,,,PLAN DE CUENTAS CONTASIS.xlsx,PLAN DE CUENTAS,2367
68731,INVERSIONES A SER MANTENIDAS HASTA EL VENCIMIENTO - Desvalorización de Inversiones Mobiliarias,2,,,,Naturaleza,,,PLAN DE CUENTAS CONTASIS.xlsx,PLAN DE CUENTAS,2368
68731094,INVERSIONES A SER MANTENIDAS HASTA EL VENCIMIENTO - ADM - Desvalorización de Inversiones Mobiliarias,3,,9411,7811,Naturaleza,Ninguno,Sin centro de Costos,PLAN DE CUENTAS CONTASIS.xlsx,PLAN DE CUENTAS,2369
68731095,INVERSIONES A SER MANTENIDAS HASTA EL VENCIMIENTO - VTAS - Desvalorización de Inversiones Mobiliaria,3,,9511,7811,Naturaleza,Ninguno,Sin centro de Costos,PLAN DE CUENTAS CONTASIS.xlsx,PLAN DE CUENTAS,2370
68732,INSTRUMENTOS FINANCIEROS REPRESENTATIVOS DE DERECHO PATRIMONIAL - Desvaloriz de Invers Mobiliarias,2,,,,Naturaleza,,,PLAN DE CUENTAS CONTASIS.xlsx,PLAN DE CUENTAS,2371
68732094,INSTRUMENTOS FINANC REPRES DE DERECHO PATRIMONIAL- ADM - Desvalorización de Inversiones Mobiliarias,3,,9411,7811,Naturaleza,Ninguno,Sin centro de Costos,PLAN DE CUENTAS CONTASIS.xlsx,PLAN DE CUENTAS,2372
68732095,INSTRUMENTOS FINANC REPRES DE DERECHO PATRIMONIAL - VTAS - Desvalorización de Inversiones Mobiliaria,3,,9511,7811,Naturaleza,Ninguno,Sin centro de Costos,PLAN DE CUENTAS CONTASIS.xlsx,PLAN DE CUENTAS,2373
688,DETERIORO DEL VALOR DE LOS ACTIVOS - Valuación y Deterioro de Activos y Provisiones,2,,,,Naturaleza,,,PLAN DE CUENTAS CONTASIS.xlsx,PLAN DE CUENTAS,2374
6881,DESVALORIZACIÓN DE PROPIEDAD DE INVERSIÓN - Valuación y Deterioro de Activos y Provisiones,2,,,,Naturaleza,,,PLAN DE CUENTAS CONTASIS.xlsx,PLAN DE CUENTAS,2375
68812,EDIFICACIONES - Desvalorización de Inversiones Inmobiliarias,2,,,,Naturaleza,,,PLAN DE CUENTAS CONTASIS.xlsx,PLAN DE CUENTAS,2376
6881290,EDIFICACIONES - PROD - Desvalorización de Inversiones Inmobiliarias,3,,9011,7811,Naturaleza,Ninguno,Sin centro de Costos,PLAN DE CUENTAS CONTASIS.xlsx,PLAN DE CUENTAS,2377
6881293,EDIFICACIONES - CDS - Desvalorización de Inversiones Inmobiliarias,3,,9311,7811,Naturaleza,Ninguno,Sin centro de Costos,PLAN DE CUENTAS CONTASIS.xlsx,PLAN DE CUENTAS,2378
6881294,EDIFICACIONES - ADM - Desvalorización de Inversiones Inmobiliarias,3,,9411,7811,Naturaleza,Ninguno,Sin centro de Costos,PLAN DE CUENTAS CONTASIS.xlsx,PLAN DE CUENTAS,2379
6881295,EDIFICACIONES - VTAS - Desvalorización de Inversiones Inmobiliarias,3,,9511,7811,Naturaleza,Ninguno,Sin centro de Costos,PLAN DE CUENTAS CONTASIS.xlsx,PLAN DE CUENTAS,2380
68813,CONSTRUCCIONES EN CURSO - Desvalorización de Inversiones Inmobiliarias,2,,,,Naturaleza,,,PLAN DE CUENTAS CONTASIS.xlsx,PLAN DE CUENTAS,2381
68813090,CONSTRUCCIONES EN CURSO - PROD - Desvalorización de Inversiones Inmobiliarias,3,,9011,7911,Naturaleza,Ninguno,Sin centro de Costos,PLAN DE CUENTAS CONTASIS.xlsx,PLAN DE CUENTAS,2382
68813093,CONSTRUCCIONES EN CURSO - CDS - Desvalorización de Inversiones Inmobiliarias,3,,9311,7911,Naturaleza,Ninguno,Sin centro de Costos,PLAN DE CUENTAS CONTASIS.xlsx,PLAN DE CUENTAS,2383
68813094,CONSTRUCCIONES EN CURSO - ADM - Desvalorización de Inversiones Inmobiliarias,3,,9411,7911,Naturaleza,Ninguno,Sin centro de Costos,PLAN DE CUENTAS CONTASIS.xlsx,PLAN DE CUENTAS,2384
68813095,CONSTRUCCIONES EN CURSO - VTAS - Desvalorización de Inversiones Inmobiliarias,3,,9511,7911,Naturaleza,Ninguno,Sin centro de Costos,PLAN DE CUENTAS CONTASIS.xlsx,PLAN DE CUENTAS,2385
6882,DESVALORIZACIÓN DE ACTIVOS POR DERECHO DE USO - ARRENDAMIENTO FINANCIERO - Valuación y Deterioro de,2,,,,Naturaleza,,,PLAN DE CUENTAS CONTASIS.xlsx,PLAN DE CUENTAS,2386
68820,PLANTA PRODUCTORA EN PRODUCCIÓN - Desvalorización - Arrendamiento Financiero,2,,,,Naturaleza,,,PLAN DE CUENTAS CONTASIS.xlsx,PLAN DE CUENTAS,2387
68820090,PLANTA PRODUCTORA EN PROD - PROD - Desvalorización - Arrendamiento Financiero,3,,9011,7911,Naturaleza,Ninguno,Sin centro de Costos,PLAN DE CUENTAS CONTASIS.xlsx,PLAN DE CUENTAS,2388
68820093,PLANTA PRODUCTORA EN PROD - CDS - Desvalorización - Arrendamiento Financiero,3,,9311,7911,Naturaleza,Ninguno,Sin centro de Costos,PLAN DE CUENTAS CONTASIS.xlsx,PLAN DE CUENTAS,2389
68820094,PLANTA PRODUCTORA EN PROD - ADM - Desvalorización - Arrendamiento Financiero,3,,9411,7911,Naturaleza,Ninguno,Sin centro de Costos,PLAN DE CUENTAS CONTASIS.xlsx,PLAN DE CUENTAS,2390
68820095,PLANTA PRODUCTORA EN PROD - VTAS - Desvalorización - Arrendamiento Financiero,3,,9511,7911,Naturaleza,Ninguno,Sin centro de Costos,PLAN DE CUENTAS CONTASIS.xlsx,PLAN DE CUENTAS,2391
68821,PLANTA PRODUCTORA EN DESARROLLO - Desvalorización - Arrendamiento Financiero,2,,,,Naturaleza,,,PLAN DE CUENTAS CONTASIS.xlsx,PLAN DE CUENTAS,2392
68821090,PLANTA PRODUCTORA EN DESAR - PROD - Desvalorización - Arrendamiento Financiero,3,,9011,7911,Naturaleza,Ninguno,Sin centro de Costos,PLAN DE CUENTAS CONTASIS.xlsx,PLAN DE CUENTAS,2393
68821093,PLANTA PRODUCTORA EN DESAR - CDS - Desvalorización - Arrendamiento Financiero,3,,9311,7911,Naturaleza,Ninguno,Sin centro de Costos,PLAN DE CUENTAS CONTASIS.xlsx,PLAN DE CUENTAS,2394
68821094,PLANTA PRODUCTORA EN DESAR - ADM - Desvalorización - Arrendamiento Financiero,3,,9411,7911,Naturaleza,Ninguno,Sin centro de Costos,PLAN DE CUENTAS CONTASIS.xlsx,PLAN DE CUENTAS,2395
68821095,PLANTA PRODUCTORA EN DESAR - VTAS - Desvalorización - Arrendamiento Financiero,3,,9511,7911,Naturaleza,Ninguno,Sin centro de Costos,PLAN DE CUENTAS CONTASIS.xlsx,PLAN DE CUENTAS,2396
68822,TERRENOS - Desvalorización - Arrendamiento Financiero,2,,,,Naturaleza,,,PLAN DE CUENTAS CONTASIS.xlsx,PLAN DE CUENTAS,2397
68822090,TERRENOS - PROD - Desvalorización - Arrendamiento Financiero,3,,9011,7911,Naturaleza,Ninguno,Sin centro de Costos,PLAN DE CUENTAS CONTASIS.xlsx,PLAN DE CUENTAS,2398
68822093,TERRENOS - CDS - Desvalorización - Arrendamiento Financiero,3,,9311,7911,Naturaleza,Ninguno,Sin centro de Costos,PLAN DE CUENTAS CONTASIS.xlsx,PLAN DE CUENTAS,2399
68822094,TERRENOS - ADM - Desvalorización - Arrendamiento Financiero,3,,9411,7911,Naturaleza,Ninguno,Sin centro de Costos,PLAN DE CUENTAS CONTASIS.xlsx,PLAN DE CUENTAS,2400
68822095,TERRENOS - VTAS - Desvalorización - Arrendamiento Financiero,3,,9511,7911,Naturaleza,Ninguno,Sin centro de Costos,PLAN DE CUENTAS CONTASIS.xlsx,PLAN DE CUENTAS,2401
68823,EDIFICACIONES - Desvalorización - Arrendamiento Financiero,2,,,,Naturaleza,,,PLAN DE CUENTAS CONTASIS.xlsx,PLAN DE CUENTAS,2402
68823090,EDIFICACIONES - PROD - Desvalorización - Arrendamiento Financiero,3,,9011,7911,Naturaleza,Ninguno,Sin centro de Costos,PLAN DE CUENTAS CONTASIS.xlsx,PLAN DE CUENTAS,2403
68823093,EDIFICACIONES - CDS - Desvalorización - Arrendamiento Financiero,3,,9311,7911,Naturaleza,Ninguno,Sin centro de Costos,PLAN DE CUENTAS CONTASIS.xlsx,PLAN DE CUENTAS,2404
68823094,EDIFICACIONES - ADM - Desvalorización - Arrendamiento Financiero,3,,9411,7911,Naturaleza,Ninguno,Sin centro de Costos,PLAN DE CUENTAS CONTASIS.xlsx,PLAN DE CUENTAS,2405
68823095,EDIFICACIONES - VTAS - Desvalorización - Arrendamiento Financiero,3,,9511,7911,Naturaleza,Ninguno,Sin centro de Costos,PLAN DE CUENTAS CONTASIS.xlsx,PLAN DE CUENTAS,2406
68824,MAQ. Y EQUI. DE EXPLOTACIÓN - Desvalorización - Arrendamiento Financiero,2,,,,Naturaleza,,,PLAN DE CUENTAS CONTASIS.xlsx,PLAN DE CUENTAS,2407
68824090,MAQ. Y EQUI. DE EXPLOT - PROD - Desvalorización - Arrendamiento Financiero,3,,9011,7911,Naturaleza,Ninguno,Sin centro de Costos,PLAN DE CUENTAS CONTASIS.xlsx,PLAN DE CUENTAS,2408
68824093,MAQ. Y EQUI. DE EXPLOT - CDS - Desvalorización - Arrendamiento Financiero,3,,9311,7911,Naturaleza,Ninguno,Sin centro de Costos,PLAN DE CUENTAS CONTASIS.xlsx,PLAN DE CUENTAS,2409
68824094,MAQ. Y EQUI. DE EXPLOT - ADM - Desvalorización - Arrendamiento Financiero,3,,9411,7911,Naturaleza,Ninguno,Sin centro de Costos,PLAN DE CUENTAS CONTASIS.xlsx,PLAN DE CUENTAS,2410
68824095,MAQ. Y EQUI. DE EXPLOT - VTAS - Desvalorización - Arrendamiento Financiero,3,,9511,7911,Naturaleza,Ninguno,Sin centro de Costos,PLAN DE CUENTAS CONTASIS.xlsx,PLAN DE CUENTAS,2411
68825,UNIDADES DE TRANSPORTE - Desvalorización - Arrendamiento Financiero,2,,,,Naturaleza,,,PLAN DE CUENTAS CONTASIS.xlsx,PLAN DE CUENTAS,2412
6882590,UNIDADES DE TRANSPORTE - PROD - Desvalorización - Arrendamiento Financiero,3,,9011,7911,Naturaleza,Ninguno,Sin centro de Costos,PLAN DE CUENTAS CONTASIS.xlsx,PLAN DE CUENTAS,2413
6882593,UNIDADES DE TRANSPORTE - CDS - Desvalorización - Arrendamiento Financiero,3,,9311,7911,Naturaleza,Ninguno,Sin centro de Costos,PLAN DE CUENTAS CONTASIS.xlsx,PLAN DE CUENTAS,2414
6882594,UNIDADES DE TRANSPORTE - ADM - Desvalorización - Arrendamiento Financiero,3,,9411,7911,Naturaleza,Ninguno,Sin centro de Costos,PLAN DE CUENTAS CONTASIS.xlsx,PLAN DE CUENTAS,2415
6882595,UNIDADES DE TRANSPORTE - VTAS - Desvalorización - Arrendamiento Financiero,3,,9511,7911,Naturaleza,Ninguno,Sin centro de Costos,PLAN DE CUENTAS CONTASIS.xlsx,PLAN DE CUENTAS,2416
68826,MUEBLES  Y ENSERES - Desvalorización - Arrendamiento Financiero,2,,,,Naturaleza,,,PLAN DE CUENTAS CONTASIS.xlsx,PLAN DE CUENTAS,2417
68826090,MUEBLES Y ENSERES - PROD - Desvalorización - Arrendamiento Financiero,3,,9011,7911,Naturaleza,Ninguno,Sin centro de Costos,PLAN DE CUENTAS CONTASIS.xlsx,PLAN DE CUENTAS,2418
68826093,MUEBLES Y ENSERES - CDS - Desvalorización - Arrendamiento Financiero,3,,9311,7911,Naturaleza,Ninguno,Sin centro de Costos,PLAN DE CUENTAS CONTASIS.xlsx,PLAN DE CUENTAS,2419
68826094,MUEBLES Y ENSERES - PROD - Desvalorización - Arrendamiento Financiero,3,,9411,7911,Naturaleza,Ninguno,Sin centro de Costos,PLAN DE CUENTAS CONTASIS.xlsx,PLAN DE CUENTAS,2420
68826095,MUEBLES Y ENSERES - VTAS - Desvalorización - Arrendamiento Financiero,3,,9511,7911,Naturaleza,Ninguno,Sin centro de Costos,PLAN DE CUENTAS CONTASIS.xlsx,PLAN DE CUENTAS,2421
68827,EQUIPOS DIVERSOS - Desvalorización - Arrendamiento Financiero,2,,,,Naturaleza,,,PLAN DE CUENTAS CONTASIS.xlsx,PLAN DE CUENTAS,2422
68827090,EQUIPOS DIVERSOS - PROD - Desvalorización - Arrendamiento Financiero,3,,9011,7911,Naturaleza,Ninguno,Sin centro de Costos,PLAN DE CUENTAS CONTASIS.xlsx,PLAN DE CUENTAS,2423
68827093,EQUIPOS DIVERSOS - CDS - Desvalorización - Arrendamiento Financiero,3,,9311,7911,Naturaleza,Ninguno,Sin centro de Costos,PLAN DE CUENTAS CONTASIS.xlsx,PLAN DE CUENTAS,2424
68827094,EQUIPOS DIVERSOS - ADM - Desvalorización - Arrendamiento Financiero,3,,9411,7911,Naturaleza,Ninguno,Sin centro de Costos,PLAN DE CUENTAS CONTASIS.xlsx,PLAN DE CUENTAS,2425
68827095,EQUIPOS DIVERSOS - VTAS - Desvalorización - Arrendamiento Financiero,3,,9511,7911,Naturaleza,Ninguno,Sin centro de Costos,PLAN DE CUENTAS CONTASIS.xlsx,PLAN DE CUENTAS,2426
68828,HERRAMIENTAS Y UNIDADES DE REEMPLAZO - Desvalorización - Arrendamiento Financiero,2,,,,Naturaleza,,,PLAN DE CUENTAS CONTASIS.xlsx,PLAN DE CUENTAS,2427
68828090,HERRAMIENTAS Y UNID. DE REEMPLAZO - PROD - Desvalorización - Arrendamiento Financiero,3,,9011,7911,Naturaleza,Ninguno,Sin centro de Costos,PLAN DE CUENTAS CONTASIS.xlsx,PLAN DE CUENTAS,2428
68828093,HERRAMIENTAS Y UNID. DE REEMPLAZO - CDS - Desvalorización - Arrendamiento Financiero,3,,9311,7911,Naturaleza,Ninguno,Sin centro de Costos,PLAN DE CUENTAS CONTASIS.xlsx,PLAN DE CUENTAS,2429
68828094,HERRAMIENTAS Y UNID. DE REEMPLAZO - ADM - Desvalorización - Arrendamiento Financiero,3,,9411,7911,Naturaleza,Ninguno,Sin centro de Costos,PLAN DE CUENTAS CONTASIS.xlsx,PLAN DE CUENTAS,2430
68828095,HERRAMIENTAS Y UNID. DE REEMPLAZO - VTAS - Desvalorización - Arrendamiento Financiero,3,,9511,7911,Naturaleza,Ninguno,Sin centro de Costos,PLAN DE CUENTAS CONTASIS.xlsx,PLAN DE CUENTAS,2431
6883,"DESVALORIZACIÓN DE PROPIEDAD, PLANTA Y EQUIPO - Valuación y Deterioro de Activos y Provisiones",2,,,,Naturaleza,,,PLAN DE CUENTAS CONTASIS.xlsx,PLAN DE CUENTAS,2432
68830,"PLANTA PRODUCTORA EN PRODUCCIÓN - Desvalorización de Propiedad, Planta y Equipo",2,,,,Naturaleza,,,PLAN DE CUENTAS CONTASIS.xlsx,PLAN DE CUENTAS,2433
6883090,"PLANTA PRODUCTORA EN PRODUCCIÓN - PROD - Desvalorización de Propiedad, Planta y Equipo",3,,9011,7911,Naturaleza,Ninguno,Sin centro de Costos,PLAN DE CUENTAS CONTASIS.xlsx,PLAN DE CUENTAS,2434
6883093,"PLANTA PRODUCTORA EN PRODUCCIÓN - CDS - Desvalorización de Propiedad, Planta y Equipo",3,,9311,7911,Naturaleza,Ninguno,Sin centro de Costos,PLAN DE CUENTAS CONTASIS.xlsx,PLAN DE CUENTAS,2435
6883094,"PLANTA PRODUCTORA EN PRODUCCIÓN - ADM - Desvalorización de Propiedad, Planta y Equipo",3,,9411,7911,Naturaleza,Ninguno,Sin centro de Costos,PLAN DE CUENTAS CONTASIS.xlsx,PLAN DE CUENTAS,2436
6883095,"PLANTA PRODUCTORA EN PRODUCCIÓN - PROD - Desvalorización de Propiedad, Planta y Equipo",3,,9511,7911,Naturaleza,Ninguno,Sin centro de Costos,PLAN DE CUENTAS CONTASIS.xlsx,PLAN DE CUENTAS,2437
68831,"PLANTA PRODUCTORA EN DESARROLLO - Desvalorización de Propiedad, Planta y Equipo",2,,,,Naturaleza,,,PLAN DE CUENTAS CONTASIS.xlsx,PLAN DE CUENTAS,2438
6883190,"PLANTA PRODUCTORA EN DESARROLLO - PROD - Desvalorización de Propiedad, Planta y Equipo",3,,9011,7911,Naturaleza,Ninguno,Sin centro de Costos,PLAN DE CUENTAS CONTASIS.xlsx,PLAN DE CUENTAS,2439
6883193,"PLANTA PRODUCTORA EN DESARROLLO - CDS - Desvalorización de Propiedad, Planta y Equipo",3,,9311,7911,Naturaleza,Ninguno,Sin centro de Costos,PLAN DE CUENTAS CONTASIS.xlsx,PLAN DE CUENTAS,2440
6883194,"PLANTA PRODUCTORA EN DESARROLLO - ADM - Desvalorización de Propiedad, Planta y Equipo",3,,9411,7911,Naturaleza,Ninguno,Sin centro de Costos,PLAN DE CUENTAS CONTASIS.xlsx,PLAN DE CUENTAS,2441
6883195,"PLANTA PRODUCTORA EN DESARROLLO - VTAS - Desvalorización de Propiedad, Planta y Equipo",3,,9511,7911,Naturaleza,Ninguno,Sin centro de Costos,PLAN DE CUENTAS CONTASIS.xlsx,PLAN DE CUENTAS,2442
68832,"TERRENOS - Desvalorización de Propiedad, Planta y Equipo",2,,,,Naturaleza,,,PLAN DE CUENTAS CONTASIS.xlsx,PLAN DE CUENTAS,2443
6883290,"TERRENOS - PROD - Desvalorización de Propiedad, Planta y Equipo",3,,9011,7911,Naturaleza,Ninguno,Sin centro de Costos,PLAN DE CUENTAS CONTASIS.xlsx,PLAN DE CUENTAS,2444
6883293,"TERRENOS - CDS - Desvalorización de Propiedad, Planta y Equipo",3,,9311,7911,Naturaleza,Ninguno,Sin centro de Costos,PLAN DE CUENTAS CONTASIS.xlsx,PLAN DE CUENTAS,2445
6883294,"TERRENOS - ADM - Desvalorización de Propiedad, Planta y Equipo",3,,9411,7911,Naturaleza,Ninguno,Sin centro de Costos,PLAN DE CUENTAS CONTASIS.xlsx,PLAN DE CUENTAS,2446
6883295,"TERRENOS - VTAS - Desvalorización de Propiedad, Planta y Equipo",3,,9511,7911,Naturaleza,Ninguno,Sin centro de Costos,PLAN DE CUENTAS CONTASIS.xlsx,PLAN DE CUENTAS,2447
68833,"EDIFICACIONES  - Desvalorización de Propiedad, Planta y Equipo",2,,,,Naturaleza,,,PLAN DE CUENTAS CONTASIS.xlsx,PLAN DE CUENTAS,2448
6883390,"EDIFICACIONES - PROD - Desvalorización de Propiedad, Planta y Equipo",3,,9011,7811,Naturaleza,Ninguno,Sin centro de Costos,PLAN DE CUENTAS CONTASIS.xlsx,PLAN DE CUENTAS,2449
6883393,"EDIFICACIONES - CDS - Desvalorización de Propiedad, Planta y Equipo",3,,9311,7811,Naturaleza,Ninguno,Sin centro de Costos,PLAN DE CUENTAS CONTASIS.xlsx,PLAN DE CUENTAS,2450
6883394,"EDIFICACIONES - ADM - Desvalorización de Propiedad, Planta y Equipo",3,,9411,7811,Naturaleza,Ninguno,Sin centro de Costos,PLAN DE CUENTAS CONTASIS.xlsx,PLAN DE CUENTAS,2451
6883395,"EDIFICACIONES - VTAS - Desvalorización de Propiedad, Planta y Equipo",3,,9511,7811,Naturaleza,Ninguno,Sin centro de Costos,PLAN DE CUENTAS CONTASIS.xlsx,PLAN DE CUENTAS,2452
68834,"MAQUINARIAS Y EQUIPOS DE EXPLOTACION  - Desvalorización de Propiedad, Planta y Equipo",2,,,,Naturaleza,,,PLAN DE CUENTAS CONTASIS.xlsx,PLAN DE CUENTAS,2453
6883490,"MAQUINARIAS Y EQUIPOS DE EXPLOTACION - PROD - Desvalorización de Propiedad, Planta y Equipo",3,,9011,7811,Naturaleza,Ninguno,Sin centro de Costos,PLAN DE CUENTAS CONTASIS.xlsx,PLAN DE CUENTAS,2454
6883493,"MAQUINARIAS Y EQUIPOS DE EXPLOTACION - CDS - Desvalorización de Propiedad, Planta y Equipo",3,,9311,7811,Naturaleza,Ninguno,Sin centro de Costos,PLAN DE CUENTAS CONTASIS.xlsx,PLAN DE CUENTAS,2455
6883494,"MAQUINARIAS Y EQUIPOS DE EXPLOTACION - ADM - Desvalorización de Propiedad, Planta y Equipo",3,,9411,7811,Naturaleza,Ninguno,Sin centro de Costos,PLAN DE CUENTAS CONTASIS.xlsx,PLAN DE CUENTAS,2456
6883495,"MAQUINARIAS Y EQUIPOS DE EXPLOTACION - VTAS - Desvalorización de Propiedad, Planta y Equipo",3,,9511,7811,Naturaleza,Ninguno,Sin centro de Costos,PLAN DE CUENTAS CONTASIS.xlsx,PLAN DE CUENTAS,2457
68835,"UNIDADES DE TRANSPORTE  - Desvalorización de Propiedad, Planta y Equipo",2,,,,Naturaleza,,,PLAN DE CUENTAS CONTASIS.xlsx,PLAN DE CUENTAS,2458
6883590,"UNIDADES DE TRANSPORTE - PROD - Desvalorización de Propiedad, Planta y Equipo",3,,9011,7811,Naturaleza,Ninguno,Sin centro de Costos,PLAN DE CUENTAS CONTASIS.xlsx,PLAN DE CUENTAS,2459
6883593,"UNIDADES DE TRANSPORTE - CDS - Desvalorización de Propiedad, Planta y Equipo",3,,9311,7811,Naturaleza,Ninguno,Sin centro de Costos,PLAN DE CUENTAS CONTASIS.xlsx,PLAN DE CUENTAS,2460
6883594,"UNIDADES DE TRANSPORTE - ADM - Desvalorización de Propiedad, Planta y Equipo",3,,9411,7811,Naturaleza,Ninguno,Sin centro de Costos,PLAN DE CUENTAS CONTASIS.xlsx,PLAN DE CUENTAS,2461
6883595,"UNIDADES DE TRANSPORTE - VTAS - Desvalorización de Propiedad, Planta y Equipo",3,,9511,7811,Naturaleza,Ninguno,Sin centro de Costos,PLAN DE CUENTAS CONTASIS.xlsx,PLAN DE CUENTAS,2462
68836,"MUEBLES Y ENSERES  - Desvalorización de Propiedad, Planta y Equipo",2,,,,Naturaleza,,,PLAN DE CUENTAS CONTASIS.xlsx,PLAN DE CUENTAS,2463
6883690,"MUEBLES Y ENSERES - PROD - Desvalorización de Propiedad, Planta y Equipo",3,,9011,7811,Naturaleza,Ninguno,Sin centro de Costos,PLAN DE CUENTAS CONTASIS.xlsx,PLAN DE CUENTAS,2464
6883693,"MUEBLES Y ENSERES - CDS - Desvalorización de Propiedad, Planta y Equipo",3,,9311,7811,Naturaleza,Ninguno,Sin centro de Costos,PLAN DE CUENTAS CONTASIS.xlsx,PLAN DE CUENTAS,2465
6883694,"MUEBLES Y ENSERES - ADM - Desvalorización de Propiedad, Planta y Equipo",3,,9411,7811,Naturaleza,Ninguno,Sin centro de Costos,PLAN DE CUENTAS CONTASIS.xlsx,PLAN DE CUENTAS,2466
6883695,"MUEBLES Y ENSERES - VTAS - Desvalorización de Propiedad, Planta y Equipo",3,,9511,7811,Naturaleza,Ninguno,Sin centro de Costos,PLAN DE CUENTAS CONTASIS.xlsx,PLAN DE CUENTAS,2467
68837,"EQUIPOS DIVERSOS  - Desvalorización de Propiedad, Planta y Equipo",2,,,,Naturaleza,,,PLAN DE CUENTAS CONTASIS.xlsx,PLAN DE CUENTAS,2468
6883790,"EQUIPOS DIVERSOS - PROD - Desvalorización de Propiedad, Planta y Equipo",3,,9011,7811,Naturaleza,Ninguno,Sin centro de Costos,PLAN DE CUENTAS CONTASIS.xlsx,PLAN DE CUENTAS,2469
6883793,"EQUIPOS DIVERSOS - CDS - Desvalorización de Propiedad, Planta y Equipo",3,,9311,7811,Naturaleza,Ninguno,Sin centro de Costos,PLAN DE CUENTAS CONTASIS.xlsx,PLAN DE CUENTAS,2470
6883794,"EQUIPOS DIVERSOS - ADM - Desvalorización de Propiedad, Planta y Equipo",3,,9411,7811,Naturaleza,Ninguno,Sin centro de Costos,PLAN DE CUENTAS CONTASIS.xlsx,PLAN DE CUENTAS,2471
6883795,"EQUIPOS DIVERSOS - VTAS - Desvalorización de Propiedad, Planta y Equipo",3,,9511,7811,Naturaleza,Ninguno,Sin centro de Costos,PLAN DE CUENTAS CONTASIS.xlsx,PLAN DE CUENTAS,2472
68838,"HERRAMIENTAS Y UNIDADES DE REEMPLAZO  - Desvalorización de Propiedad, Planta y Equipo",2,,,,Naturaleza,,,PLAN DE CUENTAS CONTASIS.xlsx,PLAN DE CUENTAS,2473
6883890,"HERRAMIENTAS Y UNIDADES DE REEMPLAZO - PROD - Desvalorización de Propiedad, Planta y Equipo",3,,9011,7811,Naturaleza,Ninguno,Sin centro de Costos,PLAN DE CUENTAS CONTASIS.xlsx,PLAN DE CUENTAS,2474
6883893,"HERRAMIENTAS Y UNIDADES DE REEMPLAZO - CDS - Desvalorización de Propiedad, Planta y Equipo",3,,9311,7811,Naturaleza,Ninguno,Sin centro de Costos,PLAN DE CUENTAS CONTASIS.xlsx,PLAN DE CUENTAS,2475
6883894,"HERRAMIENTAS Y UNIDADES DE REEMPLAZO - ADM - Desvalorización de Propiedad, Planta y Equipo",3,,9411,7811,Naturaleza,Ninguno,Sin centro de Costos,PLAN DE CUENTAS CONTASIS.xlsx,PLAN DE CUENTAS,2476
6883895,"HERRAMIENTAS Y UNIDADES DE REEMPLAZO - VTAS - Desvalorización de Propiedad, Planta y Equipo",3,,9511,7811,Naturaleza,Ninguno,Sin centro de Costos,PLAN DE CUENTAS CONTASIS.xlsx,PLAN DE CUENTAS,2477
6884,DESVALORIZACION DE INTANGIBLES,2,,,,Naturaleza,,,PLAN DE CUENTAS CONTASIS.xlsx,PLAN DE CUENTAS,2478
68841,"CONCESIONES, LICENCIAS Y OTROS DERECHOS  - Desvalorización de Intangibles",2,,,,Naturaleza,,,PLAN DE CUENTAS CONTASIS.xlsx,PLAN DE CUENTAS,2479
6884190,"CONCESIONES, LICENCIAS Y OTROS DERECHOS  - PROD - Desvalorización de Intangibles",3,,9011,7811,Naturaleza,Ninguno,Sin centro de Costos,PLAN DE CUENTAS CONTASIS.xlsx,PLAN DE CUENTAS,2480
6884193,"CONCESIONES, LICENCIAS Y OTROS DERECHOS  - CDS - Desvalorización de Intangibles",3,,9311,7811,Naturaleza,Ninguno,Sin centro de Costos,PLAN DE CUENTAS CONTASIS.xlsx,PLAN DE CUENTAS,2481
6884194,"CONCESIONES, LICENCIAS Y OTROS DERECHOS  - ADM - Desvalorización de Intangibles",3,,9411,7811,Naturaleza,Ninguno,Sin centro de Costos,PLAN DE CUENTAS CONTASIS.xlsx,PLAN DE CUENTAS,2482
6884195,"CONCESIONES, LICENCIAS Y OTROS DERECHOS  - VTAS - Desvalorización de Intangibles",3,,9511,7811,Naturaleza,Ninguno,Sin centro de Costos,PLAN DE CUENTAS CONTASIS.xlsx,PLAN DE CUENTAS,2483
68842,PATENTES Y PROPIEDAD INDUSTRIAL  - Desvalorización de Intangibles,2,,,,Naturaleza,,,PLAN DE CUENTAS CONTASIS.xlsx,PLAN DE CUENTAS,2484
6884290,PATENTES Y PROPIEDAD INDUSTRIAL - PROD - Desvalorización de Intangibles,3,,9011,7811,Naturaleza,Ninguno,Sin centro de Costos,PLAN DE CUENTAS CONTASIS.xlsx,PLAN DE CUENTAS,2485
6884293,PATENTES Y PROPIEDAD INDUSTRIAL - CDS - Desvalorización de Intangibles,3,,9311,7811,Naturaleza,Ninguno,Sin centro de Costos,PLAN DE CUENTAS CONTASIS.xlsx,PLAN DE CUENTAS,2486
6884294,PATENTES Y PROPIEDAD INDUSTRIAL - ADM - Desvalorización de Intangibles,3,,9411,7811,Naturaleza,Ninguno,Sin centro de Costos,PLAN DE CUENTAS CONTASIS.xlsx,PLAN DE CUENTAS,2487
6884295,PATENTES Y PROPIEDAD INDUSTRIAL - VTAS - Desvalorización de Intangibles,3,,9511,7811,Naturaleza,Ninguno,Sin centro de Costos,PLAN DE CUENTAS CONTASIS.xlsx,PLAN DE CUENTAS,2488
68843,PROGRAMAS DE COMPUTADORA (SOFTWARE)  - Desvalorización de Intangibles,2,,,,Naturaleza,,,PLAN DE CUENTAS CONTASIS.xlsx,PLAN DE CUENTAS,2489
6884390,PROGRAMAS DE COMPUTADORA (SOFTWARE) - PROD - Desvalorización de Intangibles,3,,9011,7811,Naturaleza,Ninguno,Sin centro de Costos,PLAN DE CUENTAS CONTASIS.xlsx,PLAN DE CUENTAS,2490
6884393,PROGRAMAS DE COMPUTADORA (SOFTWARE) - CDS - Desvalorización de Intangibles,3,,9311,7811,Naturaleza,Ninguno,Sin centro de Costos,PLAN DE CUENTAS CONTASIS.xlsx,PLAN DE CUENTAS,2491
6884394,PROGRAMAS DE COMPUTADORA (SOFTWARE) - ADM - Desvalorización de Intangibles,3,,9411,7811,Naturaleza,Ninguno,Sin centro de Costos,PLAN DE CUENTAS CONTASIS.xlsx,PLAN DE CUENTAS,2492
6884395,PROGRAMAS DE COMPUTADORA (SOFTWARE) - VTAS - Desvalorización de Intangibles,3,,9511,7811,Naturaleza,Ninguno,Sin centro de Costos,PLAN DE CUENTAS CONTASIS.xlsx,PLAN DE CUENTAS,2493
68844,COSTOS DE EXPLORACIÓN Y DESARROLLO  - Desvalorización de Intangibles,2,,,,Naturaleza,,,PLAN DE CUENTAS CONTASIS.xlsx,PLAN DE CUENTAS,2494
6884490,COSTOS DE EXPLORACIÓN Y DESARROLLO - PROD - Desvalorización de Intangibles,3,,9011,7811,Naturaleza,Ninguno,Sin centro de Costos,PLAN DE CUENTAS CONTASIS.xlsx,PLAN DE CUENTAS,2495
6884493,COSTOS DE EXPLORACIÓN Y DESARROLLO - CDS - Desvalorización de Intangibles,3,,9311,7811,Naturaleza,Ninguno,Sin centro de Costos,PLAN DE CUENTAS CONTASIS.xlsx,PLAN DE CUENTAS,2496
6884494,COSTOS DE EXPLORACIÓN Y DESARROLLO - ADM - Desvalorización de Intangibles,3,,9411,7811,Naturaleza,Ninguno,Sin centro de Costos,PLAN DE CUENTAS CONTASIS.xlsx,PLAN DE CUENTAS,2497
6884495,COSTOS DE EXPLORACIÓN Y DESARROLLO - VTAS - Desvalorización de Intangibles,3,,9511,7811,Naturaleza,Ninguno,Sin centro de Costos,PLAN DE CUENTAS CONTASIS.xlsx,PLAN DE CUENTAS,2498
68845,"FORMULAS, DISEÑOS Y PROTOTIPOS  - Desvalorización de Intangibles",2,,,,Naturaleza,,,PLAN DE CUENTAS CONTASIS.xlsx,PLAN DE CUENTAS,2499
6884590,"FORMULAS, DISEÑOS Y PROTOTIPOS - PROD - Desvalorización de Intangibles",3,,9011,7811,Naturaleza,Ninguno,Sin centro de Costos,PLAN DE CUENTAS CONTASIS.xlsx,PLAN DE CUENTAS,2500
6884593,"FORMULAS, DISEÑOS Y PROTOTIPOS - CDS - Desvalorización de Intangibles",3,,9311,7811,Naturaleza,Ninguno,Sin centro de Costos,PLAN DE CUENTAS CONTASIS.xlsx,PLAN DE CUENTAS,2501
6884594,"FORMULAS, DISEÑOS Y PROTOTIPOS - ADM - Desvalorización de Intangibles",3,,9411,7811,Naturaleza,Ninguno,Sin centro de Costos,PLAN DE CUENTAS CONTASIS.xlsx,PLAN DE CUENTAS,2502
6884595,"FORMULAS, DISEÑOS Y PROTOTIPOS - VTAS - Desvalorización de Intangibles",3,,9511,7811,Naturaleza,Ninguno,Sin centro de Costos,PLAN DE CUENTAS CONTASIS.xlsx,PLAN DE CUENTAS,2503
68846,OTROS ACTIVOS INTANGIBLES  - Desvalorización de Intangibles,2,,,,Naturaleza,,,PLAN DE CUENTAS CONTASIS.xlsx,PLAN DE CUENTAS,2504
6884690,OTROS ACTIVOS INTANGIBLES - PROD - Desvalorización de Intangibles,3,,9011,7811,Naturaleza,Ninguno,Sin centro de Costos,PLAN DE CUENTAS CONTASIS.xlsx,PLAN DE CUENTAS,2505
6884693,OTROS ACTIVOS INTANGIBLES - CDS - Desvalorización de Intangibles,3,,9311,7811,Naturaleza,Ninguno,Sin centro de Costos,PLAN DE CUENTAS CONTASIS.xlsx,PLAN DE CUENTAS,2506
6884694,OTROS ACTIVOS INTANGIBLES - ADM - Desvalorización de Intangibles,3,,9411,7811,Naturaleza,Ninguno,Sin centro de Costos,PLAN DE CUENTAS CONTASIS.xlsx,PLAN DE CUENTAS,2507
6884695,OTROS ACTIVOS INTANGIBLES - VTAS - Desvalorización de Intangibles,3,,9511,7811,Naturaleza,Ninguno,Sin centro de Costos,PLAN DE CUENTAS CONTASIS.xlsx,PLAN DE CUENTAS,2508
68847,PLUSVALIA MERCANTIL  - Desvalorización de Intangibles,2,,,,Naturaleza,,,PLAN DE CUENTAS CONTASIS.xlsx,PLAN DE CUENTAS,2509
68847090,PLUSVALIA MERCANTIL - PROD - Desvalorización de Intangibles,3,,9011,7811,Naturaleza,Ninguno,Sin centro de Costos,PLAN DE CUENTAS CONTASIS.xlsx,PLAN DE CUENTAS,2510
68847093,PLUSVALIA MERCANTIL - CDS - Desvalorización de Intangibles,3,,9311,7811,Naturaleza,Ninguno,Sin centro de Costos,PLAN DE CUENTAS CONTASIS.xlsx,PLAN DE CUENTAS,2511
68847094,PLUSVALIA MERCANTIL - ADM - Desvalorización de Intangibles,3,,9411,7811,Naturaleza,Ninguno,Sin centro de Costos,PLAN DE CUENTAS CONTASIS.xlsx,PLAN DE CUENTAS,2512
68847095,PLUSVALIA MERCANTIL - VTAS - Desvalorización de Intangibles,3,,9511,7811,Naturaleza,Ninguno,Sin centro de Costos,PLAN DE CUENTAS CONTASIS.xlsx,PLAN DE CUENTAS,2513
6885,DESVALORIZACIÓN DE ACTIVOS BIOLÓGICOS EN PRODUCCIÓN,2,,,,Naturaleza,,,PLAN DE CUENTAS CONTASIS.xlsx,PLAN DE CUENTAS,2514
68851,ACTIVOS BIOLOGICOS DE ORIGEN ANIMAL  - Desvalorización en Producción,2,,,,Naturaleza,,,PLAN DE CUENTAS CONTASIS.xlsx,PLAN DE CUENTAS,2515
6885190,ACTIVOS BIOLOGICOS DE ORIGEN ANIMAL - PROD - Desvalorización en Producción,3,,9011,7811,Naturaleza,Ninguno,Sin centro de Costos,PLAN DE CUENTAS CONTASIS.xlsx,PLAN DE CUENTAS,2516
6885193,ACTIVOS BIOLOGICOS DE ORIGEN ANIMAL - CDS - Desvalorización en Producción,3,,9311,7811,Naturaleza,Ninguno,Sin centro de Costos,PLAN DE CUENTAS CONTASIS.xlsx,PLAN DE CUENTAS,2517
6885194,ACTIVOS BIOLOGICOS DE ORIGEN ANIMAL - ADM - Desvalorización en Producción,3,,9411,7811,Naturaleza,Ninguno,Sin centro de Costos,PLAN DE CUENTAS CONTASIS.xlsx,PLAN DE CUENTAS,2518
6885195,ACTIVOS BIOLOGICOS DE ORIGEN ANIMAL - VTAS - Desvalorización en Producción,3,,9511,7811,Naturaleza,Ninguno,Sin centro de Costos,PLAN DE CUENTAS CONTASIS.xlsx,PLAN DE CUENTAS,2519
68852,ACTIVOS BIOLOGICOS DE ORIGEN VEGETAL  - Desvalorización en Producción,2,,,,Naturaleza,,,PLAN DE CUENTAS CONTASIS.xlsx,PLAN DE CUENTAS,2520
6885290,ACTIVOS BIOLOGICOS DE ORIGEN VEGETAL - PROD - Desvalorización en Producción,3,,9011,7811,Naturaleza,Ninguno,Sin centro de Costos,PLAN DE CUENTAS CONTASIS.xlsx,PLAN DE CUENTAS,2521
6885293,ACTIVOS BIOLOGICOS DE ORIGEN VEGETAL - CDS - Desvalorización en Producción,3,,9311,7811,Naturaleza,Ninguno,Sin centro de Costos,PLAN DE CUENTAS CONTASIS.xlsx,PLAN DE CUENTAS,2522
6885294,ACTIVOS BIOLOGICOS DE ORIGEN VEGETAL - ADM - Desvalorización en Producción,3,,9411,7811,Naturaleza,Ninguno,Sin centro de Costos,PLAN DE CUENTAS CONTASIS.xlsx,PLAN DE CUENTAS,2523
6885295,ACTIVOS BIOLOGICOS DE ORIGEN VEGETAL - VTAS - Desvalorización en Producción,3,,9511,7811,Naturaleza,Ninguno,Sin centro de Costos,PLAN DE CUENTAS CONTASIS.xlsx,PLAN DE CUENTAS,2524
689,PROVISIONES - Valuación y Deterioro de Activos y Provisiones,2,,,,Naturaleza,,,PLAN DE CUENTAS CONTASIS.xlsx,PLAN DE CUENTAS,2525
6891,PROVISION PARA LITIGIOS - Valuación y Deterioro de Activos y Provisiones,2,,,,Naturaleza,,,PLAN DE CUENTAS CONTASIS.xlsx,PLAN DE CUENTAS,2526
68911,PROVISION PARA LITIGIOS - COSTO,2,,,,Naturaleza,,,PLAN DE CUENTAS CONTASIS.xlsx,PLAN DE CUENTAS,2527
6891194,PROVISION PARA LITIGIOS - COSTO - ADM,3,,9411,7811,Naturaleza,Ninguno,Sin centro de Costos,PLAN DE CUENTAS CONTASIS.xlsx,PLAN DE CUENTAS,2528
6891195,PROVISION PARA LITIGIOS - COSTO - VTAS,3,,9511,7811,Naturaleza,Ninguno,Sin centro de Costos,PLAN DE CUENTAS CONTASIS.xlsx,PLAN DE CUENTAS,2529
68912,PROVISIÓN PARA LITIGIOS - ACTUALIZACION FINANCIERA,2,,,,Naturaleza,,,PLAN DE CUENTAS CONTASIS.xlsx,PLAN DE CUENTAS,2530
6891294,PROVISIÓN PARA LITIGIOS - ACTUALIZACION FINANCIERA  - ADM,3,,9411,7811,Naturaleza,Ninguno,Sin centro de Costos,PLAN DE CUENTAS CONTASIS.xlsx,PLAN DE CUENTAS,2531
6891295,PROVISIÓN PARA LITIGIOS - ACTUALIZACION FINANCIERA  - VTAS,3,,9511,7811,Naturaleza,Ninguno,Sin centro de Costos,PLAN DE CUENTAS CONTASIS.xlsx,PLAN DE CUENTAS,2532
6892,"PROVISIÓN POR DESMANTELAMIENTO, RETIRO O REHABILITACIÓN DEL INMOVILIZADO",2,,,,Naturaleza,,,PLAN DE CUENTAS CONTASIS.xlsx,PLAN DE CUENTAS,2533
68921,"PROVISIÓN POR DESMANTELAMIENTO, RETIRO O REHABILITACIÓN DEL INMOVILIZADO - COSTO",2,,,,Naturaleza,,,PLAN DE CUENTAS CONTASIS.xlsx,PLAN DE CUENTAS,2534
6892190,"PROVISIÓN POR DESMANTELAMIENTO, RETIRO O REHABILITACIÓN DEL INMOVILIZADO - COSTO - PROD",3,,9011,7811,Naturaleza,Ninguno,Sin centro de Costos,PLAN DE CUENTAS CONTASIS.xlsx,PLAN DE CUENTAS,2535
6892193,"PROVISIÓN POR DESMANTELAMIENTO, RETIRO O REHABILITACIÓN DEL INMOVILIZADO - COSTO - CDS",3,,9311,7811,Naturaleza,Ninguno,Sin centro de Costos,PLAN DE CUENTAS CONTASIS.xlsx,PLAN DE CUENTAS,2536
6892194,"PROVISIÓN POR DESMANTELAMIENTO, RETIRO O REHABILITACIÓN DEL INMOVILIZADO - COSTO - ADM",3,,9411,7811,Naturaleza,Ninguno,Sin centro de Costos,PLAN DE CUENTAS CONTASIS.xlsx,PLAN DE CUENTAS,2537
6892195,"PROVISIÓN POR DESMANTELAMIENTO, RETIRO O REHABILITACIÓN DEL INMOVILIZADO - COSTO - VTAS",3,,9511,7811,Naturaleza,Ninguno,Sin centro de Costos,PLAN DE CUENTAS CONTASIS.xlsx,PLAN DE CUENTAS,2538
68922,"PROVISIÓN POR DESMANTELAMIENTO, RETIRO O REHABILITACIÓN DEL INMOVILIZADO - ACTUALIZACIÓN FINANCIERA",2,,,,Naturaleza,,,PLAN DE CUENTAS CONTASIS.xlsx,PLAN DE CUENTAS,2539
6892290,"PROVISIÓN POR DESMANTELAMIENTO, RETIRO O REHABILITACIÓN DEL INMOVILIZADO - ACTUALIZ.  FINANC. - PROD",3,,9011,7811,Naturaleza,Ninguno,Sin centro de Costos,PLAN DE CUENTAS CONTASIS.xlsx,PLAN DE CUENTAS,2540
6892293,"PROVISIÓN POR DESMANTELAMIENTO, RETIRO O REHABILITACIÓN DEL INMOVILIZADO - ACTUALIZ.  FINANC. - CDS",3,,9311,7811,Naturaleza,Ninguno,Sin centro de Costos,PLAN DE CUENTAS CONTASIS.xlsx,PLAN DE CUENTAS,2541
6892294,"PROVISIÓN POR DESMANTELAMIENTO, RETIRO O REHABILITACIÓN DEL INMOVILIZADO - ACTUALIZ.  FINANC. - ADM",3,,9411,7811,Naturaleza,Ninguno,Sin centro de Costos,PLAN DE CUENTAS CONTASIS.xlsx,PLAN DE CUENTAS,2542
6892295,"PROVISIÓN POR DESMANTELAMIENTO, RETIRO O REHABILITACIÓN DEL INMOVILIZADO - ACTUALIZ.  FINANC. - VTAS",3,,9511,7811,Naturaleza,Ninguno,Sin centro de Costos,PLAN DE CUENTAS CONTASIS.xlsx,PLAN DE CUENTAS,2543
6893,PROVISION PARA REESTRUCTURACIONES,2,,,,Naturaleza,,,PLAN DE CUENTAS CONTASIS.xlsx,PLAN DE CUENTAS,2544
6893090,PROVISION PARA REESTRUCTURACIONES - PROD,3,,9011,7811,Naturaleza,Ninguno,Sin centro de Costos,PLAN DE CUENTAS CONTASIS.xlsx,PLAN DE CUENTAS,2545
6893093,PROVISION PARA REESTRUCTURACIONES - CDS,3,,9311,7811,Naturaleza,Ninguno,Sin centro de Costos,PLAN DE CUENTAS CONTASIS.xlsx,PLAN DE CUENTAS,2546
6893094,PROVISION PARA REESTRUCTURACIONES - ADM,3,,9411,7811,Naturaleza,Ninguno,Sin centro de Costos,PLAN DE CUENTAS CONTASIS.xlsx,PLAN DE CUENTAS,2547
6893095,PROVISION PARA REESTRUCTURACIONES - VTAS,3,,9511,7811,Naturaleza,Ninguno,Sin centro de Costos,PLAN DE CUENTAS CONTASIS.xlsx,PLAN DE CUENTAS,2548
6894,PROVISIÓN PARA PROTECCIÓN Y REMEDIACIÓN DEL MEDIO AMBIENTE,2,,,,Naturaleza,,,PLAN DE CUENTAS CONTASIS.xlsx,PLAN DE CUENTAS,2549
68941,PROVISIÓN PARA PROTECCIÓN Y REMEDIACIÓN DEL MEDIO AMBIENTE - COSTO,2,,,,Naturaleza,,,PLAN DE CUENTAS CONTASIS.xlsx,PLAN DE CUENTAS,2550
68941090,PROVISIÓN PARA PROTECCIÓN Y REMEDIACIÓN DEL MEDIO AMBIENTE - COSTO - PROD,3,,9011,7811,Naturaleza,Ninguno,Sin centro de Costos,PLAN DE CUENTAS CONTASIS.xlsx,PLAN DE CUENTAS,2551
68941093,PROVISIÓN PARA PROTECCIÓN Y REMEDIACIÓN DEL MEDIO AMBIENTE - COSTO - CDS,3,,9311,7811,Naturaleza,Ninguno,Sin centro de Costos,PLAN DE CUENTAS CONTASIS.xlsx,PLAN DE CUENTAS,2552
68941094,PROVISIÓN PARA PROTECCIÓN Y REMEDIACIÓN DEL MEDIO AMBIENTE - COSTO - ADM,3,,9411,7811,Naturaleza,Ninguno,Sin centro de Costos,PLAN DE CUENTAS CONTASIS.xlsx,PLAN DE CUENTAS,2553
68941095,PROVISIÓN PARA PROTECCIÓN Y REMEDIACIÓN DEL MEDIO AMBIENTE - COSTO - VTAS,3,,9511,7811,Naturaleza,Ninguno,Sin centro de Costos,PLAN DE CUENTAS CONTASIS.xlsx,PLAN DE CUENTAS,2554
68942,PROVISIÓN PARA PROTECCIÓN Y REMEDIACIÓN DEL MEDIO AMBIENTE - ACTUALIZACIÓN FINANCIERA,2,,,,Naturaleza,,,PLAN DE CUENTAS CONTASIS.xlsx,PLAN DE CUENTAS,2555
68942090,PROVISIÓN PARA PROTECCIÓN Y REMEDIACIÓN DEL MEDIO AMBIENTE - ACTUALIZACIÓN FINANCIERA - PROD,3,,9011,7811,Naturaleza,Ninguno,Sin centro de Costos,PLAN DE CUENTAS CONTASIS.xlsx,PLAN DE CUENTAS,2556
68942093,PROVISIÓN PARA PROTECCIÓN Y REMEDIACIÓN DEL MEDIO AMBIENTE - ACTUALIZACIÓN FINANCIERA - CDS,3,,9311,7811,Naturaleza,Ninguno,Sin centro de Costos,PLAN DE CUENTAS CONTASIS.xlsx,PLAN DE CUENTAS,2557
68942094,PROVISIÓN PARA PROTECCIÓN Y REMEDIACIÓN DEL MEDIO AMBIENTE - ACTUALIZACIÓN FINANCIERA - ADM,3,,9411,7811,Naturaleza,Ninguno,Sin centro de Costos,PLAN DE CUENTAS CONTASIS.xlsx,PLAN DE CUENTAS,2558
68942095,PROVISIÓN PARA PROTECCIÓN Y REMEDIACIÓN DEL MEDIO AMBIENTE - ACTUALIZACIÓN FINANCIERA - VTAS,3,,9511,7811,Naturaleza,Ninguno,Sin centro de Costos,PLAN DE CUENTAS CONTASIS.xlsx,PLAN DE CUENTAS,2559
6896,PROVISION PARA GARANTIAS,2,,,,Naturaleza,,,PLAN DE CUENTAS CONTASIS.xlsx,PLAN DE CUENTAS,2560
68961,PROVISION PARA GARANTIAS- COSTO,2,,,,Naturaleza,,,PLAN DE CUENTAS CONTASIS.xlsx,PLAN DE CUENTAS,2561
68961090,PROVISION PARA GARANTIAS- COSTO - PROD,3,,9011,7811,Naturaleza,Ninguno,Sin centro de Costos,PLAN DE CUENTAS CONTASIS.xlsx,PLAN DE CUENTAS,2562
68961093,PROVISION PARA GARANTIAS- COSTO - CDS,3,,9311,7811,Naturaleza,Ninguno,Sin centro de Costos,PLAN DE CUENTAS CONTASIS.xlsx,PLAN DE CUENTAS,2563
68961094,PROVISION PARA GARANTIAS- COSTO - ADM,3,,9411,7811,Naturaleza,Ninguno,Sin centro de Costos,PLAN DE CUENTAS CONTASIS.xlsx,PLAN DE CUENTAS,2564
68961095,PROVISION PARA GARANTIAS- COSTO - VTAS,3,,9511,7811,Naturaleza,Ninguno,Sin centro de Costos,PLAN DE CUENTAS CONTASIS.xlsx,PLAN DE CUENTAS,2565
68962,PROVISION PARA GARANTIAS- ACTUALIZACION FINANCIERA,2,,,,Naturaleza,,,PLAN DE CUENTAS CONTASIS.xlsx,PLAN DE CUENTAS,2566
68962090,PROVISION PARA GARANTIAS - ACTUALIZACION FINANCIERA  - PROD,3,,9011,7811,Naturaleza,Ninguno,Sin centro de Costos,PLAN DE CUENTAS CONTASIS.xlsx,PLAN DE CUENTAS,2567
68962093,PROVISION PARA GARANTIAS - ACTUALIZACION FINANCIERA  - CDS,3,,9311,7811,Naturaleza,Ninguno,Sin centro de Costos,PLAN DE CUENTAS CONTASIS.xlsx,PLAN DE CUENTAS,2568
68962094,PROVISION PARA GARANTIAS - ACTUALIZACION FINANCIERA  - ADM,3,,9411,7811,Naturaleza,Ninguno,Sin centro de Costos,PLAN DE CUENTAS CONTASIS.xlsx,PLAN DE CUENTAS,2569
68962095,PROVISION PARA GARANTIAS - ACTUALIZACION FINANCIERA  - VTAS,3,,9511,7811,Naturaleza,Ninguno,Sin centro de Costos,PLAN DE CUENTAS CONTASIS.xlsx,PLAN DE CUENTAS,2570
6897,PROVISIÓN POR ACTIVOS POR DERECHO DE USO,2,,,,Naturaleza,,,PLAN DE CUENTAS CONTASIS.xlsx,PLAN DE CUENTAS,2571
68971,PROVISIÓN POR ACTIVOS POR DERECHO DE USO  ARRENDAMIENTO OPERATIVO,2,,,,Naturaleza,,,PLAN DE CUENTAS CONTASIS.xlsx,PLAN DE CUENTAS,2572
6897190,PROVISIÓN POR ACTIVOS POR DERECHO DE USO  ARRENDAMIENTO OPERATIVO - PROD,3,,9011,7911,Naturaleza,Ninguno,Sin centro de Costos,PLAN DE CUENTAS CONTASIS.xlsx,PLAN DE CUENTAS,2573
6897193,PROVISIÓN POR ACTIVOS POR DERECHO DE USO  ARRENDAMIENTO OPERATIVO - CDS,3,,9311,7911,Naturaleza,Ninguno,Sin centro de Costos,PLAN DE CUENTAS CONTASIS.xlsx,PLAN DE CUENTAS,2574
6897194,PROVISIÓN POR ACTIVOS POR DERECHO DE USO  ARRENDAMIENTO OPERATIVO - ADM,3,,9411,7911,Naturaleza,Ninguno,Sin centro de Costos,PLAN DE CUENTAS CONTASIS.xlsx,PLAN DE CUENTAS,2575
6897195,PROVISIÓN POR ACTIVOS POR DERECHO DE USO  ARRENDAMIENTO OPERATIVO - VTAS,3,,9511,7911,Naturaleza,Ninguno,Sin centro de Costos,PLAN DE CUENTAS CONTASIS.xlsx,PLAN DE CUENTAS,2576
68972,PROVISIÓN POR ACTIVOS POR DERECHO DE USO  ARRENDAMIENTO OPERATIVO - Actualización Financiera,2,,,,Naturaleza,,,PLAN DE CUENTAS CONTASIS.xlsx,PLAN DE CUENTAS,2577
6897290,PROVISIÓN POR ACTIVOS POR DERECHO DE USO  ARRENDAMIENTO OPERATIVO - Actualización Financiera - PROD,3,,9011,7911,Naturaleza,Ninguno,Sin centro de Costos,PLAN DE CUENTAS CONTASIS.xlsx,PLAN DE CUENTAS,2578
6897293,PROVISIÓN POR ACTIVOS POR DERECHO DE USO  ARRENDAMIENTO OPERATIVO - Actualización Financiera - CDS,3,,9311,7911,Naturaleza,Ninguno,Sin centro de Costos,PLAN DE CUENTAS CONTASIS.xlsx,PLAN DE CUENTAS,2579
6897294,PROVISIÓN POR ACTIVOS POR DERECHO DE USO  ARRENDAMIENTO OPERATIVO - Actualización Financiera - ADM,3,,9411,7911,Naturaleza,Ninguno,Sin centro de Costos,PLAN DE CUENTAS CONTASIS.xlsx,PLAN DE CUENTAS,2580
6897295,PROVISIÓN POR ACTIVOS POR DERECHO DE USO  ARRENDAMIENTO OPERATIVO - Actualización Financiera - VTAS,3,,9511,7911,Naturaleza,Ninguno,Sin centro de Costos,PLAN DE CUENTAS CONTASIS.xlsx,PLAN DE CUENTAS,2581
6899,OTRAS PROVISIONES,2,,,,Naturaleza,,,PLAN DE CUENTAS CONTASIS.xlsx,PLAN DE CUENTAS,2582
6899090,OTRAS PROVISIONES - PROD,3,,9011,7811,Naturaleza,Ninguno,Sin centro de Costos,PLAN DE CUENTAS CONTASIS.xlsx,PLAN DE CUENTAS,2583
6899093,OTRAS PROVISIONES - CDS,3,,9311,7811,Naturaleza,Ninguno,Sin centro de Costos,PLAN DE CUENTAS CONTASIS.xlsx,PLAN DE CUENTAS,2584
6899094,OTRAS PROVISIONES - ADM,3,,9411,7811,Naturaleza,Ninguno,Sin centro de Costos,PLAN DE CUENTAS CONTASIS.xlsx,PLAN DE CUENTAS,2585
6899095,OTRAS PROVISIONES - VTAS,3,,9511,7811,Naturaleza,Ninguno,Sin centro de Costos,PLAN DE CUENTAS CONTASIS.xlsx,PLAN DE CUENTAS,2586
69,COSTO DE VENTAS,1,,,,Función,Ninguno,,PLAN DE CUENTAS CONTASIS.xlsx,PLAN DE CUENTAS,2587
691,MERCADERIAS - Costo de Ventas,2,,,,Función,,,PLAN DE CUENTAS CONTASIS.xlsx,PLAN DE CUENTAS,2588
6911,MERCADERIAS  - EXPORTACIÓN  - Costo de Ventas,2,,,,Función,,,PLAN DE CUENTAS CONTASIS.xlsx,PLAN DE CUENTAS,2589
69111,TERCEROS - Mercaderias - Exportación - Costo de Venta,3,F115,6111020,7911,Función,Ninguno,Sin centro de Costos,PLAN DE CUENTAS CONTASIS.xlsx,PLAN DE CUENTAS,2590
69112,RELACIONADAS - Mercaderias - Exportación - Costo de Venta,3,F115,6111020,7911,Función,Ninguno,Sin centro de Costos,PLAN DE CUENTAS CONTASIS.xlsx,PLAN DE CUENTAS,2591
6912,MERCADERÍAS VENTA LOCAL - Costo de Ventas,2,,,,Función,,,PLAN DE CUENTAS CONTASIS.xlsx,PLAN DE CUENTAS,2592
69121,TERCEROS - Mercaderias Venta Local - Costo de Ventas,3,F115,6111020,7911,Función,Ninguno,Sin centro de Costos,PLAN DE CUENTAS CONTASIS.xlsx,PLAN DE CUENTAS,2593
69122,RELACIONADAS - Mercaderias Venta Local - Costo de Ventas,3,F115,6111020,7911,Función,Ninguno,Sin centro de Costos,PLAN DE CUENTAS CONTASIS.xlsx,PLAN DE CUENTAS,2594
692,PRODUCTOS TERMINADOS - Costo de Ventas,2,,,,Función,,,PLAN DE CUENTAS CONTASIS.xlsx,PLAN DE CUENTAS,2595
6921,PRODUCTOS TERMINADOS - Exportación - Costo de Ventas,2,,,,Función,,,PLAN DE CUENTAS CONTASIS.xlsx,PLAN DE CUENTAS,2596
69211,TERCEROS - Productos Terminados - Exportación - Costo de Ventas,3,F115,7111,7911,Función,Ninguno,Sin centro de Costos,PLAN DE CUENTAS CONTASIS.xlsx,PLAN DE CUENTAS,2597
69212,RELACIONADAS - Productos Terminados - Exportación - Costo de Ventas,3,F115,7111,7911,Función,Ninguno,Sin centro de Costos,PLAN DE CUENTAS CONTASIS.xlsx,PLAN DE CUENTAS,2598
6922,PRODUCTOS TERMINADOS - Venta Local - Costo de Ventas,2,,,,Función,,,PLAN DE CUENTAS CONTASIS.xlsx,PLAN DE CUENTAS,2599
69221,TERCEROS - Productos Terminados - Venta Local - Costo de Ventas,3,F115,7111,7911,Función,Ninguno,Sin centro de Costos,PLAN DE CUENTAS CONTASIS.xlsx,PLAN DE CUENTAS,2600
69222,RELACIONADAS - Productos Terminados - Venta Local - Costo de Ventas,3,F115,7111,7911,Función,Ninguno,Sin centro de Costos,PLAN DE CUENTAS CONTASIS.xlsx,PLAN DE CUENTAS,2601
6923,COSTOS DE FINANCIACION - PRODUCTOS TERMINADOS  - Costo de Ventas,2,,,,Función,,,PLAN DE CUENTAS CONTASIS.xlsx,PLAN DE CUENTAS,2602
69231,TERCEROS - Costos De Financiación - Costo de Ventas,2,,,,Función,,,PLAN DE CUENTAS CONTASIS.xlsx,PLAN DE CUENTAS,2603
692311,PRODUCTOS MANUFACTURADOS - Terceros - Costos De Financiación - Costo de Ventas,3,F115,7111,7911,Función,Ninguno,Sin centro de Costos,PLAN DE CUENTAS CONTASIS.xlsx,PLAN DE CUENTAS,2604
69232,RELACIONADAS - Costos De Financiación - Costo de Ventas,2,,,,Función,,,PLAN DE CUENTAS CONTASIS.xlsx,PLAN DE CUENTAS,2605
692321,PRODUCTOS MANUFACTURADOS - Relacionadas - Costos De Financiación - Costo de Ventas,3,F115,7111,7911,Función,Ninguno,Sin centro de Costos,PLAN DE CUENTAS CONTASIS.xlsx,PLAN DE CUENTAS,2606
6924,COSTOS DE PRODUCCIÓN NO ABSORBIDO - Productos Terminados  - Costo de Ventas,2,,,,Función,,,PLAN DE CUENTAS CONTASIS.xlsx,PLAN DE CUENTAS,2607
69241,COSTOS DE PRODUCCIÓN NO ABSORBIDO - Productos Terminados  - Costo de Ventas,3,F115,7111,7911,Función,Ninguno,Sin centro de Costos,PLAN DE CUENTAS CONTASIS.xlsx,PLAN DE CUENTAS,2608
6925,COSTO DE INEFICIENCIA - Productos Terminados  - Costo de Ventas,2,,,,Función,,,PLAN DE CUENTAS CONTASIS.xlsx,PLAN DE CUENTAS,2609
69251,COSTO DE INEFICIENCIA - Productos Terminados  - Costo de Ventas,3,F115,7111,7911,Función,Ninguno,Sin centro de Costos,PLAN DE CUENTAS CONTASIS.xlsx,PLAN DE CUENTAS,2610
693,SERVICIOS TERMINADOS - Costo de Ventas,2,,,,Función,,,PLAN DE CUENTAS CONTASIS.xlsx,PLAN DE CUENTAS,2611
6931,SERVICIOS - EXPORTACIÓN - Servicios Terminados - Costo de Ventas,2,,,,Función,,,PLAN DE CUENTAS CONTASIS.xlsx,PLAN DE CUENTAS,2612
69311,TERCEROS - SERVICIOS - EXPORTACIÓN - Servicios Terminados - Costo de Ventas,3,F115,7111,7911,Función,Ninguno,Sin centro de Costos,PLAN DE CUENTAS CONTASIS.xlsx,PLAN DE CUENTAS,2613
69312,RELACIONADAS - SERVICIOS - EXPORTACIÓN - Servicios Terminados - Costo de Ventas,3,F115,7111,7911,Función,Ninguno,Sin centro de Costos,PLAN DE CUENTAS CONTASIS.xlsx,PLAN DE CUENTAS,2614
6932,SERVICIOS - LOCAL - Servicios Terminados - Costo de Ventas,2,,,,Función,,,PLAN DE CUENTAS CONTASIS.xlsx,PLAN DE CUENTAS,2615
69321,TERCEROS - SERVICIOS - LOCAL - Servicios Terminados - Costo de Ventas,3,F115,7111,7911,Función,Ninguno,Sin centro de Costos,PLAN DE CUENTAS CONTASIS.xlsx,PLAN DE CUENTAS,2616
69322,RELACIONADAS - SERVICIOS - LOCAL - Servicios Terminados - Costo de Ventas,3,F115,7111,7911,Función,Ninguno,Sin centro de Costos,PLAN DE CUENTAS CONTASIS.xlsx,PLAN DE CUENTAS,2617
694,"SUBPRODUCTOS, DESECHOS Y DESPERDICIOS - Costo de Ventas",2,,,,Función,,,PLAN DE CUENTAS CONTASIS.xlsx,PLAN DE CUENTAS,2618
6941,SUBPRODUCTOS  - Costo de Ventas,2,,,,Función,,,PLAN DE CUENTAS CONTASIS.xlsx,PLAN DE CUENTAS,2619
69411,TERCEROS - Subproductos -  - Costo de Ventas,3,F115,7121,7911,Función,Ninguno,Sin centro de Costos,PLAN DE CUENTAS CONTASIS.xlsx,PLAN DE CUENTAS,2620
69412,RELACIONADAS - Subproductos  - Costo de Ventas,3,F115,7121,7911,Función,Ninguno,Sin centro de Costos,PLAN DE CUENTAS CONTASIS.xlsx,PLAN DE CUENTAS,2621
6942,DESECHOS Y DESPERDICIOS  - Costo de Ventas,2,,,,Función,,,PLAN DE CUENTAS CONTASIS.xlsx,PLAN DE CUENTAS,2622
69421,TERCEROS - Desechos y Desperdicios - Costo de Ventas,3,F115,7122,7911,Función,Ninguno,Sin centro de Costos,PLAN DE CUENTAS CONTASIS.xlsx,PLAN DE CUENTAS,2623
69422,RELACIONADAS - Desechos y Desperdicios  - Costo de Ventas,3,F115,7122,7911,Función,Ninguno,Sin centro de Costos,PLAN DE CUENTAS CONTASIS.xlsx,PLAN DE CUENTAS,2624
695,GASTOS POR DESVALORIZACIÓN DE INVENTARIOS  AL COSTO - Costo de Ventas,2,,,,Función,,,PLAN DE CUENTAS CONTASIS.xlsx,PLAN DE CUENTAS,2625
6951,MERCADERÍAS - Gastos Por Desvalorización De Inventarios al Costo  - Costo de Ventas,3,F115,6111020,7911,Función,Ninguno,Sin centro de Costos,PLAN DE CUENTAS CONTASIS.xlsx,PLAN DE CUENTAS,2626
6952,PRODUCTOS TERMINADOS - Gastos Por Desvalorización De Inventarios al Costo  - Costo de Ventas,3,F115,7111,7911,Función,Ninguno,Sin centro de Costos,PLAN DE CUENTAS CONTASIS.xlsx,PLAN DE CUENTAS,2627
6953,"SUBPRODUCTOS, DESECHOS Y DESPERDICIOS - Gastos Por Desvalorización De Inventarios - Costo de Ventas",3,F115,7121,7911,Función,Ninguno,Sin centro de Costos,PLAN DE CUENTAS CONTASIS.xlsx,PLAN DE CUENTAS,2628
6954,PRODUCTOS EN PROCESO - Gastos Por Desvalorización De Inventarios al Costo  - Costo de Ventas,3,F115,713111,7911,Función,Ninguno,Sin centro de Costos,PLAN DE CUENTAS CONTASIS.xlsx,PLAN DE CUENTAS,2629
6955,MATERIAS PRIMAS - Gastos Por Desvalorización De Inventarios al Costo  - Costo de Ventas,3,F115,6121024,7911,Función,Ninguno,Sin centro de Costos,PLAN DE CUENTAS CONTASIS.xlsx,PLAN DE CUENTAS,2630
6956,"MATERIALES AUXILIARES, SUMINISTROS Y REPUESTOS - Gastos por Desvaloriz De Inventarios - Costo Ventas",3,F115,6131025,7911,Función,Ninguno,Sin centro de Costos,PLAN DE CUENTAS CONTASIS.xlsx,PLAN DE CUENTAS,2631
6957,ENVASES Y EMBALAJES - Gastos Por Desvalorización De Inventarios al Costo  - Costo de Ventas,3,F115,6141026,7911,Función,Ninguno,Sin centro de Costos,PLAN DE CUENTAS CONTASIS.xlsx,PLAN DE CUENTAS,2632
6958,EXISTENCIAS POR RECIBIR - Gastos Por Desvalorización De Inventarios al Costo  - Costo de Ventas,3,F115,6111020,7911,Función,Ninguno,Sin centro de Costos,PLAN DE CUENTAS CONTASIS.xlsx,PLAN DE CUENTAS,2633
70,VENTAS,1,,,,Resultado,Ninguno,,PLAN DE CUENTAS CONTASIS.xlsx,PLAN DE CUENTAS,2634
701,MERCADERIAS  - Ventas,2,,,,Resultado,,,PLAN DE CUENTAS CONTASIS.xlsx,PLAN DE CUENTAS,2635
7011,MERCADERIAS  - Ventas de Exportación,2,,,,Resultado,,,PLAN DE CUENTAS CONTASIS.xlsx,PLAN DE CUENTAS,2636
70111,TERCEROS - Mercaderias - Ventas de Exportación,3,F005,,,Resultado,Ninguno,Sin centro de Costos,PLAN DE CUENTAS CONTASIS.xlsx,PLAN DE CUENTAS,2637
70112,RELACIONADAS - Mercaderias - Ventas de Exportación,3,F005,,,Resultado,Ninguno,Sin centro de Costos,PLAN DE CUENTAS CONTASIS.xlsx,PLAN DE CUENTAS,2638
7012,MERCADERIAS - Venta Local,2,,,,Resultado,,,PLAN DE CUENTAS CONTASIS.xlsx,PLAN DE CUENTAS,2639
70121,TERCEROS - Mercaderia -  Venta Local,3,F005,,,Resultado,Ninguno,Sin centro de Costos,PLAN DE CUENTAS CONTASIS.xlsx,PLAN DE CUENTAS,2640
70122,RELACIONADAS  - Mercaderia -  Venta Local,3,F005,,,Resultado,Ninguno,Sin centro de Costos,PLAN DE CUENTAS CONTASIS.xlsx,PLAN DE CUENTAS,2641
702,PRODUCTOS TERMINADOS - Ventas,2,,,,Resultado,,,PLAN DE CUENTAS CONTASIS.xlsx,PLAN DE CUENTAS,2642
7021,PRODUCTOS TERMINADOS - Venta de Exportación,2,,,,Resultado,,,PLAN DE CUENTAS CONTASIS.xlsx,PLAN DE CUENTAS,2643
70211,TERCEROS - Productos Terminados  - Venta de Exportación,3,F005,,,Resultado,Ninguno,Sin centro de Costos,PLAN DE CUENTAS CONTASIS.xlsx,PLAN DE CUENTAS,2644
70212,RELACIONADAS - Productos Terminados  - Venta de Exportación,3,F005,,,Resultado,Ninguno,Sin centro de Costos,PLAN DE CUENTAS CONTASIS.xlsx,PLAN DE CUENTAS,2645
7022,PRODUCTOS  TERMINADOS - Venta Local,2,,,,Resultado,,,PLAN DE CUENTAS CONTASIS.xlsx,PLAN DE CUENTAS,2646
70221,TERCEROS - Productos Terminados - Venta Local,3,F005,,,Resultado,Ninguno,Sin centro de Costos,PLAN DE CUENTAS CONTASIS.xlsx,PLAN DE CUENTAS,2647
70222,RELACIONADAS - Productos Terminados - Venta Local,3,F005,,,Resultado,Ninguno,Sin centro de Costos,PLAN DE CUENTAS CONTASIS.xlsx,PLAN DE CUENTAS,2648
703,SERVICIOS TERMINADOS  - Ventas,2,,,,Resultado,,,PLAN DE CUENTAS CONTASIS.xlsx,PLAN DE CUENTAS,2649
7031,SERVICIOS TERMINADOS - Venta de Exportación,2,,,,Resultado,,,PLAN DE CUENTAS CONTASIS.xlsx,PLAN DE CUENTAS,2650
70311,TERCEROS - Servicios Terminados - Venta de Exportación,3,F005,,,Resultado,Ninguno,Sin centro de Costos,PLAN DE CUENTAS CONTASIS.xlsx,PLAN DE CUENTAS,2651
70312,RELACIONADAS - Servicios Terminados - Venta de Exportación,3,F005,,,Resultado,Ninguno,Sin centro de Costos,PLAN DE CUENTAS CONTASIS.xlsx,PLAN DE CUENTAS,2652
7032,SERVICIOS TERMINADOS - Venta Local,2,,,,Resultado,,,PLAN DE CUENTAS CONTASIS.xlsx,PLAN DE CUENTAS,2653
70321,TERCEROS - Servicios Terminados - Venta Local,3,F005,,,Resultado,Ninguno,Sin centro de Costos,PLAN DE CUENTAS CONTASIS.xlsx,PLAN DE CUENTAS,2654
70322,RELACIONADAS - Servicios Terminados - Venta Local,3,F005,,,Resultado,Ninguno,Sin centro de Costos,PLAN DE CUENTAS CONTASIS.xlsx,PLAN DE CUENTAS,2655
704,"SUBPRODUCTOS, DESECHOS Y DESPERDICIOS  - Ventas",2,,,,Resultado,,,PLAN DE CUENTAS CONTASIS.xlsx,PLAN DE CUENTAS,2656
7041,SUBPRODUCTOS  - Ventas,2,,,,Resultado,,,PLAN DE CUENTAS CONTASIS.xlsx,PLAN DE CUENTAS,2657
70411,TERCEROS - Subproductos - Ventas,3,F005,,,Resultado,Ninguno,Sin centro de Costos,PLAN DE CUENTAS CONTASIS.xlsx,PLAN DE CUENTAS,2658
70412,RELACIONADAS - Subproductos - Ventas,3,F005,,,Resultado,Ninguno,Sin centro de Costos,PLAN DE CUENTAS CONTASIS.xlsx,PLAN DE CUENTAS,2659
7042,DESECHOS Y DESPERDICIOS  - Ventas,2,,,,Resultado,,,PLAN DE CUENTAS CONTASIS.xlsx,PLAN DE CUENTAS,2660
70421,TERCEROS - Desechos y Desperdicios - Ventas,3,F005,,,Resultado,Ninguno,Sin centro de Costos,PLAN DE CUENTAS CONTASIS.xlsx,PLAN DE CUENTAS,2661
70422,RELACIONADAS - Desechos y Desperdicios - Ventas,3,F005,,,Resultado,Ninguno,Sin centro de Costos,PLAN DE CUENTAS CONTASIS.xlsx,PLAN DE CUENTAS,2662
709,DEVOLUCIONES SOBRE VENTAS,2,,,,Resultado,,,PLAN DE CUENTAS CONTASIS.xlsx,PLAN DE CUENTAS,2663
7091,MERCADERIAS - VENTA DE EXPORTACIÓN  - Devoluciones Sobre Ventas,2,,,,Resultado,,,PLAN DE CUENTAS CONTASIS.xlsx,PLAN DE CUENTAS,2664
70911,MERCADERIAS - VENTA DE EXPORTACIÓN - Terceros - Devoluciones Sobre Ventas,3,F005,,,Resultado,Ninguno,Sin centro de Costos,PLAN DE CUENTAS CONTASIS.xlsx,PLAN DE CUENTAS,2665
70912,MERCADERIAS - VENTA DE EXPORTACIÓN - Relacionadas -  Devoluciones Sobre Ventas,3,F005,,,Resultado,Ninguno,Sin centro de Costos,PLAN DE CUENTAS CONTASIS.xlsx,PLAN DE CUENTAS,2666
7092,MERCADERIAS - VENTA  LOCAL  - Devoluciones Sobre Ventas,2,,,,Resultado,,,PLAN DE CUENTAS CONTASIS.xlsx,PLAN DE CUENTAS,2667
70921,MERCADERIAS -  VENTA LOCAL - Terceros - Devoluciones Sobre Ventas,3,F005,,,Resultado,Ninguno,Sin centro de Costos,PLAN DE CUENTAS CONTASIS.xlsx,PLAN DE CUENTAS,2668
70922,MERCADERIAS - VENTA LOCAL - Relacionadas - Devoluciones Sobre Ventas,3,F005,,,Resultado,Ninguno,Sin centro de Costos,PLAN DE CUENTAS CONTASIS.xlsx,PLAN DE CUENTAS,2669
7093,PRODUCTOS TERMINADOS - VENTA DE EXPORTACIÓN  - Devoluciones Sobre Ventas,2,,,,Resultado,,,PLAN DE CUENTAS CONTASIS.xlsx,PLAN DE CUENTAS,2670
70931,PRODUCTOS TERMINADOS -  Venta de Exportación - Terceros - Devoluciones Sobre Ventas,3,F005,,,Resultado,Ninguno,Sin centro de Costos,PLAN DE CUENTAS CONTASIS.xlsx,PLAN DE CUENTAS,2671
70932,PRODUCTOS TERMINADOS - Venta de Exportación - Relacionadas - Devoluciones Sobre Ventas,3,F005,,,Resultado,Ninguno,Sin centro de Costos,PLAN DE CUENTAS CONTASIS.xlsx,PLAN DE CUENTAS,2672
7094,PRODUCTOS TERMINADOS - VENTA LOCAL - Devoluciones Sobre Ventas,2,,,,Resultado,,,PLAN DE CUENTAS CONTASIS.xlsx,PLAN DE CUENTAS,2673
70941,PRODUCTOS TERMINADOS - VENTA LOCAL - Terceros - Devoluciones Sobre Ventas,3,F005,,,Resultado,Ninguno,Sin centro de Costos,PLAN DE CUENTAS CONTASIS.xlsx,PLAN DE CUENTAS,2674
70942,PRODUCTOS TERMINADOS - VENTA LOCAL - Relacionadas - Devoluciones Sobre Ventas,3,F005,,,Resultado,Ninguno,Sin centro de Costos,PLAN DE CUENTAS CONTASIS.xlsx,PLAN DE CUENTAS,2675
7095,INVENTARIOS DE SERVICIOS RECHAZADOS  - Devoluciones Sobre Ventas,2,,,,Resultado,,,PLAN DE CUENTAS CONTASIS.xlsx,PLAN DE CUENTAS,2676
70951,INVENTARIO DE SERVICIOS RECHAZADOS - Terceros - Devoluciones Sobre Ventas,3,F005,,,Resultado,Ninguno,Sin centro de Costos,PLAN DE CUENTAS CONTASIS.xlsx,PLAN DE CUENTAS,2677
70952,INVENTARIO DE SERVICIOS RECHAZADOS - Relacionadas - Devoluciones Sobre Ventas,3,F005,,,Resultado,Ninguno,Sin centro de Costos,PLAN DE CUENTAS CONTASIS.xlsx,PLAN DE CUENTAS,2678
7096,"SUBPRODUCTOS,DESECHOS Y DESPERDICIOS - Devoluciones Sobre Ventas",2,,,,Resultado,,,PLAN DE CUENTAS CONTASIS.xlsx,PLAN DE CUENTAS,2679
70961,"SUBPRODUCTOS,DESECHOS Y DESPERDICIOS -  Terceros - Devoluciones Sobre Ventas",3,F005,,,Resultado,Ninguno,Sin centro de Costos,PLAN DE CUENTAS CONTASIS.xlsx,PLAN DE CUENTAS,2680
70962,"SUBPRODUCTOS,DESECHOS Y DESPERDICIOS - Relacionadas - Devoluciones Sobre Ventas",3,F005,,,Resultado,Ninguno,Sin centro de Costos,PLAN DE CUENTAS CONTASIS.xlsx,PLAN DE CUENTAS,2681
71,VARIACION DE LA PRODUCCION ALMACENADA,1,,,,Naturaleza,Ninguno,,PLAN DE CUENTAS CONTASIS.xlsx,PLAN DE CUENTAS,2682
711,VARIACION DE PRODUCTOS TERMINADOS - Variación de la Producción Almacenada,2,,,,Naturaleza,,,PLAN DE CUENTAS CONTASIS.xlsx,PLAN DE CUENTAS,2683
7111,PRODUCTOS TERMINADOS - Variación de la Producción Almacenada,3,,,,Naturaleza,Ninguno,Sin centro de Costos,PLAN DE CUENTAS CONTASIS.xlsx,PLAN DE CUENTAS,2684
712,VARIACION DE SUBPRODUCTOS DESECHOS Y DESPERDICIOS - Variación de la Producción Almacenada,2,,,,Naturaleza,,,PLAN DE CUENTAS CONTASIS.xlsx,PLAN DE CUENTAS,2685
7121,SUBPRODUCTOS - Variación de la Producción Almacenada,3,,,,Naturaleza,Ninguno,Sin centro de Costos,PLAN DE CUENTAS CONTASIS.xlsx,PLAN DE CUENTAS,2686
7122,DESECHOS Y DESPERDICIOS - Variación de la Producción Almacenada,3,,,,Naturaleza,Ninguno,Sin centro de Costos,PLAN DE CUENTAS CONTASIS.xlsx,PLAN DE CUENTAS,2687
713,VARIACION PRODUCTOS EN PROCESO - Variación de la Producción Almacenada,2,,,,Naturaleza,,,PLAN DE CUENTAS CONTASIS.xlsx,PLAN DE CUENTAS,2688
7131,PRODUCTOS EN PROCESO DE MANUFACTURA - Variación de la Producción Almacenada,2,,,,Naturaleza,,,PLAN DE CUENTAS CONTASIS.xlsx,PLAN DE CUENTAS,2689
71311,PRODUCTOS EN PROCESO DE MANUFACTURA - DIRECTO - Variación de la Producción Almacenada,2,,,,Naturaleza,,,PLAN DE CUENTAS CONTASIS.xlsx,PLAN DE CUENTAS,2690
713111,MATERIALES Y SUMINISTROS - DIRECTO - Variación de la Producción Almacenada,3,,,,Naturaleza,Ninguno,Sin centro de Costos,PLAN DE CUENTAS CONTASIS.xlsx,PLAN DE CUENTAS,2691
713112,MANO DE OBRA - DIRECTO - Variación de la Producción Almacenada,3,,,,Naturaleza,Ninguno,Sin centro de Costos,PLAN DE CUENTAS CONTASIS.xlsx,PLAN DE CUENTAS,2692
713113,OTROS COSTOS - DIRECTO - Variación de la Producción Almacenada,3,,,,Naturaleza,Ninguno,Sin centro de Costos,PLAN DE CUENTAS CONTASIS.xlsx,PLAN DE CUENTAS,2693
71312,PRODUCTOS EN PROCESO DE MANUFACTURA - INDIRECTO - Variación de la Producción Almacenada,2,,,,Naturaleza,,,PLAN DE CUENTAS CONTASIS.xlsx,PLAN DE CUENTAS,2694
713121,MATERIALES Y SUMINISTROS - INDIRECTO - Variación de la Producción Almacenada,3,,,,Naturaleza,Ninguno,Sin centro de Costos,PLAN DE CUENTAS CONTASIS.xlsx,PLAN DE CUENTAS,2695
713122,MANO DE OBRA - INDIRECTO - Variación de la Producción Almacenada,3,,,,Naturaleza,Ninguno,Sin centro de Costos,PLAN DE CUENTAS CONTASIS.xlsx,PLAN DE CUENTAS,2696
713133,OTROS COSTOS DE PRODUCCION - INDIRECTO - Variación de la Producción Almacenada,3,,,,Naturaleza,Ninguno,Sin centro de Costos,PLAN DE CUENTAS CONTASIS.xlsx,PLAN DE CUENTAS,2697
714,VARIACION DE ENVASES Y EMBALAJES - Variación de la Producción Almacenada,2,,,,Naturaleza,,,PLAN DE CUENTAS CONTASIS.xlsx,PLAN DE CUENTAS,2698
7141,ENVASES - Variación de la Producción Almacenada,3,,,,Naturaleza,Ninguno,Sin centro de Costos,PLAN DE CUENTAS CONTASIS.xlsx,PLAN DE CUENTAS,2699
7142,EMBALAJES - Variación de la Producción Almacenada,3,,,,Naturaleza,Ninguno,Sin centro de Costos,PLAN DE CUENTAS CONTASIS.xlsx,PLAN DE CUENTAS,2700
715,VARIACION DE INVENTARIOS DE SERVICIOS - Variación de la Producción Almacenada,2,,,,Naturaleza,,,PLAN DE CUENTAS CONTASIS.xlsx,PLAN DE CUENTAS,2701
7151,INVENTARIOS DE SERVICIOS EN PROCESO - Variación de la Producción Almacenada,3,,,,Naturaleza,Ninguno,Sin centro de Costos,PLAN DE CUENTAS CONTASIS.xlsx,PLAN DE CUENTAS,2702
72,PRODUCCION DE ACTIVO INMOVILIZADO,1,,,,Naturaleza,Ninguno,,PLAN DE CUENTAS CONTASIS.xlsx,PLAN DE CUENTAS,2703
721,PROPIEDADES DE INVERSIÓN - Produccion De Activo Inmovilizado - Propiedades de Inversión,2,,,,Naturaleza,,,PLAN DE CUENTAS CONTASIS.xlsx,PLAN DE CUENTAS,2704
7211,EDIFICACIONES - Produccion De Activo Inmovilizado - Propiedades de Inversión,3,,,,Naturaleza,Ninguno,Sin centro de Costos,PLAN DE CUENTAS CONTASIS.xlsx,PLAN DE CUENTAS,2705
722,"PROPIEDAD, PLANTA Y EQUIPO - Produccion De Activo Inmovilizado",2,,,,Naturaleza,,,PLAN DE CUENTAS CONTASIS.xlsx,PLAN DE CUENTAS,2706
7220,"PLANTA PRODUCTORA - Produción de Activo Inmovilizado - Propiedad, Planta y Equipo",3,,,,Naturaleza,Ninguno,Sin centro de Costos,PLAN DE CUENTAS CONTASIS.xlsx,PLAN DE CUENTAS,2707
7221,"EDIFICIOS - Produción de Activo Inmovilizado - Propiedad, Planta y Equipo",3,,,,Naturaleza,Ninguno,Sin centro de Costos,PLAN DE CUENTAS CONTASIS.xlsx,PLAN DE CUENTAS,2708
7222,"MAQUINARIAS Y OTROS EQUIPOS DE EXPLOTACIÓN - Produción de Activo Inmovilizado - Propiedad, Planta y",3,,,,Naturaleza,Ninguno,Sin centro de Costos,PLAN DE CUENTAS CONTASIS.xlsx,PLAN DE CUENTAS,2709
7223,"UNIDADES DE TRANSPORTE - Produción de Activo Inmovilizado - Propiedad, Planta y Equipo",3,,,,Naturaleza,Ninguno,Sin centro de Costos,PLAN DE CUENTAS CONTASIS.xlsx,PLAN DE CUENTAS,2710
7224,"MUEBLES Y ENSERES - Produción de Activo Inmovilizado - Propiedad, Planta y Equipo",3,,,,Naturaleza,Ninguno,Sin centro de Costos,PLAN DE CUENTAS CONTASIS.xlsx,PLAN DE CUENTAS,2711
7225,"EQUIPOS DIVERSOS - Produción de Activo Inmovilizado - Propiedad, Planta y Equipo",3,,,,Naturaleza,Ninguno,Sin centro de Costos,PLAN DE CUENTAS CONTASIS.xlsx,PLAN DE CUENTAS,2712
723,INTANGIBLES - Produccion De Activo Inmovilizado,2,,,,Naturaleza,,,PLAN DE CUENTAS CONTASIS.xlsx,PLAN DE CUENTAS,2713
7231,PROGRAMAS DE COMPUTADORA (SOFTWARE) - Produccion De Activo Inmovilizado - Intangible,3,,,,Naturaleza,Ninguno,Sin centro de Costos,PLAN DE CUENTAS CONTASIS.xlsx,PLAN DE CUENTAS,2714
7232,COSTOS DE EXPLORACIÓN Y DESARROLLO - Produccion De Activo Inmovilizado - Intangible,3,,,,Naturaleza,Ninguno,Sin centro de Costos,PLAN DE CUENTAS CONTASIS.xlsx,PLAN DE CUENTAS,2715
7233,"FORMULAS, DISEÑOS Y PROTOTIPOS - Produccion De Activo Inmovilizado - Intangible",3,,,,Naturaleza,Ninguno,Sin centro de Costos,PLAN DE CUENTAS CONTASIS.xlsx,PLAN DE CUENTAS,2716
724,ACTIVOS BIOLOGICOS - Produccion De Activo Inmovilizado,2,,,,Naturaleza,,,PLAN DE CUENTAS CONTASIS.xlsx,PLAN DE CUENTAS,2717
7241,ACTIVO BIOLOGICO EN DESARROLLO DE ORIGEN ANIMAL - Produccion De Activo Inmovilizado,3,,,,Naturaleza,Ninguno,Sin centro de Costos,PLAN DE CUENTAS CONTASIS.xlsx,PLAN DE CUENTAS,2718
7242,ACTIVO BIOLOGICO EN DESARROLLO DE ORIGEN VEGETAL - Produccion De Activo Inmovilizado,3,,,,Naturaleza,Ninguno,Sin centro de Costos,PLAN DE CUENTAS CONTASIS.xlsx,PLAN DE CUENTAS,2719
725,COSTOS DE FINANCIACION CAPITALIZADOS,2,,,,Naturaleza,,,PLAN DE CUENTAS CONTASIS.xlsx,PLAN DE CUENTAS,2720
7251,COSTOS DE FINANCIACIÓN - PROPIEDADES DE INVERSIÓN  - Capitalizados - Producción  Activo Inmovilizad,2,,,,Naturaleza,,,PLAN DE CUENTAS CONTASIS.xlsx,PLAN DE CUENTAS,2721
72511,PLANTAS PRODUCTORAS EN DESARROLLO - Costo de Financiación - Propiedades de Inversión - Capitalizados,3,,,,Naturaleza,Ninguno,Sin centro de Costos,PLAN DE CUENTAS CONTASIS.xlsx,PLAN DE CUENTAS,2722
72512,EDIFICACIONES - Costo de Financiación - Propiedades de Inversión - Capitalizados - Prod.  Act. Inm.,3,,,,Naturaleza,Ninguno,Sin centro de Costos,PLAN DE CUENTAS CONTASIS.xlsx,PLAN DE CUENTAS,2723
7252,"COSTOS DE FINANCIACIÓN - PROPIEDAD, PLANTA Y EQUIPO  - Capitalizados - Producción  Activo Inmovil",2,,,,Naturaleza,,,PLAN DE CUENTAS CONTASIS.xlsx,PLAN DE CUENTAS,2724
72521,"PLANTAS PRODUCTORAS EN DESARROLO - Costo de Financiación - Propiedad, Planta Equipo  - Capitalizados",3,,,,Naturaleza,Ninguno,Sin centro de Costos,PLAN DE CUENTAS CONTASIS.xlsx,PLAN DE CUENTAS,2725
72522,EDIFICACIONES - Costo de Financiación - Propiedad Planta Equipo - Capitalizados,3,,,,Naturaleza,Ninguno,Sin centro de Costos,PLAN DE CUENTAS CONTASIS.xlsx,PLAN DE CUENTAS,2726
72523,MAQUINARIAS Y OTROS EQUIPOS DE EXPLOTACIÓN - Costo de Financiación - Prop Planta Equipo - Capitaliza,3,,,,Naturaleza,Ninguno,Sin centro de Costos,PLAN DE CUENTAS CONTASIS.xlsx,PLAN DE CUENTAS,2727
7253,COSTOS DE FINANCIACION - INTANGIBLES  - Capitalizados - Producción  Activo Inmovilizado,2,,,,Naturaleza,,,PLAN DE CUENTAS CONTASIS.xlsx,PLAN DE CUENTAS,2728
72531,COSTOS DE FINANCIACION - INTANGIBLES  - Capitalizados - Producción  Activo Inmovilizado,3,,,,Naturaleza,Ninguno,Sin centro de Costos,PLAN DE CUENTAS CONTASIS.xlsx,PLAN DE CUENTAS,2729
7254,COSTOS DE FINANCIACIÓN - ACTIVOS BIOLÓGICOS EN DESARROLLO - Capitalizados - Producción  Activo Inmov,2,,,,Naturaleza,,,PLAN DE CUENTAS CONTASIS.xlsx,PLAN DE CUENTAS,2730
72541,ACTIVOS BIOLOGICOS DE ORIGEN ANIMAL - Costos De Financiacion - Capitalizados - Prod  Activo Inmovil,3,,,,Naturaleza,Ninguno,Sin centro de Costos,PLAN DE CUENTAS CONTASIS.xlsx,PLAN DE CUENTAS,2731
72542,ACTIVOS BIOLOGICOS DE ORIGEN VEGETAL - Costos De Financiacion - Capitalizados - Prod  Activo Inmovil,3,,,,Naturaleza,Ninguno,Sin centro de Costos,PLAN DE CUENTAS CONTASIS.xlsx,PLAN DE CUENTAS,2732
73,"DESCUENTOS, REBAJAS Y BONIFICACIONES OBTENIDOS",1,,,,Resultado,Ninguno,,PLAN DE CUENTAS CONTASIS.xlsx,PLAN DE CUENTAS,2733
731,"DESCUENTOS, REBAJAS Y BONIFICACIONES OBTENIDOS",2,,,,Resultado,,,PLAN DE CUENTAS CONTASIS.xlsx,PLAN DE CUENTAS,2734
7311,"TERCEROS - Descuentos, Rebajas y Bonificaciones Obtenidos",3,F005,,,Resultado,Ninguno,Sin centro de Costos,PLAN DE CUENTAS CONTASIS.xlsx,PLAN DE CUENTAS,2735
7312,"RELACIONADAS - Descuentos, Rebajas y Bonificaciones Obtenidos",3,F510,,,Resultado,Ninguno,Sin centro de Costos,PLAN DE CUENTAS CONTASIS.xlsx,PLAN DE CUENTAS,2736
74,"DESCUENTOS, REBAJAS Y BONIFICACIONES CONCEDIDOS",1,,,,Resultado,Ninguno,,PLAN DE CUENTAS CONTASIS.xlsx,PLAN DE CUENTAS,2737
741,"DESCUENTOS, REBAJAS Y BONIFICACIONES CONCEDIDOS",2,,,,Resultado,,,PLAN DE CUENTAS CONTASIS.xlsx,PLAN DE CUENTAS,2738
7411,"TERCEROS - Descuentos, Rebajas y Bonificaciones Concedidos",2,,,,Resultado,,,PLAN DE CUENTAS CONTASIS.xlsx,PLAN DE CUENTAS,2739
741120,"TERCEROS - MERCADERIAS - Descuentos, Rebajas y Bonif Concedidos",3,F010,,,Resultado,Ninguno,Sin centro de Costos,PLAN DE CUENTAS CONTASIS.xlsx,PLAN DE CUENTAS,2740
741121,"TERCEROS - PROD TERMINADOS, SUB PROD - Descuentos, Rebajas y Bonif Concedidos",3,F010,,,Resultado,Ninguno,Sin centro de Costos,PLAN DE CUENTAS CONTASIS.xlsx,PLAN DE CUENTAS,2741
7411215,"TERCEROS - SERVICIOS - Descuentos, Rebajas y Bonif Concedidos",3,F010,,,Resultado,Ninguno,Sin centro de Costos,PLAN DE CUENTAS CONTASIS.xlsx,PLAN DE CUENTAS,2742
7412,"RELACIONADAS - Descuentos, Rebajas y Bonificaciones Concedidos",2,,,,Resultado,,,PLAN DE CUENTAS CONTASIS.xlsx,PLAN DE CUENTAS,2743
741220,"RELACIONADAS - MERCADERIAS - Descuentos, Rebajas y Bonif Concedidos",3,F010,,,Resultado,Ninguno,Sin centro de Costos,PLAN DE CUENTAS CONTASIS.xlsx,PLAN DE CUENTAS,2744
741221,"RELACIONADAS - PROD TERMINADOS, SUB PROD - Descuentos, Rebajas y Bonif Concedidos",3,F010,,,Resultado,Ninguno,Sin centro de Costos,PLAN DE CUENTAS CONTASIS.xlsx,PLAN DE CUENTAS,2745
7412215,"RELACIONADAS - SERVICIOS - Descuentos, Rebajas y Bonif Concedidos",3,F010,,,Resultado,Ninguno,Sin centro de Costos,PLAN DE CUENTAS CONTASIS.xlsx,PLAN DE CUENTAS,2746
75,OTROS INGRESOS DE GESTION,1,,,,Resultado,Ninguno,,PLAN DE CUENTAS CONTASIS.xlsx,PLAN DE CUENTAS,2747
751,SERVICIOS EN BENEFICIO DEL PERSONAL  - Otros ingresos de gestión,2,,,,Resultado,,,PLAN DE CUENTAS CONTASIS.xlsx,PLAN DE CUENTAS,2748
7511,SERVICIOS EN BENEFICIO DEL PERSONAL - Otros ingresos de gestión,3,F510,,,Resultado,Ninguno,Sin centro de Costos,PLAN DE CUENTAS CONTASIS.xlsx,PLAN DE CUENTAS,2749
752,COMISIONES Y CORRETAJES  - Otros ingresos de gestión,2,,,,Resultado,,,PLAN DE CUENTAS CONTASIS.xlsx,PLAN DE CUENTAS,2750
7521,COMISIONES Y CORRETAJES - Otros ingresos de gestión,3,F510,,,Resultado,Ninguno,Sin centro de Costos,PLAN DE CUENTAS CONTASIS.xlsx,PLAN DE CUENTAS,2751
753,REGALIAS  - Otros ingresos de gestión,2,,,,Resultado,,,PLAN DE CUENTAS CONTASIS.xlsx,PLAN DE CUENTAS,2752
7531,REGALIAS - Otros ingresos de gestión,3,F510,,,Resultado,Ninguno,Sin centro de Costos,PLAN DE CUENTAS CONTASIS.xlsx,PLAN DE CUENTAS,2753
754,ALQUILERES  - Otros ingresos de gestión,2,,,,Resultado,,,PLAN DE CUENTAS CONTASIS.xlsx,PLAN DE CUENTAS,2754
7540,PLANTAS PRODUCTORAS - Alquileres - Otros ingresos de Gestión,3,F510,,,Resultado,Ninguno,Sin centro de Costos,PLAN DE CUENTAS CONTASIS.xlsx,PLAN DE CUENTAS,2755
7541,TERRENOS - Alquileres - Otros ingresos de Gestión,3,F510,,,Resultado,Ninguno,Sin centro de Costos,PLAN DE CUENTAS CONTASIS.xlsx,PLAN DE CUENTAS,2756
7542,EDIFICACIONES - Alquileres - Otros ingresos de gestión,3,F510,,,Resultado,Ninguno,Sin centro de Costos,PLAN DE CUENTAS CONTASIS.xlsx,PLAN DE CUENTAS,2757
7543,MAQUINARIAS Y EQUIPOS DE EXPLOTACION - Alquileres - Otros ingresos de gestión,3,F510,,,Resultado,Ninguno,Sin centro de Costos,PLAN DE CUENTAS CONTASIS.xlsx,PLAN DE CUENTAS,2758
7544,UNIDADES DE TRANSPORTE - Alquileres - Otros ingresos de gestión,3,F510,,,Resultado,Ninguno,Sin centro de Costos,PLAN DE CUENTAS CONTASIS.xlsx,PLAN DE CUENTAS,2759
7545,EQUIPOS DIVERSOS - Alquileres - Otros ingresos de gestión,3,F510,,,Resultado,Ninguno,Sin centro de Costos,PLAN DE CUENTAS CONTASIS.xlsx,PLAN DE CUENTAS,2760
755,RECUPERACION DE CUENTAS DE VALUACION  - Otros ingresos de gestión,2,,,,Resultado,,,PLAN DE CUENTAS CONTASIS.xlsx,PLAN DE CUENTAS,2761
7551,RECUPERACIÓN - CUENTAS DE COBRANZA DUDOSA - Otros ingresos de gestión,3,F510,,,Resultado,Ninguno,Sin centro de Costos,PLAN DE CUENTAS CONTASIS.xlsx,PLAN DE CUENTAS,2762
7552,RECUPERACIÓN - DESVALORIZACIÓN DE INVENTARIOS - Otros ingresos de gestión,3,F510,,,Resultado,Ninguno,Sin centro de Costos,PLAN DE CUENTAS CONTASIS.xlsx,PLAN DE CUENTAS,2763
7553,RECUPERACIÓN - DESVALORIZACIÓN DE INVERSIONES MOBILIARIAS - Otros ingresos de gestión,3,F510,,,Resultado,Ninguno,Sin centro de Costos,PLAN DE CUENTAS CONTASIS.xlsx,PLAN DE CUENTAS,2764
756,ENAJENACION DE ACTIVOS INMOVILIZADOS  - Otros ingresos de gestión,2,,,,Resultado,,,PLAN DE CUENTAS CONTASIS.xlsx,PLAN DE CUENTAS,2765
7561,INVERSIONES MOBILIARIAS - Enajenación De Activos Inmovilizados - Otros Ingresos de Gestión,3,F520,,,Resultado,Ninguno,Sin centro de Costos,PLAN DE CUENTAS CONTASIS.xlsx,PLAN DE CUENTAS,2766
7562,PROPIEDADES DE INVERSIÓN - Enajenación De Activos Inmovilizados - Otros Ingresos de Gestión,3,F520,,,Resultado,Ninguno,Sin centro de Costos,PLAN DE CUENTAS CONTASIS.xlsx,PLAN DE CUENTAS,2767
7563,ACTIVOS ADQUIRIDOS EN ARREND. FINANC. - Enajenación De Activos Inmovilizados - Otros Ingresos de Ges,3,F520,,,Resultado,Ninguno,Sin centro de Costos,PLAN DE CUENTAS CONTASIS.xlsx,PLAN DE CUENTAS,2768
7564,"PROPIEDAD, PLANTA Y EQUIPO - Enajenación De Activos Inmovilizados - Otros Ingresos de Gestión",3,F520,,,Resultado,Ninguno,Sin centro de Costos,PLAN DE CUENTAS CONTASIS.xlsx,PLAN DE CUENTAS,2769
7565,INTANGIBLES - Enajenación De Activos Inmovilizados - Otros Ingresos de Gestión,3,F520,,,Resultado,Ninguno,Sin centro de Costos,PLAN DE CUENTAS CONTASIS.xlsx,PLAN DE CUENTAS,2770
7566,ACTIVOS BIOLOGICOS - Enajenación De Activos Inmovilizados - Otros Ingresos de Gestión,3,F520,,,Resultado,Ninguno,Sin centro de Costos,PLAN DE CUENTAS CONTASIS.xlsx,PLAN DE CUENTAS,2771
757,RECUPERACIÓN DE DETERIORO DE CUENTAS DE ACTIVO INMOVILIZADO  - Otros ingresos de gestión,2,,,,Resultado,,,PLAN DE CUENTAS CONTASIS.xlsx,PLAN DE CUENTAS,2772
7571,RECUPERACIÓN DE DETERIORO DE PROPIEDADES DE INVERSIÓN - Activ. Inmov. - Otros Ing. De Gestión,3,F510,,,Resultado,Ninguno,Sin centro de Costos,PLAN DE CUENTAS CONTASIS.xlsx,PLAN DE CUENTAS,2773
7572,"RECUPERACIÓN DE DETERIORO DE PROPIEDAD, PLANTA Y EQUIPO - Activ. Inmov. - Otros Ing. De Gestión",3,F510,,,Resultado,Ninguno,Sin centro de Costos,PLAN DE CUENTAS CONTASIS.xlsx,PLAN DE CUENTAS,2774
7573,RECUPERACIÓN DE DETERIORO DE INTANGIBLES - Activ. Inmov. - Otros Ing. De Gestión,3,F510,,,Resultado,Ninguno,Sin centro de Costos,PLAN DE CUENTAS CONTASIS.xlsx,PLAN DE CUENTAS,2775
7574,RECUPERACIÓN DE DETERIORO DE ACTIVOS BIOLÓGICOS - Activ. Inmov. - Otros Ing. De Gestión,3,F510,,,Resultado,Ninguno,Sin centro de Costos,PLAN DE CUENTAS CONTASIS.xlsx,PLAN DE CUENTAS,2776
759,OTROS INGRESOS DE GESTION,2,,,,Resultado,,,PLAN DE CUENTAS CONTASIS.xlsx,PLAN DE CUENTAS,2777
7591,SUBSIDIOS GUBERNAMENTALES - Otros Ingresos de Gestión,3,F510,,,Resultado,Ninguno,Sin centro de Costos,PLAN DE CUENTAS CONTASIS.xlsx,PLAN DE CUENTAS,2778
7592,RECLAMOS AL SEGURO - Otros Ingresos de Gestión,3,F510,,,Resultado,Ninguno,Sin centro de Costos,PLAN DE CUENTAS CONTASIS.xlsx,PLAN DE CUENTAS,2779
7593,DONACIONES - Otros Ingresos de Gestión,3,F510,,,Resultado,Ninguno,Sin centro de Costos,PLAN DE CUENTAS CONTASIS.xlsx,PLAN DE CUENTAS,2780
7594,DEVOLUCIONES TRIBUTARIAS - Otros Ingresos de Gestión,3,F510,,,Resultado,Ninguno,Sin centro de Costos,PLAN DE CUENTAS CONTASIS.xlsx,PLAN DE CUENTAS,2781
7599,OTROS INGRESOS DE GESTIÓN - Otros Ingresos de Gestión,3,F510,,,Resultado,Ninguno,Sin centro de Costos,PLAN DE CUENTAS CONTASIS.xlsx,PLAN DE CUENTAS,2782
76,GANANCIA POR MEDICIÓN DE ACTIVOS NO FINANCIEROS AL VALOR RAZONABLE,1,,,,Resultado,,,PLAN DE CUENTAS CONTASIS.xlsx,PLAN DE CUENTAS,2783
761,ACTIVO REALIZABLE - Ganancia por Medición de Activos no Financieros al Valor Razonable,2,,,,Resultado,,,PLAN DE CUENTAS CONTASIS.xlsx,PLAN DE CUENTAS,2784
7611,MERCADERIAS - Ganancia por Medición de Activos no Financieros al Valor Razonable,3,F510,,,Resultado,Ninguno,Sin centro de Costos,PLAN DE CUENTAS CONTASIS.xlsx,PLAN DE CUENTAS,2785
7612,PRODUCTOS EN PROCESO  - Ganancia por Medición de Activos no Financieros al Valor Razonable,3,F510,,,Resultado,Ninguno,Sin centro de Costos,PLAN DE CUENTAS CONTASIS.xlsx,PLAN DE CUENTAS,2786
7613,ACTIVOS NO CORRIENTES MANTENIDAS PARA LA VENTA  - Activo Realizable,2,,,,Resultado,,,PLAN DE CUENTAS CONTASIS.xlsx,PLAN DE CUENTAS,2787
76131,PROPIEDADES DE INVERSIÓN - Activo Realizable - Activos No Corrientes Mantenidos Para La Venta,3,F510,,,Resultado,Ninguno,Sin centro de Costos,PLAN DE CUENTAS CONTASIS.xlsx,PLAN DE CUENTAS,2788
76132,"PROPIEDAD, PLANTA Y EQUIPO  - Activo Realizable - Activos No Corrientes Mantenidos Para La Venta",3,F510,,,Resultado,Ninguno,Sin centro de Costos,PLAN DE CUENTAS CONTASIS.xlsx,PLAN DE CUENTAS,2789
76133,INTANGIBLES  - Activo Realizable - Activos No Corrientes Mantenidos Para La Venta,3,F510,,,Resultado,Ninguno,Sin centro de Costos,PLAN DE CUENTAS CONTASIS.xlsx,PLAN DE CUENTAS,2790
76134,ACTIVOS BIOLÓGICOS  - Activo Realizable - Activos No Corrientes Mantenidos Para La Venta,3,F510,,,Resultado,Ninguno,Sin centro de Costos,PLAN DE CUENTAS CONTASIS.xlsx,PLAN DE CUENTAS,2791
762,ACTIVO INMOVILIZADO  - Ganancia por Medición de Activos no Financieros al Valor Razonable,2,,,,Resultado,,,PLAN DE CUENTAS CONTASIS.xlsx,PLAN DE CUENTAS,2792
7621,PROPIEDADES DE INVERSIÓN - Activo Inmovilizado  - Ganancia por Medicion a valor Razonable,3,F510,,,Resultado,Ninguno,Sin centro de Costos,PLAN DE CUENTAS CONTASIS.xlsx,PLAN DE CUENTAS,2793
7622,ACTIVOS BIOLOGICOS - Activo Inmovilizado - Ganancia por Medicion a valor Razonable,3,F510,,,Resultado,Ninguno,Sin centro de Costos,PLAN DE CUENTAS CONTASIS.xlsx,PLAN DE CUENTAS,2794
77,INGRESOS FINANCIEROS,1,,,,Resultado,Ninguno,,PLAN DE CUENTAS CONTASIS.xlsx,PLAN DE CUENTAS,2795
771,GANANCIA POR INSTRUMENTO FINANCIERO DERIVADO - Ingresos Financieros,2,,,,Resultado,,,PLAN DE CUENTAS CONTASIS.xlsx,PLAN DE CUENTAS,2796
7711,GANANCIA POR INSTRUMENTO FINANCIERO DERIVADO - Ingresos Financieros,3,F505,,,Resultado,Ninguno,Sin centro de Costos,PLAN DE CUENTAS CONTASIS.xlsx,PLAN DE CUENTAS,2797
772,RENDIMIENTOS GANADOS - Ingresos Financieros,2,,,,Resultado,,,PLAN DE CUENTAS CONTASIS.xlsx,PLAN DE CUENTAS,2798
7721,DEPOSITOS EN INSTITUCIONES FINANCIERAS - Rendimientos Ganados - Ingresos Financieros,3,F505,,,Resultado,Ninguno,Sin centro de Costos,PLAN DE CUENTAS CONTASIS.xlsx,PLAN DE CUENTAS,2799
7722,CUENTAS POR COBRAR COMERCIALES - Rendimientos Ganados - Ingresos Financieros,3,F505,,,Resultado,Ninguno,Sin centro de Costos,PLAN DE CUENTAS CONTASIS.xlsx,PLAN DE CUENTAS,2800
7723,PRESTAMOS OTORGADOS - Rendimientos Ganados - Ingresos Financieros,3,F505,,,Resultado,Ninguno,Sin centro de Costos,PLAN DE CUENTAS CONTASIS.xlsx,PLAN DE CUENTAS,2801
7724,INVERSIONES A SER MANTENIDAS HASTA EL VENCIMIENTO - Rendimientos Ganados - Ingresos Financieros,3,F505,,,Resultado,Ninguno,Sin centro de Costos,PLAN DE CUENTAS CONTASIS.xlsx,PLAN DE CUENTAS,2802
7725,INSTRUMENTOS FINANCIEROS REPRESENTIVOS DE DERECHO PATRIMONIAL - Rendimientos Ganados - Ingresos Fina,3,F505,,,Resultado,Ninguno,Sin centro de Costos,PLAN DE CUENTAS CONTASIS.xlsx,PLAN DE CUENTAS,2803
773,DIVIDENDOS - Ingresos Financieros,2,,,,Resultado,,,PLAN DE CUENTAS CONTASIS.xlsx,PLAN DE CUENTAS,2804
7731,DIVIDENDOS - Ingresos Financieros,3,F505,,,Resultado,Ninguno,Sin centro de Costos,PLAN DE CUENTAS CONTASIS.xlsx,PLAN DE CUENTAS,2805
774,INGRESOS EN OPERACIONES DE FACTORAJE (FACTORING) - Ingresos Financieros,2,,,,Resultado,,,PLAN DE CUENTAS CONTASIS.xlsx,PLAN DE CUENTAS,2806
7741,INGRESOS EN OPERACIONES DE FACTORAJE (FACTORING) - Ingresos Financieros,3,F505,,,Resultado,Ninguno,Sin centro de Costos,PLAN DE CUENTAS CONTASIS.xlsx,PLAN DE CUENTAS,2807
775,DESCUENTOS OBTENIDOS POR PRONTO PAGO - Ingresos Financieros,2,,,,Resultado,,,PLAN DE CUENTAS CONTASIS.xlsx,PLAN DE CUENTAS,2808
7751,DESCUENTOS OBTENIDOS POR PRONTO PAGO - Ingresos Financieros,3,F505,,,Resultado,Ninguno,Sin centro de Costos,PLAN DE CUENTAS CONTASIS.xlsx,PLAN DE CUENTAS,2809
776,DIFERENCIA EN CAMBIO - Ingresos Financieros,2,,,,Resultado,,,PLAN DE CUENTAS CONTASIS.xlsx,PLAN DE CUENTAS,2810
7761,DIFERENCIA EN CAMBIO - Ingresos Financieros,3,F505,,,Resultado,Ninguno,Sin centro de Costos,PLAN DE CUENTAS CONTASIS.xlsx,PLAN DE CUENTAS,2811
777,GANANCIA POR MEDICION DE ACTIVOS Y PASIVOS FINANCIEROS AL VALOR RAZONABLE - Ingresos Financieros,2,,,,Resultado,,,PLAN DE CUENTAS CONTASIS.xlsx,PLAN DE CUENTAS,2812
7771,INVERSIONES MANTENIDAS PARA NEGOCIACIÓN - Ganan. Por medición de Act. y Pas. Financieros al V.R.,3,F505,,,Resultado,Ninguno,Sin centro de Costos,PLAN DE CUENTAS CONTASIS.xlsx,PLAN DE CUENTAS,2813
7772,INVERSIONES DISPONIBLES PARA LA VENTA - Ganan. Por medición de Act. y Pas. Financieros al V.R.,3,F505,,,Resultado,Ninguno,Sin centro de Costos,PLAN DE CUENTAS CONTASIS.xlsx,PLAN DE CUENTAS,2814
7773,OTRAS - Ganancias Por medición de Activos y Pasivos Financieros al Valor Razonable,3,F505,,,Resultado,Ninguno,Sin centro de Costos,PLAN DE CUENTAS CONTASIS.xlsx,PLAN DE CUENTAS,2815
778,PARTICIPACIÓN EN RESULTADOS DE ENTIDADES RELACIONADAS - Ingresos Financieros,2,,,,Resultado,,,PLAN DE CUENTAS CONTASIS.xlsx,PLAN DE CUENTAS,2816
7781,PARTICIPACIÓN EN LOS RESULTADOS DE SUBSIDIARIAS Y ASOCIADAS BAJO EL MÉTODO DEL VALOR PATRIMONIAL,3,F505,,,Resultado,Ninguno,Sin centro de Costos,PLAN DE CUENTAS CONTASIS.xlsx,PLAN DE CUENTAS,2817
7782,INGRESOS POR PARTICIPACIONES EN NEGOCIOS CONJUNTOS,3,F505,,,Resultado,Ninguno,Sin centro de Costos,PLAN DE CUENTAS CONTASIS.xlsx,PLAN DE CUENTAS,2818
779,OTROS INGRESOS FINANCIEROS,2,,,,Resultado,,,PLAN DE CUENTAS CONTASIS.xlsx,PLAN DE CUENTAS,2819
7792,INGRESOS FINANCIEROS EN MEDICIÓN A VALOR DESCONTADO,3,F505,,,Resultado,Ninguno,Sin centro de Costos,PLAN DE CUENTAS CONTASIS.xlsx,PLAN DE CUENTAS,2820
78,CARGAS CUBIERTAS POR PROVISIONES,1,,,,Mayor,Ninguno,,PLAN DE CUENTAS CONTASIS.xlsx,PLAN DE CUENTAS,2821
781,CARGAS CUBIERTAS POR PROVISIONES,2,,,,Mayor,,,PLAN DE CUENTAS CONTASIS.xlsx,PLAN DE CUENTAS,2822
7811,CARGAS CUBIERTAS POR PROVISIONES,3,,,,Mayor,Ninguno,Sin centro de Costos,PLAN DE CUENTAS CONTASIS.xlsx,PLAN DE CUENTAS,2823
79,CARGAS IMPUTABLES A CUENTAS DE COSTOS Y GASTOS,1,,,,Mayor,Ninguno,,PLAN DE CUENTAS CONTASIS.xlsx,PLAN DE CUENTAS,2824
791,CARGAS IMPUTABLES A CUENTAS DE COSTOS Y GASTOS,2,,,,Mayor,,,PLAN DE CUENTAS CONTASIS.xlsx,PLAN DE CUENTAS,2825
7911,CARGAS IMPUTABLES A CUENTAS DE COSTOS Y GASTOS,3,,,,Mayor,Ninguno,Sin centro de Costos,PLAN DE CUENTAS CONTASIS.xlsx,PLAN DE CUENTAS,2826
792,GASTOS FINANCIEROS IMPUTABLES A CUENTAS DE EXISTENCIAS,2,,,,Mayor,,,PLAN DE CUENTAS CONTASIS.xlsx,PLAN DE CUENTAS,2827
7921,GASTOS FINANCIEROS IMPUTABLES A CUENTAS DE INVENTARIOS,3,,,,Mayor,Ninguno,Sin centro de Costos,PLAN DE CUENTAS CONTASIS.xlsx,PLAN DE CUENTAS,2828
80,MARGEN COMERCIAL,1,,,,Mayor,Ninguno,,PLAN DE CUENTAS CONTASIS.xlsx,PLAN DE CUENTAS,2829
801,MARGEN COMERCIAL,2,,,,Mayor,,,PLAN DE CUENTAS CONTASIS.xlsx,PLAN DE CUENTAS,2830
8011,MARGEN COMERCIAL,3,,,,Mayor,Ninguno,Sin centro de Costos,PLAN DE CUENTAS CONTASIS.xlsx,PLAN DE CUENTAS,2831
81,PRODUCCION DEL EJERCICIO,1,,,,Mayor,Ninguno,,PLAN DE CUENTAS CONTASIS.xlsx,PLAN DE CUENTAS,2832
811,PRODUCCION DE BIENES,2,,,,Mayor,,,PLAN DE CUENTAS CONTASIS.xlsx,PLAN DE CUENTAS,2833
8111,PRODUCCION DE BIENES,3,,,,Mayor,Ninguno,Sin centro de Costos,PLAN DE CUENTAS CONTASIS.xlsx,PLAN DE CUENTAS,2834
812,PRODUCCION DE SERVICIOS,2,,,,Mayor,,,PLAN DE CUENTAS CONTASIS.xlsx,PLAN DE CUENTAS,2835
8121,PRODUCCION DE SERVICIOS,3,,,,Mayor,Ninguno,Sin centro de Costos,PLAN DE CUENTAS CONTASIS.xlsx,PLAN DE CUENTAS,2836
813,PRODUCCION DE ACTIVO INMOVILIZADO,2,,,,Mayor,,,PLAN DE CUENTAS CONTASIS.xlsx,PLAN DE CUENTAS,2837
8131,PRODUCCION DE ACTIVO INMOVILIZADO,3,,,,Mayor,Ninguno,Sin centro de Costos,PLAN DE CUENTAS CONTASIS.xlsx,PLAN DE CUENTAS,2838
82,VALOR AGREGADO,1,,,,Mayor,Ninguno,,PLAN DE CUENTAS CONTASIS.xlsx,PLAN DE CUENTAS,2839
821,VALOR AGREGADO,2,,,,Mayor,,,PLAN DE CUENTAS CONTASIS.xlsx,PLAN DE CUENTAS,2840
8211,VALOR AGREGADO,3,,,,Mayor,Ninguno,Sin centro de Costos,PLAN DE CUENTAS CONTASIS.xlsx,PLAN DE CUENTAS,2841
83,EXCEDENTE BRUTO (INSUFICIENCIA BRUTA) DE EXPLOTACIÓN,1,,,,Mayor,Ninguno,,PLAN DE CUENTAS CONTASIS.xlsx,PLAN DE CUENTAS,2842
831,EXCEDENTE BRUTO (INSUFICIENCIA BRUTA) DE EXPLOTACIÓN,2,,,,Mayor,,,PLAN DE CUENTAS CONTASIS.xlsx,PLAN DE CUENTAS,2843
8311,EXCEDENTE BRUTO (INSUFICIENCIA BRUTA) DE EXPLOTACIÓN,3,,,,Mayor,Ninguno,Sin centro de Costos,PLAN DE CUENTAS CONTASIS.xlsx,PLAN DE CUENTAS,2844
84,RESULTADO DE EXPLOTACION,1,,,,Mayor,Ninguno,,PLAN DE CUENTAS CONTASIS.xlsx,PLAN DE CUENTAS,2845
841,RESULTADO DE EXPLOTACION,2,,,,Mayor,,,PLAN DE CUENTAS CONTASIS.xlsx,PLAN DE CUENTAS,2846
8411,RESULTADO DE EXPLOTACION,3,,,,Mayor,Ninguno,Sin centro de Costos,PLAN DE CUENTAS CONTASIS.xlsx,PLAN DE CUENTAS,2847
85,RESULTADO ANTES DE PARTICIPACIONES E IMPUESTOS,1,,,,Mayor,Ninguno,,PLAN DE CUENTAS CONTASIS.xlsx,PLAN DE CUENTAS,2848
851,RESULTADO ANTES DE IMPUESTOS A LAS GANANCIAS,2,,,,Mayor,,,PLAN DE CUENTAS CONTASIS.xlsx,PLAN DE CUENTAS,2849
8511,RESULTADO ANTES DE IMPUESTOS A LAS GANANCIAS,3,,,,Mayor,Ninguno,Sin centro de Costos,PLAN DE CUENTAS CONTASIS.xlsx,PLAN DE CUENTAS,2850
88,IMPUESTO A LA RENTA,1,,,,Resultado,Ninguno,,PLAN DE CUENTAS CONTASIS.xlsx,PLAN DE CUENTAS,2851
881,IMPUESTO A LAS GANANCIAS - CORRIENTE,3,,,,Resultado,Ninguno,Sin centro de Costos,PLAN DE CUENTAS CONTASIS.xlsx,PLAN DE CUENTAS,2852
882,IMPUESTO  A LAS GANANCIAS - DIFERIDO,3,F705,,,Resultado,Ninguno,Sin centro de Costos,PLAN DE CUENTAS CONTASIS.xlsx,PLAN DE CUENTAS,2853
89,DETERMINACION DEL RESULTADO DEL EJERCICIO,1,,,,Resultado,Ninguno,,PLAN DE CUENTAS CONTASIS.xlsx,PLAN DE CUENTAS,2854
891,UTILIDAD,3,,,,Resultado,Ninguno,Sin centro de Costos,PLAN DE CUENTAS CONTASIS.xlsx,PLAN DE CUENTAS,2855
892,PERDIDA,3,,,,Resultado,Ninguno,Sin centro de Costos,PLAN DE CUENTAS CONTASIS.xlsx,PLAN DE CUENTAS,2856
90,COSTOS DE PRODUCCION,1,,,,Mayor,Ninguno,,PLAN DE CUENTAS CONTASIS.xlsx,PLAN DE CUENTAS,2857
901,COSTOS DE PRODUCCION - DIRECTOS,2,,,,Mayor,,,PLAN DE CUENTAS CONTASIS.xlsx,PLAN DE CUENTAS,2858
9011,MATERIALES Y SUMINISTROS - DIRECTOS,3,,,,Mayor,Ninguno,Sin centro de Costos,PLAN DE CUENTAS CONTASIS.xlsx,PLAN DE CUENTAS,2859
9012,MANO DE OBRA - DIRECTA,3,,,,Mayor,Ninguno,Sin centro de Costos,PLAN DE CUENTAS CONTASIS.xlsx,PLAN DE CUENTAS,2860
9013,OTROS COSTOS DE PRODUCCION - DIRECTOS,3,,,,Mayor,Ninguno,Sin centro de Costos,PLAN DE CUENTAS CONTASIS.xlsx,PLAN DE CUENTAS,2861
902,COSTOS DE PRODUCCION - INDIRECTOS,2,,,,Mayor,,,PLAN DE CUENTAS CONTASIS.xlsx,PLAN DE CUENTAS,2862
9021,MATERIALES Y SUMINISTROS - INDIRECTOS,3,,,,Mayor,Ninguno,Sin centro de Costos,PLAN DE CUENTAS CONTASIS.xlsx,PLAN DE CUENTAS,2863
9022,MANO DE OBRA - INDIRECTA,3,,,,Mayor,Ninguno,Sin centro de Costos,PLAN DE CUENTAS CONTASIS.xlsx,PLAN DE CUENTAS,2864
9023,OTROS COSTOS DE PRODUCCION - INDIRECTOS,3,,,,Mayor,Ninguno,Sin centro de Costos,PLAN DE CUENTAS CONTASIS.xlsx,PLAN DE CUENTAS,2865
91,COSTOS DE PRODUCCION INDIRECTOS,1,,,,Mayor,,,PLAN DE CUENTAS CONTASIS.xlsx,PLAN DE CUENTAS,2866
911,COSTOS DE PRODUCCION - INDIRECTOS,2,,,,Mayor,,,PLAN DE CUENTAS CONTASIS.xlsx,PLAN DE CUENTAS,2867
9111,MATERIALES Y SUMINISTROS - INDIRECTOS,3,,,,Mayor,Ninguno,Sin centro de Costos,PLAN DE CUENTAS CONTASIS.xlsx,PLAN DE CUENTAS,2868
9112,MANO DE OBRA - INDIRECTA,3,,,,Mayor,Ninguno,Sin centro de Costos,PLAN DE CUENTAS CONTASIS.xlsx,PLAN DE CUENTAS,2869
9113,OTROS COSTROS DE PRODUCCION - INDIRECTOS,3,,,,Mayor,Ninguno,Sin centro de Costos,PLAN DE CUENTAS CONTASIS.xlsx,PLAN DE CUENTAS,2870
93,COSTO DIRECTO DE SERVICIOS,1,,,,Función,Ninguno,,PLAN DE CUENTAS CONTASIS.xlsx,PLAN DE CUENTAS,2871
931,COSTO DIRECTO DE SERVICIOS,2,,,,Función,,,PLAN DE CUENTAS CONTASIS.xlsx,PLAN DE CUENTAS,2872
9311,COSTO DIRECTO DE SERVICIOS,3,F115,,,Función,Ninguno,Sin centro de Costos,PLAN DE CUENTAS CONTASIS.xlsx,PLAN DE CUENTAS,2873
94,GASTOS ADMINISTRATIVOS,1,,,,Función,Ninguno,,PLAN DE CUENTAS CONTASIS.xlsx,PLAN DE CUENTAS,2874
941,GASTOS ADMINISTRATIVOS,2,,,,Función,,,PLAN DE CUENTAS CONTASIS.xlsx,PLAN DE CUENTAS,2875
9411,GASTOS ADMINISTRATIVOS,3,F210,,,Función,Ninguno,Sin centro de Costos,PLAN DE CUENTAS CONTASIS.xlsx,PLAN DE CUENTAS,2876
95,GASTOS DE VENTAS,1,,,,Función,Ninguno,,PLAN DE CUENTAS CONTASIS.xlsx,PLAN DE CUENTAS,2877
951,GASTOS DE VENTA,2,,,,Función,,,PLAN DE CUENTAS CONTASIS.xlsx,PLAN DE CUENTAS,2878
9511,GASTOS DE VENTA,3,F205,,,Función,Ninguno,Sin centro de Costos,PLAN DE CUENTAS CONTASIS.xlsx,PLAN DE CUENTAS,2879
97,GASTOS FINANCIEROS,1,,,,Función,Ninguno,,PLAN DE CUENTAS CONTASIS.xlsx,PLAN DE CUENTAS,2880
971,GASTOS FINANCIEROS,2,,,,Función,,,PLAN DE CUENTAS CONTASIS.xlsx,PLAN DE CUENTAS,2881
9711,GASTOS FINANCIEROS,3,F502,,,Función,Ninguno,Sin centro de Costos,PLAN DE CUENTAS CONTASIS.xlsx,PLAN DE CUENTAS,2882
